seed,network,num_resources,availability_probability,suitability_probability,secondary_classes_overlap,maximum_assignments,quantity_integral,quantity_fractional_variable_count,quantity_maximum_fractionality,quality_integral,quality_fractional_variable_count,quality_maximum_fractionality
0,33,4,0.3,0.3,True,4,True,0,0.0,True,0,0.0
1,33,4,0.3,0.3,True,4,True,0,0.0,True,0,0.0
2,33,4,0.3,0.3,False,4,True,0,0.0,True,0,0.0
3,33,4,0.3,0.3,True,4,True,0,0.0,True,0,0.0
4,33,4,0.3,0.3,True,4,True,0,0.0,True,0,0.0
5,33,4,0.3,0.3,True,4,True,0,0.0,True,0,0.0
6,33,4,0.3,0.3,True,4,True,0,0.0,True,0,0.0
7,33,4,0.3,0.3,True,4,True,0,0.0,True,0,0.0
8,33,4,0.3,0.3,True,4,True,0,0.0,True,0,0.0
9,33,4,0.3,0.3,True,4,True,0,0.0,True,0,0.0
10,33,4,0.3,0.3,True,4,True,0,0.0,True,0,0.0
11,33,4,0.3,0.3,True,4,True,0,0.0,True,0,0.0
12,33,4,0.3,0.3,True,4,True,0,0.0,True,0,0.0
13,33,4,0.3,0.3,True,4,True,0,0.0,True,0,0.0
14,33,4,0.3,0.3,True,4,True,0,0.0,True,0,0.0
15,33,4,0.3,0.3,True,4,True,0,0.0,True,0,0.0
16,33,4,0.3,0.3,True,4,True,0,0.0,True,0,0.0
17,33,4,0.3,0.3,True,4,True,0,0.0,True,0,0.0
18,33,4,0.3,0.3,True,4,True,0,0.0,True,0,0.0
19,33,4,0.3,0.3,True,4,True,0,0.0,True,0,0.0
20,33,4,0.3,0.3,True,4,True,0,0.0,True,0,0.0
21,33,4,0.3,0.3,True,4,True,0,0.0,True,0,0.0
22,33,4,0.3,0.3,False,4,True,0,0.0,True,0,0.0
23,33,4,0.3,0.3,True,4,True,0,0.0,True,0,0.0
24,33,4,0.3,0.3,True,4,True,0,0.0,True,0,0.0
25,33,4,0.3,0.3,True,4,True,0,0.0,True,0,0.0
26,33,4,0.3,0.3,True,4,True,0,0.0,True,0,0.0
27,33,4,0.3,0.3,True,4,True,0,0.0,True,0,0.0
28,33,4,0.3,0.3,True,4,True,0,0.0,True,0,0.0
29,33,4,0.3,0.3,True,4,True,0,0.0,True,0,0.0
30,33,4,0.3,0.3,True,4,True,0,0.0,True,0,0.0
31,33,4,0.3,0.3,True,4,True,0,0.0,True,0,0.0
32,33,4,0.3,0.3,True,4,True,0,0.0,True,0,0.0
33,33,4,0.3,0.3,True,4,True,0,0.0,True,0,0.0
34,33,4,0.3,0.3,True,4,True,0,0.0,True,0,0.0
35,33,4,0.3,0.3,True,4,True,0,0.0,True,0,0.0
36,33,4,0.3,0.3,True,4,True,0,0.0,True,0,0.0
37,33,4,0.3,0.3,True,4,True,0,0.0,True,0,0.0
38,33,4,0.3,0.3,True,4,True,0,0.0,True,0,0.0
39,33,4,0.3,0.3,True,4,True,0,0.0,True,0,0.0
40,33,4,0.3,0.3,True,4,True,0,0.0,True,0,0.0
41,33,4,0.3,0.3,True,4,True,0,0.0,True,0,0.0
42,33,4,0.3,0.3,True,4,True,0,0.0,True,0,0.0
43,33,4,0.3,0.3,True,4,True,0,0.0,True,0,0.0
44,33,4,0.3,0.3,True,4,True,0,0.0,True,0,0.0
45,33,4,0.3,0.3,True,4,True,0,0.0,True,0,0.0
46,33,4,0.3,0.3,True,4,True,0,0.0,True,0,0.0
47,33,4,0.3,0.3,True,4,True,0,0.0,True,0,0.0
48,33,4,0.3,0.3,True,4,True,0,0.0,True,0,0.0
49,33,4,0.3,0.3,True,4,True,0,0.0,True,0,0.0
50,33,4,0.3,0.3,True,4,True,0,0.0,True,0,0.0
51,33,4,0.3,0.3,True,4,True,0,0.0,True,0,0.0
52,33,4,0.3,0.3,True,4,True,0,0.0,True,0,0.0
53,33,4,0.3,0.3,True,4,True,0,0.0,True,0,0.0
54,33,4,0.3,0.3,True,4,True,0,0.0,True,0,0.0
55,33,4,0.3,0.3,True,4,True,0,0.0,True,0,0.0
56,33,4,0.3,0.3,True,4,True,0,0.0,True,0,0.0
57,33,4,0.3,0.3,True,4,True,0,0.0,True,0,0.0
58,33,4,0.3,0.3,True,4,True,0,0.0,True,0,0.0
59,33,4,0.3,0.3,True,4,True,0,0.0,True,0,0.0
60,33,4,0.3,0.3,True,4,True,0,0.0,True,0,0.0
61,33,4,0.3,0.3,True,4,True,0,0.0,True,0,0.0
62,33,4,0.3,0.3,True,4,True,0,0.0,True,0,0.0
63,33,4,0.3,0.3,True,4,True,0,0.0,True,0,0.0
64,33,4,0.3,0.3,True,4,True,0,0.0,True,0,0.0
65,33,4,0.3,0.3,True,4,True,0,0.0,True,0,0.0
66,33,4,0.3,0.3,True,4,True,0,0.0,True,0,0.0
67,33,4,0.3,0.3,True,4,True,0,0.0,True,0,0.0
68,33,4,0.3,0.3,True,4,True,0,0.0,True,0,0.0
69,33,4,0.3,0.3,True,4,True,0,0.0,True,0,0.0
70,33,4,0.3,0.3,True,4,True,0,0.0,True,0,0.0
71,33,4,0.3,0.3,True,4,True,0,0.0,True,0,0.0
72,33,4,0.3,0.3,True,4,True,0,0.0,True,0,0.0
73,33,4,0.3,0.3,True,4,True,0,0.0,True,0,0.0
74,33,4,0.3,0.3,True,4,True,0,0.0,True,0,0.0
75,33,4,0.3,0.3,True,4,True,0,0.0,True,0,0.0
76,33,4,0.3,0.3,True,4,True,0,0.0,True,0,0.0
77,33,4,0.3,0.3,True,4,True,0,0.0,True,0,0.0
78,33,4,0.3,0.3,True,4,True,0,0.0,True,0,0.0
79,33,4,0.3,0.3,True,4,True,0,0.0,True,0,0.0
80,33,4,0.3,0.3,True,4,True,0,0.0,True,0,0.0
81,33,4,0.3,0.3,True,4,True,0,0.0,True,0,0.0
82,33,4,0.3,0.3,True,4,True,0,0.0,True,0,0.0
83,33,4,0.3,0.3,True,4,True,0,0.0,True,0,0.0
84,33,4,0.3,0.3,True,4,True,0,0.0,True,0,0.0
85,33,4,0.3,0.3,True,4,True,0,0.0,True,0,0.0
86,33,4,0.3,0.3,True,4,True,0,0.0,True,0,0.0
87,33,4,0.3,0.3,False,4,True,0,0.0,True,0,0.0
88,33,4,0.3,0.3,True,4,True,0,0.0,True,0,0.0
89,33,4,0.3,0.3,True,4,True,0,0.0,True,0,0.0
90,33,4,0.3,0.3,False,4,True,0,0.0,True,0,0.0
91,33,4,0.3,0.3,True,4,True,0,0.0,True,0,0.0
92,33,4,0.3,0.3,True,4,True,0,0.0,True,0,0.0
93,33,4,0.3,0.3,True,4,True,0,0.0,True,0,0.0
94,33,4,0.3,0.3,True,4,True,0,0.0,True,0,0.0
95,33,4,0.3,0.3,True,4,True,0,0.0,True,0,0.0
96,33,4,0.3,0.3,True,4,True,0,0.0,True,0,0.0
97,33,4,0.3,0.3,True,4,True,0,0.0,True,0,0.0
98,33,4,0.3,0.3,True,4,True,0,0.0,True,0,0.0
99,33,4,0.3,0.3,True,4,True,0,0.0,True,0,0.0
0,33,4,0.3,0.5,True,4,True,0,0.0,True,0,0.0
1,33,4,0.3,0.5,True,4,True,0,0.0,True,0,0.0
2,33,4,0.3,0.5,False,4,True,0,0.0,True,0,0.0
3,33,4,0.3,0.5,True,4,True,0,0.0,True,0,0.0
4,33,4,0.3,0.5,True,4,True,0,0.0,True,0,0.0
5,33,4,0.3,0.5,True,4,True,0,0.0,True,0,0.0
6,33,4,0.3,0.5,True,4,True,0,0.0,True,0,0.0
7,33,4,0.3,0.5,True,4,True,0,0.0,True,0,0.0
8,33,4,0.3,0.5,True,4,True,0,0.0,True,0,0.0
9,33,4,0.3,0.5,True,4,True,0,0.0,True,0,0.0
10,33,4,0.3,0.5,True,4,True,0,0.0,True,0,0.0
11,33,4,0.3,0.5,True,4,True,0,0.0,True,0,0.0
12,33,4,0.3,0.5,True,4,True,0,0.0,True,0,0.0
13,33,4,0.3,0.5,True,4,True,0,0.0,True,0,0.0
14,33,4,0.3,0.5,True,4,True,0,0.0,True,0,0.0
15,33,4,0.3,0.5,True,4,True,0,0.0,True,0,0.0
16,33,4,0.3,0.5,True,4,True,0,0.0,True,0,0.0
17,33,4,0.3,0.5,True,4,True,0,0.0,True,0,0.0
18,33,4,0.3,0.5,True,4,True,0,0.0,True,0,0.0
19,33,4,0.3,0.5,True,4,True,0,0.0,True,0,0.0
20,33,4,0.3,0.5,True,4,True,0,0.0,True,0,0.0
21,33,4,0.3,0.5,True,4,True,0,0.0,True,0,0.0
22,33,4,0.3,0.5,False,4,True,0,0.0,True,0,0.0
23,33,4,0.3,0.5,True,4,True,0,0.0,True,0,0.0
24,33,4,0.3,0.5,True,4,True,0,0.0,True,0,0.0
25,33,4,0.3,0.5,True,4,True,0,0.0,True,0,0.0
26,33,4,0.3,0.5,True,4,True,0,0.0,True,0,0.0
27,33,4,0.3,0.5,True,4,True,0,0.0,True,0,0.0
28,33,4,0.3,0.5,True,4,True,0,0.0,True,0,0.0
29,33,4,0.3,0.5,True,4,True,0,0.0,True,0,0.0
30,33,4,0.3,0.5,True,4,True,0,0.0,True,0,0.0
31,33,4,0.3,0.5,True,4,True,0,0.0,True,0,0.0
32,33,4,0.3,0.5,True,4,True,0,0.0,True,0,0.0
33,33,4,0.3,0.5,True,4,True,0,0.0,True,0,0.0
34,33,4,0.3,0.5,True,4,True,0,0.0,True,0,0.0
35,33,4,0.3,0.5,True,4,True,0,0.0,True,0,0.0
36,33,4,0.3,0.5,True,4,True,0,0.0,True,0,0.0
37,33,4,0.3,0.5,True,4,True,0,0.0,True,0,0.0
38,33,4,0.3,0.5,True,4,True,0,0.0,True,0,0.0
39,33,4,0.3,0.5,True,4,True,0,0.0,True,0,0.0
40,33,4,0.3,0.5,True,4,True,0,0.0,True,0,0.0
41,33,4,0.3,0.5,True,4,True,0,0.0,True,0,0.0
42,33,4,0.3,0.5,True,4,True,0,0.0,True,0,0.0
43,33,4,0.3,0.5,True,4,True,0,0.0,True,0,0.0
44,33,4,0.3,0.5,True,4,True,0,0.0,True,0,0.0
45,33,4,0.3,0.5,True,4,True,0,0.0,True,0,0.0
46,33,4,0.3,0.5,True,4,True,0,0.0,True,0,0.0
47,33,4,0.3,0.5,True,4,True,0,0.0,True,0,0.0
48,33,4,0.3,0.5,True,4,True,0,0.0,True,0,0.0
49,33,4,0.3,0.5,True,4,True,0,0.0,True,0,0.0
50,33,4,0.3,0.5,True,4,True,0,0.0,True,0,0.0
51,33,4,0.3,0.5,True,4,True,0,0.0,True,0,0.0
52,33,4,0.3,0.5,True,4,True,0,0.0,True,0,0.0
53,33,4,0.3,0.5,True,4,True,0,0.0,True,0,0.0
54,33,4,0.3,0.5,True,4,True,0,0.0,True,0,0.0
55,33,4,0.3,0.5,True,4,True,0,0.0,True,0,0.0
56,33,4,0.3,0.5,True,4,True,0,0.0,True,0,0.0
57,33,4,0.3,0.5,True,4,True,0,0.0,True,0,0.0
58,33,4,0.3,0.5,True,4,True,0,0.0,True,0,0.0
59,33,4,0.3,0.5,True,4,True,0,0.0,True,0,0.0
60,33,4,0.3,0.5,True,4,True,0,0.0,True,0,0.0
61,33,4,0.3,0.5,True,4,True,0,0.0,True,0,0.0
62,33,4,0.3,0.5,True,4,True,0,0.0,True,0,0.0
63,33,4,0.3,0.5,True,4,True,0,0.0,True,0,0.0
64,33,4,0.3,0.5,True,4,True,0,0.0,True,0,0.0
65,33,4,0.3,0.5,True,4,True,0,0.0,True,0,0.0
66,33,4,0.3,0.5,True,4,True,0,0.0,True,0,0.0
67,33,4,0.3,0.5,True,4,True,0,0.0,True,0,0.0
68,33,4,0.3,0.5,True,4,True,0,0.0,True,0,0.0
69,33,4,0.3,0.5,True,4,True,0,0.0,True,0,0.0
70,33,4,0.3,0.5,True,4,True,0,0.0,True,0,0.0
71,33,4,0.3,0.5,True,4,True,0,0.0,True,0,0.0
72,33,4,0.3,0.5,True,4,True,0,0.0,True,0,0.0
73,33,4,0.3,0.5,True,4,True,0,0.0,True,0,0.0
74,33,4,0.3,0.5,True,4,True,0,0.0,True,0,0.0
75,33,4,0.3,0.5,True,4,True,0,0.0,True,0,0.0
76,33,4,0.3,0.5,True,4,True,0,0.0,True,0,0.0
77,33,4,0.3,0.5,True,4,True,0,0.0,True,0,0.0
78,33,4,0.3,0.5,True,4,True,0,0.0,True,0,0.0
79,33,4,0.3,0.5,True,4,True,0,0.0,True,0,0.0
80,33,4,0.3,0.5,True,4,True,0,0.0,True,0,0.0
81,33,4,0.3,0.5,True,4,True,0,0.0,True,0,0.0
82,33,4,0.3,0.5,True,4,True,0,0.0,True,0,0.0
83,33,4,0.3,0.5,True,4,True,0,0.0,True,0,0.0
84,33,4,0.3,0.5,True,4,True,0,0.0,True,0,0.0
85,33,4,0.3,0.5,True,4,True,0,0.0,True,0,0.0
86,33,4,0.3,0.5,True,4,True,0,0.0,True,0,0.0
87,33,4,0.3,0.5,False,4,True,0,0.0,True,0,0.0
88,33,4,0.3,0.5,True,4,True,0,0.0,True,0,0.0
89,33,4,0.3,0.5,True,4,True,0,0.0,True,0,0.0
90,33,4,0.3,0.5,False,4,True,0,0.0,True,0,0.0
91,33,4,0.3,0.5,True,4,True,0,0.0,True,0,0.0
92,33,4,0.3,0.5,True,4,True,0,0.0,True,0,0.0
93,33,4,0.3,0.5,True,4,True,0,0.0,True,0,0.0
94,33,4,0.3,0.5,True,4,True,0,0.0,True,0,0.0
95,33,4,0.3,0.5,True,4,True,0,0.0,True,0,0.0
96,33,4,0.3,0.5,True,4,True,0,0.0,True,0,0.0
97,33,4,0.3,0.5,True,4,True,0,0.0,True,0,0.0
98,33,4,0.3,0.5,True,4,True,0,0.0,True,0,0.0
99,33,4,0.3,0.5,True,4,True,0,0.0,True,0,0.0
0,33,4,0.3,0.7,True,4,True,0,0.0,True,0,0.0
1,33,4,0.3,0.7,True,4,True,0,0.0,True,0,0.0
2,33,4,0.3,0.7,False,4,True,0,0.0,True,0,0.0
3,33,4,0.3,0.7,True,4,True,0,0.0,True,0,0.0
4,33,4,0.3,0.7,True,4,True,0,0.0,True,0,0.0
5,33,4,0.3,0.7,True,4,True,0,0.0,True,0,0.0
6,33,4,0.3,0.7,True,4,True,0,0.0,True,0,0.0
7,33,4,0.3,0.7,True,4,True,0,0.0,True,0,0.0
8,33,4,0.3,0.7,True,4,True,0,0.0,True,0,0.0
9,33,4,0.3,0.7,True,4,True,0,0.0,True,0,0.0
10,33,4,0.3,0.7,True,4,True,0,0.0,True,0,0.0
11,33,4,0.3,0.7,True,4,True,0,0.0,True,0,0.0
12,33,4,0.3,0.7,True,4,True,0,0.0,True,0,0.0
13,33,4,0.3,0.7,True,4,True,0,0.0,True,0,0.0
14,33,4,0.3,0.7,True,4,True,0,0.0,True,0,0.0
15,33,4,0.3,0.7,True,4,True,0,0.0,True,0,0.0
16,33,4,0.3,0.7,True,4,True,0,0.0,True,0,0.0
17,33,4,0.3,0.7,True,4,True,0,0.0,True,0,0.0
18,33,4,0.3,0.7,True,4,True,0,0.0,True,0,0.0
19,33,4,0.3,0.7,True,4,True,0,0.0,True,0,0.0
20,33,4,0.3,0.7,True,4,True,0,0.0,True,0,0.0
21,33,4,0.3,0.7,True,4,True,0,0.0,True,0,0.0
22,33,4,0.3,0.7,False,4,True,0,0.0,True,0,0.0
23,33,4,0.3,0.7,True,4,True,0,0.0,True,0,0.0
24,33,4,0.3,0.7,True,4,True,0,0.0,True,0,0.0
25,33,4,0.3,0.7,True,4,True,0,0.0,True,0,0.0
26,33,4,0.3,0.7,True,4,True,0,0.0,True,0,0.0
27,33,4,0.3,0.7,True,4,True,0,0.0,True,0,0.0
28,33,4,0.3,0.7,True,4,True,0,0.0,True,0,0.0
29,33,4,0.3,0.7,True,4,True,0,0.0,True,0,0.0
30,33,4,0.3,0.7,True,4,True,0,0.0,True,0,0.0
31,33,4,0.3,0.7,True,4,True,0,0.0,True,0,0.0
32,33,4,0.3,0.7,True,4,True,0,0.0,True,0,0.0
33,33,4,0.3,0.7,True,4,True,0,0.0,True,0,0.0
34,33,4,0.3,0.7,True,4,True,0,0.0,True,0,0.0
35,33,4,0.3,0.7,True,4,True,0,0.0,True,0,0.0
36,33,4,0.3,0.7,True,4,True,0,0.0,True,0,0.0
37,33,4,0.3,0.7,True,4,True,0,0.0,True,0,0.0
38,33,4,0.3,0.7,True,4,True,0,0.0,True,0,0.0
39,33,4,0.3,0.7,True,4,True,0,0.0,True,0,0.0
40,33,4,0.3,0.7,True,4,True,0,0.0,True,0,0.0
41,33,4,0.3,0.7,True,4,True,0,0.0,True,0,0.0
42,33,4,0.3,0.7,True,4,True,0,0.0,True,0,0.0
43,33,4,0.3,0.7,True,4,True,0,0.0,True,0,0.0
44,33,4,0.3,0.7,True,4,True,0,0.0,True,0,0.0
45,33,4,0.3,0.7,True,4,True,0,0.0,True,0,0.0
46,33,4,0.3,0.7,True,4,True,0,0.0,True,0,0.0
47,33,4,0.3,0.7,True,4,True,0,0.0,True,0,0.0
48,33,4,0.3,0.7,True,4,True,0,0.0,True,0,0.0
49,33,4,0.3,0.7,True,4,True,0,0.0,True,0,0.0
50,33,4,0.3,0.7,True,4,True,0,0.0,True,0,0.0
51,33,4,0.3,0.7,True,4,True,0,0.0,True,0,0.0
52,33,4,0.3,0.7,True,4,True,0,0.0,True,0,0.0
53,33,4,0.3,0.7,True,4,True,0,0.0,True,0,0.0
54,33,4,0.3,0.7,True,4,True,0,0.0,True,0,0.0
55,33,4,0.3,0.7,True,4,True,0,0.0,True,0,0.0
56,33,4,0.3,0.7,True,4,True,0,0.0,True,0,0.0
57,33,4,0.3,0.7,True,4,True,0,0.0,True,0,0.0
58,33,4,0.3,0.7,True,4,True,0,0.0,True,0,0.0
59,33,4,0.3,0.7,True,4,True,0,0.0,True,0,0.0
60,33,4,0.3,0.7,True,4,True,0,0.0,True,0,0.0
61,33,4,0.3,0.7,True,4,True,0,0.0,True,0,0.0
62,33,4,0.3,0.7,True,4,True,0,0.0,True,0,0.0
63,33,4,0.3,0.7,True,4,True,0,0.0,True,0,0.0
64,33,4,0.3,0.7,True,4,True,0,0.0,True,0,0.0
65,33,4,0.3,0.7,True,4,True,0,0.0,True,0,0.0
66,33,4,0.3,0.7,True,4,True,0,0.0,True,0,0.0
67,33,4,0.3,0.7,True,4,True,0,0.0,True,0,0.0
68,33,4,0.3,0.7,True,4,True,0,0.0,True,0,0.0
69,33,4,0.3,0.7,True,4,True,0,0.0,True,0,0.0
70,33,4,0.3,0.7,True,4,True,0,0.0,True,0,0.0
71,33,4,0.3,0.7,True,4,True,0,0.0,True,0,0.0
72,33,4,0.3,0.7,True,4,True,0,0.0,True,0,0.0
73,33,4,0.3,0.7,True,4,True,0,0.0,True,0,0.0
74,33,4,0.3,0.7,True,4,True,0,0.0,True,0,0.0
75,33,4,0.3,0.7,True,4,True,0,0.0,True,0,0.0
76,33,4,0.3,0.7,True,4,True,0,0.0,True,0,0.0
77,33,4,0.3,0.7,True,4,True,0,0.0,True,0,0.0
78,33,4,0.3,0.7,True,4,True,0,0.0,True,0,0.0
79,33,4,0.3,0.7,True,4,True,0,0.0,True,0,0.0
80,33,4,0.3,0.7,True,4,True,0,0.0,True,0,0.0
81,33,4,0.3,0.7,True,4,True,0,0.0,True,0,0.0
82,33,4,0.3,0.7,True,4,True,0,0.0,True,0,0.0
83,33,4,0.3,0.7,True,4,True,0,0.0,True,0,0.0
84,33,4,0.3,0.7,True,4,True,0,0.0,True,0,0.0
85,33,4,0.3,0.7,True,4,True,0,0.0,True,0,0.0
86,33,4,0.3,0.7,True,4,True,0,0.0,True,0,0.0
87,33,4,0.3,0.7,False,4,True,0,0.0,True,0,0.0
88,33,4,0.3,0.7,True,4,True,0,0.0,True,0,0.0
89,33,4,0.3,0.7,True,4,True,0,0.0,True,0,0.0
90,33,4,0.3,0.7,False,4,True,0,0.0,True,0,0.0
91,33,4,0.3,0.7,True,4,True,0,0.0,True,0,0.0
92,33,4,0.3,0.7,True,4,True,0,0.0,True,0,0.0
93,33,4,0.3,0.7,True,4,True,0,0.0,True,0,0.0
94,33,4,0.3,0.7,True,4,True,0,0.0,True,0,0.0
95,33,4,0.3,0.7,True,4,True,0,0.0,True,0,0.0
96,33,4,0.3,0.7,True,4,True,0,0.0,True,0,0.0
97,33,4,0.3,0.7,True,4,True,0,0.0,True,0,0.0
98,33,4,0.3,0.7,True,4,True,0,0.0,True,0,0.0
99,33,4,0.3,0.7,True,4,True,0,0.0,True,0,0.0
0,33,4,0.45,0.3,True,4,True,0,0.0,True,0,0.0
1,33,4,0.45,0.3,True,4,True,0,0.0,True,0,0.0
2,33,4,0.45,0.3,False,4,True,0,0.0,True,0,0.0
3,33,4,0.45,0.3,True,4,True,0,0.0,True,0,0.0
4,33,4,0.45,0.3,True,4,True,0,0.0,True,0,0.0
5,33,4,0.45,0.3,True,4,True,0,0.0,True,0,0.0
6,33,4,0.45,0.3,True,4,True,0,0.0,True,0,0.0
7,33,4,0.45,0.3,True,4,True,0,0.0,True,0,0.0
8,33,4,0.45,0.3,True,4,True,0,0.0,True,0,0.0
9,33,4,0.45,0.3,True,4,True,0,0.0,True,0,0.0
10,33,4,0.45,0.3,True,4,True,0,0.0,True,0,0.0
11,33,4,0.45,0.3,True,4,True,0,0.0,True,0,0.0
12,33,4,0.45,0.3,True,4,True,0,0.0,True,0,0.0
13,33,4,0.45,0.3,True,4,True,0,0.0,True,0,0.0
14,33,4,0.45,0.3,True,4,True,0,0.0,True,0,0.0
15,33,4,0.45,0.3,True,4,True,0,0.0,True,0,0.0
16,33,4,0.45,0.3,True,4,True,0,0.0,True,0,0.0
17,33,4,0.45,0.3,True,4,True,0,0.0,True,0,0.0
18,33,4,0.45,0.3,True,4,True,0,0.0,True,0,0.0
19,33,4,0.45,0.3,True,4,True,0,0.0,True,0,0.0
20,33,4,0.45,0.3,True,4,True,0,0.0,True,0,0.0
21,33,4,0.45,0.3,True,4,True,0,0.0,True,0,0.0
22,33,4,0.45,0.3,False,4,True,0,0.0,True,0,0.0
23,33,4,0.45,0.3,True,4,True,0,0.0,True,0,0.0
24,33,4,0.45,0.3,True,4,True,0,0.0,True,0,0.0
25,33,4,0.45,0.3,True,4,True,0,0.0,True,0,0.0
26,33,4,0.45,0.3,True,4,True,0,0.0,True,0,0.0
27,33,4,0.45,0.3,True,4,True,0,0.0,True,0,0.0
28,33,4,0.45,0.3,True,4,True,0,0.0,True,0,0.0
29,33,4,0.45,0.3,True,4,True,0,0.0,True,0,0.0
30,33,4,0.45,0.3,True,4,True,0,0.0,True,0,0.0
31,33,4,0.45,0.3,True,4,True,0,0.0,True,0,0.0
32,33,4,0.45,0.3,True,4,True,0,0.0,True,0,0.0
33,33,4,0.45,0.3,True,4,True,0,0.0,True,0,0.0
34,33,4,0.45,0.3,True,4,True,0,0.0,True,0,0.0
35,33,4,0.45,0.3,True,4,True,0,0.0,True,0,0.0
36,33,4,0.45,0.3,True,4,True,0,0.0,True,0,0.0
37,33,4,0.45,0.3,True,4,True,0,0.0,True,0,0.0
38,33,4,0.45,0.3,True,4,True,0,0.0,True,0,0.0
39,33,4,0.45,0.3,True,4,True,0,0.0,True,0,0.0
40,33,4,0.45,0.3,True,4,True,0,0.0,True,0,0.0
41,33,4,0.45,0.3,True,4,True,0,0.0,True,0,0.0
42,33,4,0.45,0.3,True,4,True,0,0.0,True,0,0.0
43,33,4,0.45,0.3,True,4,True,0,0.0,True,0,0.0
44,33,4,0.45,0.3,True,4,True,0,0.0,True,0,0.0
45,33,4,0.45,0.3,True,4,True,0,0.0,True,0,0.0
46,33,4,0.45,0.3,True,4,True,0,0.0,True,0,0.0
47,33,4,0.45,0.3,True,4,True,0,0.0,True,0,0.0
48,33,4,0.45,0.3,True,4,True,0,0.0,True,0,0.0
49,33,4,0.45,0.3,True,4,True,0,0.0,True,0,0.0
50,33,4,0.45,0.3,True,4,True,0,0.0,True,0,0.0
51,33,4,0.45,0.3,True,4,True,0,0.0,True,0,0.0
52,33,4,0.45,0.3,True,4,True,0,0.0,True,0,0.0
53,33,4,0.45,0.3,True,4,True,0,0.0,True,0,0.0
54,33,4,0.45,0.3,True,4,True,0,0.0,True,0,0.0
55,33,4,0.45,0.3,True,4,True,0,0.0,True,0,0.0
56,33,4,0.45,0.3,True,4,True,0,0.0,True,0,0.0
57,33,4,0.45,0.3,True,4,True,0,0.0,True,0,0.0
58,33,4,0.45,0.3,True,4,True,0,0.0,True,0,0.0
59,33,4,0.45,0.3,True,4,True,0,0.0,True,0,0.0
60,33,4,0.45,0.3,True,4,True,0,0.0,True,0,0.0
61,33,4,0.45,0.3,True,4,True,0,0.0,True,0,0.0
62,33,4,0.45,0.3,True,4,True,0,0.0,True,0,0.0
63,33,4,0.45,0.3,True,4,True,0,0.0,True,0,0.0
64,33,4,0.45,0.3,True,4,True,0,0.0,True,0,0.0
65,33,4,0.45,0.3,True,4,True,0,0.0,True,0,0.0
66,33,4,0.45,0.3,True,4,True,0,0.0,True,0,0.0
67,33,4,0.45,0.3,True,4,True,0,0.0,True,0,0.0
68,33,4,0.45,0.3,True,4,True,0,0.0,True,0,0.0
69,33,4,0.45,0.3,True,4,True,0,0.0,True,0,0.0
70,33,4,0.45,0.3,True,4,True,0,0.0,True,0,0.0
71,33,4,0.45,0.3,True,4,True,0,0.0,True,0,0.0
72,33,4,0.45,0.3,True,4,True,0,0.0,True,0,0.0
73,33,4,0.45,0.3,True,4,True,0,0.0,True,0,0.0
74,33,4,0.45,0.3,True,4,True,0,0.0,True,0,0.0
75,33,4,0.45,0.3,True,4,True,0,0.0,True,0,0.0
76,33,4,0.45,0.3,True,4,True,0,0.0,True,0,0.0
77,33,4,0.45,0.3,True,4,True,0,0.0,True,0,0.0
78,33,4,0.45,0.3,True,4,True,0,0.0,True,0,0.0
79,33,4,0.45,0.3,True,4,True,0,0.0,True,0,0.0
80,33,4,0.45,0.3,True,4,True,0,0.0,True,0,0.0
81,33,4,0.45,0.3,True,4,True,0,0.0,True,0,0.0
82,33,4,0.45,0.3,True,4,True,0,0.0,True,0,0.0
83,33,4,0.45,0.3,True,4,True,0,0.0,True,0,0.0
84,33,4,0.45,0.3,True,4,True,0,0.0,True,0,0.0
85,33,4,0.45,0.3,True,4,True,0,0.0,True,0,0.0
86,33,4,0.45,0.3,True,4,True,0,0.0,True,0,0.0
87,33,4,0.45,0.3,False,4,True,0,0.0,True,0,0.0
88,33,4,0.45,0.3,True,4,True,0,0.0,True,0,0.0
89,33,4,0.45,0.3,True,4,True,0,0.0,True,0,0.0
90,33,4,0.45,0.3,False,4,True,0,0.0,True,0,0.0
91,33,4,0.45,0.3,True,4,True,0,0.0,True,0,0.0
92,33,4,0.45,0.3,True,4,True,0,0.0,True,0,0.0
93,33,4,0.45,0.3,True,4,True,0,0.0,True,0,0.0
94,33,4,0.45,0.3,True,4,True,0,0.0,True,0,0.0
95,33,4,0.45,0.3,True,4,True,0,0.0,True,0,0.0
96,33,4,0.45,0.3,True,4,True,0,0.0,True,0,0.0
97,33,4,0.45,0.3,True,4,True,0,0.0,True,0,0.0
98,33,4,0.45,0.3,True,4,True,0,0.0,True,0,0.0
99,33,4,0.45,0.3,True,4,True,0,0.0,True,0,0.0
0,33,4,0.45,0.5,True,4,True,0,0.0,True,0,0.0
1,33,4,0.45,0.5,True,4,True,0,0.0,True,0,0.0
2,33,4,0.45,0.5,False,4,True,0,0.0,True,0,0.0
3,33,4,0.45,0.5,True,4,True,0,0.0,True,0,0.0
4,33,4,0.45,0.5,True,4,True,0,0.0,True,0,0.0
5,33,4,0.45,0.5,True,4,True,0,0.0,True,0,0.0
6,33,4,0.45,0.5,True,4,True,0,0.0,True,0,0.0
7,33,4,0.45,0.5,True,4,True,0,0.0,True,0,0.0
8,33,4,0.45,0.5,True,4,True,0,0.0,True,0,0.0
9,33,4,0.45,0.5,True,4,True,0,0.0,True,0,0.0
10,33,4,0.45,0.5,True,4,True,0,0.0,True,0,0.0
11,33,4,0.45,0.5,True,4,True,0,0.0,True,0,0.0
12,33,4,0.45,0.5,True,4,True,0,0.0,True,0,0.0
13,33,4,0.45,0.5,True,4,True,0,0.0,True,0,0.0
14,33,4,0.45,0.5,True,4,True,0,0.0,True,0,0.0
15,33,4,0.45,0.5,True,4,True,0,0.0,True,0,0.0
16,33,4,0.45,0.5,True,4,True,0,0.0,True,0,0.0
17,33,4,0.45,0.5,True,4,True,0,0.0,True,0,0.0
18,33,4,0.45,0.5,True,4,True,0,0.0,True,0,0.0
19,33,4,0.45,0.5,True,4,True,0,0.0,True,0,0.0
20,33,4,0.45,0.5,True,4,True,0,0.0,True,0,0.0
21,33,4,0.45,0.5,True,4,True,0,0.0,True,0,0.0
22,33,4,0.45,0.5,False,4,True,0,0.0,True,0,0.0
23,33,4,0.45,0.5,True,4,True,0,0.0,True,0,0.0
24,33,4,0.45,0.5,True,4,True,0,0.0,True,0,0.0
25,33,4,0.45,0.5,True,4,True,0,0.0,True,0,0.0
26,33,4,0.45,0.5,True,4,True,0,0.0,True,0,0.0
27,33,4,0.45,0.5,True,4,True,0,0.0,True,0,0.0
28,33,4,0.45,0.5,True,4,True,0,0.0,True,0,0.0
29,33,4,0.45,0.5,True,4,True,0,0.0,True,0,0.0
30,33,4,0.45,0.5,True,4,True,0,0.0,True,0,0.0
31,33,4,0.45,0.5,True,4,True,0,0.0,True,0,0.0
32,33,4,0.45,0.5,True,4,True,0,0.0,True,0,0.0
33,33,4,0.45,0.5,True,4,True,0,0.0,True,0,0.0
34,33,4,0.45,0.5,True,4,True,0,0.0,True,0,0.0
35,33,4,0.45,0.5,True,4,True,0,0.0,True,0,0.0
36,33,4,0.45,0.5,True,4,True,0,0.0,True,0,0.0
37,33,4,0.45,0.5,True,4,True,0,0.0,True,0,0.0
38,33,4,0.45,0.5,True,4,True,0,0.0,True,0,0.0
39,33,4,0.45,0.5,True,4,True,0,0.0,True,0,0.0
40,33,4,0.45,0.5,True,4,True,0,0.0,True,0,0.0
41,33,4,0.45,0.5,True,4,True,0,0.0,True,0,0.0
42,33,4,0.45,0.5,True,4,True,0,0.0,True,0,0.0
43,33,4,0.45,0.5,True,4,True,0,0.0,True,0,0.0
44,33,4,0.45,0.5,True,4,True,0,0.0,True,0,0.0
45,33,4,0.45,0.5,True,4,True,0,0.0,True,0,0.0
46,33,4,0.45,0.5,True,4,True,0,0.0,True,0,0.0
47,33,4,0.45,0.5,True,4,True,0,0.0,True,0,0.0
48,33,4,0.45,0.5,True,4,True,0,0.0,True,0,0.0
49,33,4,0.45,0.5,True,4,True,0,0.0,True,0,0.0
50,33,4,0.45,0.5,True,4,True,0,0.0,True,0,0.0
51,33,4,0.45,0.5,True,4,True,0,0.0,True,0,0.0
52,33,4,0.45,0.5,True,4,True,0,0.0,True,0,0.0
53,33,4,0.45,0.5,True,4,True,0,0.0,True,0,0.0
54,33,4,0.45,0.5,True,4,True,0,0.0,True,0,0.0
55,33,4,0.45,0.5,True,4,True,0,0.0,True,0,0.0
56,33,4,0.45,0.5,True,4,True,0,0.0,True,0,0.0
57,33,4,0.45,0.5,True,4,True,0,0.0,True,0,0.0
58,33,4,0.45,0.5,True,4,True,0,0.0,True,0,0.0
59,33,4,0.45,0.5,True,4,True,0,0.0,True,0,0.0
60,33,4,0.45,0.5,True,4,True,0,0.0,True,0,0.0
61,33,4,0.45,0.5,True,4,True,0,0.0,True,0,0.0
62,33,4,0.45,0.5,True,4,True,0,0.0,True,0,0.0
63,33,4,0.45,0.5,True,4,True,0,0.0,True,0,0.0
64,33,4,0.45,0.5,True,4,True,0,0.0,True,0,0.0
65,33,4,0.45,0.5,True,4,True,0,0.0,True,0,0.0
66,33,4,0.45,0.5,True,4,True,0,0.0,True,0,0.0
67,33,4,0.45,0.5,True,4,True,0,0.0,True,0,0.0
68,33,4,0.45,0.5,True,4,True,0,0.0,True,0,0.0
69,33,4,0.45,0.5,True,4,True,0,0.0,True,0,0.0
70,33,4,0.45,0.5,True,4,True,0,0.0,True,0,0.0
71,33,4,0.45,0.5,True,4,True,0,0.0,True,0,0.0
72,33,4,0.45,0.5,True,4,True,0,0.0,True,0,0.0
73,33,4,0.45,0.5,True,4,True,0,0.0,True,0,0.0
74,33,4,0.45,0.5,True,4,True,0,0.0,True,0,0.0
75,33,4,0.45,0.5,True,4,True,0,0.0,True,0,0.0
76,33,4,0.45,0.5,True,4,True,0,0.0,True,0,0.0
77,33,4,0.45,0.5,True,4,True,0,0.0,True,0,0.0
78,33,4,0.45,0.5,True,4,True,0,0.0,True,0,0.0
79,33,4,0.45,0.5,True,4,True,0,0.0,True,0,0.0
80,33,4,0.45,0.5,True,4,True,0,0.0,True,0,0.0
81,33,4,0.45,0.5,True,4,True,0,0.0,True,0,0.0
82,33,4,0.45,0.5,True,4,True,0,0.0,True,0,0.0
83,33,4,0.45,0.5,True,4,True,0,0.0,True,0,0.0
84,33,4,0.45,0.5,True,4,True,0,0.0,True,0,0.0
85,33,4,0.45,0.5,True,4,True,0,0.0,True,0,0.0
86,33,4,0.45,0.5,True,4,True,0,0.0,True,0,0.0
87,33,4,0.45,0.5,False,4,True,0,0.0,True,0,0.0
88,33,4,0.45,0.5,True,4,True,0,0.0,True,0,0.0
89,33,4,0.45,0.5,True,4,True,0,0.0,True,0,0.0
90,33,4,0.45,0.5,False,4,True,0,0.0,True,0,0.0
91,33,4,0.45,0.5,True,4,True,0,0.0,True,0,0.0
92,33,4,0.45,0.5,True,4,True,0,0.0,True,0,0.0
93,33,4,0.45,0.5,True,4,True,0,0.0,True,0,0.0
94,33,4,0.45,0.5,True,4,True,0,0.0,True,0,0.0
95,33,4,0.45,0.5,True,4,True,0,0.0,True,0,0.0
96,33,4,0.45,0.5,True,4,True,0,0.0,True,0,0.0
97,33,4,0.45,0.5,True,4,True,0,0.0,True,0,0.0
98,33,4,0.45,0.5,True,4,True,0,0.0,True,0,0.0
99,33,4,0.45,0.5,True,4,True,0,0.0,True,0,0.0
0,33,4,0.45,0.7,True,4,True,0,0.0,True,0,0.0
1,33,4,0.45,0.7,True,4,True,0,0.0,True,0,0.0
2,33,4,0.45,0.7,False,4,True,0,0.0,True,0,0.0
3,33,4,0.45,0.7,True,4,True,0,0.0,True,0,0.0
4,33,4,0.45,0.7,True,4,True,0,0.0,True,0,0.0
5,33,4,0.45,0.7,True,4,True,0,0.0,True,0,0.0
6,33,4,0.45,0.7,True,4,True,0,0.0,True,0,0.0
7,33,4,0.45,0.7,True,4,True,0,0.0,True,0,0.0
8,33,4,0.45,0.7,True,4,True,0,0.0,True,0,0.0
9,33,4,0.45,0.7,True,4,True,0,0.0,True,0,0.0
10,33,4,0.45,0.7,True,4,True,0,0.0,True,0,0.0
11,33,4,0.45,0.7,True,4,True,0,0.0,True,0,0.0
12,33,4,0.45,0.7,True,4,True,0,0.0,True,0,0.0
13,33,4,0.45,0.7,True,4,True,0,0.0,True,0,0.0
14,33,4,0.45,0.7,True,4,True,0,0.0,True,0,0.0
15,33,4,0.45,0.7,True,4,True,0,0.0,True,0,0.0
16,33,4,0.45,0.7,True,4,True,0,0.0,True,0,0.0
17,33,4,0.45,0.7,True,4,True,0,0.0,True,0,0.0
18,33,4,0.45,0.7,True,4,True,0,0.0,True,0,0.0
19,33,4,0.45,0.7,True,4,True,0,0.0,True,0,0.0
20,33,4,0.45,0.7,True,4,True,0,0.0,True,0,0.0
21,33,4,0.45,0.7,True,4,True,0,0.0,True,0,0.0
22,33,4,0.45,0.7,False,4,True,0,0.0,True,0,0.0
23,33,4,0.45,0.7,True,4,True,0,0.0,True,0,0.0
24,33,4,0.45,0.7,True,4,True,0,0.0,True,0,0.0
25,33,4,0.45,0.7,True,4,True,0,0.0,True,0,0.0
26,33,4,0.45,0.7,True,4,True,0,0.0,True,0,0.0
27,33,4,0.45,0.7,True,4,True,0,0.0,True,0,0.0
28,33,4,0.45,0.7,True,4,True,0,0.0,True,0,0.0
29,33,4,0.45,0.7,True,4,True,0,0.0,True,0,0.0
30,33,4,0.45,0.7,True,4,True,0,0.0,True,0,0.0
31,33,4,0.45,0.7,True,4,True,0,0.0,True,0,0.0
32,33,4,0.45,0.7,True,4,True,0,0.0,True,0,0.0
33,33,4,0.45,0.7,True,4,True,0,0.0,True,0,0.0
34,33,4,0.45,0.7,True,4,True,0,0.0,True,0,0.0
35,33,4,0.45,0.7,True,4,True,0,0.0,True,0,0.0
36,33,4,0.45,0.7,True,4,True,0,0.0,True,0,0.0
37,33,4,0.45,0.7,True,4,True,0,0.0,True,0,0.0
38,33,4,0.45,0.7,True,4,True,0,0.0,True,0,0.0
39,33,4,0.45,0.7,True,4,True,0,0.0,True,0,0.0
40,33,4,0.45,0.7,True,4,True,0,0.0,True,0,0.0
41,33,4,0.45,0.7,True,4,True,0,0.0,True,0,0.0
42,33,4,0.45,0.7,True,4,True,0,0.0,True,0,0.0
43,33,4,0.45,0.7,True,4,True,0,0.0,True,0,0.0
44,33,4,0.45,0.7,True,4,True,0,0.0,True,0,0.0
45,33,4,0.45,0.7,True,4,True,0,0.0,True,0,0.0
46,33,4,0.45,0.7,True,4,True,0,0.0,True,0,0.0
47,33,4,0.45,0.7,True,4,True,0,0.0,True,0,0.0
48,33,4,0.45,0.7,True,4,True,0,0.0,True,0,0.0
49,33,4,0.45,0.7,True,4,True,0,0.0,True,0,0.0
50,33,4,0.45,0.7,True,4,True,0,0.0,True,0,0.0
51,33,4,0.45,0.7,True,4,True,0,0.0,True,0,0.0
52,33,4,0.45,0.7,True,4,True,0,0.0,True,0,0.0
53,33,4,0.45,0.7,True,4,True,0,0.0,True,0,0.0
54,33,4,0.45,0.7,True,4,True,0,0.0,True,0,0.0
55,33,4,0.45,0.7,True,4,True,0,0.0,True,0,0.0
56,33,4,0.45,0.7,True,4,True,0,0.0,True,0,0.0
57,33,4,0.45,0.7,True,4,True,0,0.0,True,0,0.0
58,33,4,0.45,0.7,True,4,True,0,0.0,True,0,0.0
59,33,4,0.45,0.7,True,4,True,0,0.0,True,0,0.0
60,33,4,0.45,0.7,True,4,True,0,0.0,True,0,0.0
61,33,4,0.45,0.7,True,4,True,0,0.0,True,0,0.0
62,33,4,0.45,0.7,True,4,True,0,0.0,True,0,0.0
63,33,4,0.45,0.7,True,4,True,0,0.0,True,0,0.0
64,33,4,0.45,0.7,True,4,True,0,0.0,True,0,0.0
65,33,4,0.45,0.7,True,4,True,0,0.0,True,0,0.0
66,33,4,0.45,0.7,True,4,True,0,0.0,True,0,0.0
67,33,4,0.45,0.7,True,4,True,0,0.0,True,0,0.0
68,33,4,0.45,0.7,True,4,True,0,0.0,True,0,0.0
69,33,4,0.45,0.7,True,4,True,0,0.0,True,0,0.0
70,33,4,0.45,0.7,True,4,True,0,0.0,True,0,0.0
71,33,4,0.45,0.7,True,4,True,0,0.0,True,0,0.0
72,33,4,0.45,0.7,True,4,True,0,0.0,True,0,0.0
73,33,4,0.45,0.7,True,4,True,0,0.0,True,0,0.0
74,33,4,0.45,0.7,True,4,True,0,0.0,True,0,0.0
75,33,4,0.45,0.7,True,4,True,0,0.0,True,0,0.0
76,33,4,0.45,0.7,True,4,True,0,0.0,True,0,0.0
77,33,4,0.45,0.7,True,4,True,0,0.0,True,0,0.0
78,33,4,0.45,0.7,True,4,True,0,0.0,True,0,0.0
79,33,4,0.45,0.7,True,4,True,0,0.0,True,0,0.0
80,33,4,0.45,0.7,True,4,True,0,0.0,True,0,0.0
81,33,4,0.45,0.7,True,4,True,0,0.0,True,0,0.0
82,33,4,0.45,0.7,True,4,True,0,0.0,True,0,0.0
83,33,4,0.45,0.7,True,4,True,0,0.0,True,0,0.0
84,33,4,0.45,0.7,True,4,True,0,0.0,True,0,0.0
85,33,4,0.45,0.7,True,4,True,0,0.0,True,0,0.0
86,33,4,0.45,0.7,True,4,True,0,0.0,True,0,0.0
87,33,4,0.45,0.7,False,4,True,0,0.0,True,0,0.0
88,33,4,0.45,0.7,True,4,True,0,0.0,True,0,0.0
89,33,4,0.45,0.7,True,4,True,0,0.0,True,0,0.0
90,33,4,0.45,0.7,False,4,True,0,0.0,True,0,0.0
91,33,4,0.45,0.7,True,4,True,0,0.0,True,0,0.0
92,33,4,0.45,0.7,True,4,True,0,0.0,True,0,0.0
93,33,4,0.45,0.7,True,4,True,0,0.0,True,0,0.0
94,33,4,0.45,0.7,True,4,True,0,0.0,True,0,0.0
95,33,4,0.45,0.7,True,4,True,0,0.0,True,0,0.0
96,33,4,0.45,0.7,True,4,True,0,0.0,True,0,0.0
97,33,4,0.45,0.7,True,4,True,0,0.0,True,0,0.0
98,33,4,0.45,0.7,True,4,True,0,0.0,True,0,0.0
99,33,4,0.45,0.7,True,4,True,0,0.0,True,0,0.0
0,33,4,0.6,0.3,True,4,True,0,0.0,True,0,0.0
1,33,4,0.6,0.3,True,4,True,0,0.0,True,0,0.0
2,33,4,0.6,0.3,False,4,True,0,0.0,True,0,0.0
3,33,4,0.6,0.3,True,4,True,0,0.0,True,0,0.0
4,33,4,0.6,0.3,True,4,True,0,0.0,True,0,0.0
5,33,4,0.6,0.3,True,4,True,0,0.0,True,0,0.0
6,33,4,0.6,0.3,True,4,True,0,0.0,True,0,0.0
7,33,4,0.6,0.3,True,4,True,0,0.0,True,0,0.0
8,33,4,0.6,0.3,True,4,True,0,0.0,True,0,0.0
9,33,4,0.6,0.3,True,4,True,0,0.0,True,0,0.0
10,33,4,0.6,0.3,True,4,True,0,0.0,True,0,0.0
11,33,4,0.6,0.3,True,4,True,0,0.0,True,0,0.0
12,33,4,0.6,0.3,True,4,True,0,0.0,True,0,0.0
13,33,4,0.6,0.3,True,4,True,0,0.0,True,0,0.0
14,33,4,0.6,0.3,True,4,True,0,0.0,True,0,0.0
15,33,4,0.6,0.3,True,4,True,0,0.0,True,0,0.0
16,33,4,0.6,0.3,True,4,True,0,0.0,True,0,0.0
17,33,4,0.6,0.3,True,4,True,0,0.0,True,0,0.0
18,33,4,0.6,0.3,True,4,True,0,0.0,True,0,0.0
19,33,4,0.6,0.3,True,4,True,0,0.0,True,0,0.0
20,33,4,0.6,0.3,True,4,True,0,0.0,True,0,0.0
21,33,4,0.6,0.3,True,4,True,0,0.0,True,0,0.0
22,33,4,0.6,0.3,False,4,True,0,0.0,True,0,0.0
23,33,4,0.6,0.3,True,4,True,0,0.0,True,0,0.0
24,33,4,0.6,0.3,True,4,True,0,0.0,True,0,0.0
25,33,4,0.6,0.3,True,4,True,0,0.0,True,0,0.0
26,33,4,0.6,0.3,True,4,True,0,0.0,True,0,0.0
27,33,4,0.6,0.3,True,4,True,0,0.0,True,0,0.0
28,33,4,0.6,0.3,True,4,True,0,0.0,True,0,0.0
29,33,4,0.6,0.3,True,4,True,0,0.0,True,0,0.0
30,33,4,0.6,0.3,True,4,True,0,0.0,True,0,0.0
31,33,4,0.6,0.3,True,4,True,0,0.0,True,0,0.0
32,33,4,0.6,0.3,True,4,True,0,0.0,True,0,0.0
33,33,4,0.6,0.3,True,4,True,0,0.0,True,0,0.0
34,33,4,0.6,0.3,True,4,True,0,0.0,True,0,0.0
35,33,4,0.6,0.3,True,4,True,0,0.0,True,0,0.0
36,33,4,0.6,0.3,True,4,True,0,0.0,True,0,0.0
37,33,4,0.6,0.3,True,4,True,0,0.0,True,0,0.0
38,33,4,0.6,0.3,True,4,True,0,0.0,True,0,0.0
39,33,4,0.6,0.3,True,4,True,0,0.0,True,0,0.0
40,33,4,0.6,0.3,True,4,True,0,0.0,True,0,0.0
41,33,4,0.6,0.3,True,4,True,0,0.0,True,0,0.0
42,33,4,0.6,0.3,True,4,True,0,0.0,True,0,0.0
43,33,4,0.6,0.3,True,4,True,0,0.0,True,0,0.0
44,33,4,0.6,0.3,True,4,True,0,0.0,True,0,0.0
45,33,4,0.6,0.3,True,4,True,0,0.0,True,0,0.0
46,33,4,0.6,0.3,True,4,True,0,0.0,True,0,0.0
47,33,4,0.6,0.3,True,4,True,0,0.0,True,0,0.0
48,33,4,0.6,0.3,True,4,True,0,0.0,True,0,0.0
49,33,4,0.6,0.3,True,4,True,0,0.0,True,0,0.0
50,33,4,0.6,0.3,True,4,True,0,0.0,True,0,0.0
51,33,4,0.6,0.3,True,4,True,0,0.0,True,0,0.0
52,33,4,0.6,0.3,True,4,True,0,0.0,True,0,0.0
53,33,4,0.6,0.3,True,4,True,0,0.0,True,0,0.0
54,33,4,0.6,0.3,True,4,True,0,0.0,True,0,0.0
55,33,4,0.6,0.3,True,4,True,0,0.0,True,0,0.0
56,33,4,0.6,0.3,True,4,True,0,0.0,True,0,0.0
57,33,4,0.6,0.3,True,4,True,0,0.0,True,0,0.0
58,33,4,0.6,0.3,True,4,True,0,0.0,True,0,0.0
59,33,4,0.6,0.3,True,4,True,0,0.0,True,0,0.0
60,33,4,0.6,0.3,True,4,True,0,0.0,True,0,0.0
61,33,4,0.6,0.3,True,4,True,0,0.0,True,0,0.0
62,33,4,0.6,0.3,True,4,True,0,0.0,True,0,0.0
63,33,4,0.6,0.3,True,4,True,0,0.0,True,0,0.0
64,33,4,0.6,0.3,True,4,True,0,0.0,True,0,0.0
65,33,4,0.6,0.3,True,4,True,0,0.0,True,0,0.0
66,33,4,0.6,0.3,True,4,True,0,0.0,True,0,0.0
67,33,4,0.6,0.3,True,4,True,0,0.0,True,0,0.0
68,33,4,0.6,0.3,True,4,True,0,0.0,True,0,0.0
69,33,4,0.6,0.3,True,4,True,0,0.0,True,0,0.0
70,33,4,0.6,0.3,True,4,True,0,0.0,True,0,0.0
71,33,4,0.6,0.3,True,4,True,0,0.0,True,0,0.0
72,33,4,0.6,0.3,True,4,True,0,0.0,True,0,0.0
73,33,4,0.6,0.3,True,4,True,0,0.0,True,0,0.0
74,33,4,0.6,0.3,True,4,True,0,0.0,True,0,0.0
75,33,4,0.6,0.3,True,4,True,0,0.0,True,0,0.0
76,33,4,0.6,0.3,True,4,True,0,0.0,True,0,0.0
77,33,4,0.6,0.3,True,4,True,0,0.0,True,0,0.0
78,33,4,0.6,0.3,True,4,True,0,0.0,True,0,0.0
79,33,4,0.6,0.3,True,4,True,0,0.0,True,0,0.0
80,33,4,0.6,0.3,True,4,True,0,0.0,True,0,0.0
81,33,4,0.6,0.3,True,4,True,0,0.0,True,0,0.0
82,33,4,0.6,0.3,True,4,True,0,0.0,True,0,0.0
83,33,4,0.6,0.3,True,4,True,0,0.0,True,0,0.0
84,33,4,0.6,0.3,True,4,True,0,0.0,True,0,0.0
85,33,4,0.6,0.3,True,4,True,0,0.0,True,0,0.0
86,33,4,0.6,0.3,True,4,True,0,0.0,True,0,0.0
87,33,4,0.6,0.3,False,4,True,0,0.0,True,0,0.0
88,33,4,0.6,0.3,True,4,True,0,0.0,True,0,0.0
89,33,4,0.6,0.3,True,4,True,0,0.0,True,0,0.0
90,33,4,0.6,0.3,False,4,True,0,0.0,True,0,0.0
91,33,4,0.6,0.3,True,4,True,0,0.0,True,0,0.0
92,33,4,0.6,0.3,True,4,True,0,0.0,True,0,0.0
93,33,4,0.6,0.3,True,4,True,0,0.0,True,0,0.0
94,33,4,0.6,0.3,True,4,True,0,0.0,True,0,0.0
95,33,4,0.6,0.3,True,4,True,0,0.0,True,0,0.0
96,33,4,0.6,0.3,True,4,True,0,0.0,True,0,0.0
97,33,4,0.6,0.3,True,4,True,0,0.0,True,0,0.0
98,33,4,0.6,0.3,True,4,True,0,0.0,True,0,0.0
99,33,4,0.6,0.3,True,4,True,0,0.0,True,0,0.0
0,33,4,0.6,0.5,True,4,True,0,0.0,True,0,0.0
1,33,4,0.6,0.5,True,4,True,0,0.0,True,0,0.0
2,33,4,0.6,0.5,False,4,True,0,0.0,True,0,0.0
3,33,4,0.6,0.5,True,4,True,0,0.0,True,0,0.0
4,33,4,0.6,0.5,True,4,True,0,0.0,True,0,0.0
5,33,4,0.6,0.5,True,4,True,0,0.0,True,0,0.0
6,33,4,0.6,0.5,True,4,True,0,0.0,True,0,0.0
7,33,4,0.6,0.5,True,4,True,0,0.0,True,0,0.0
8,33,4,0.6,0.5,True,4,True,0,0.0,True,0,0.0
9,33,4,0.6,0.5,True,4,True,0,0.0,True,0,0.0
10,33,4,0.6,0.5,True,4,True,0,0.0,True,0,0.0
11,33,4,0.6,0.5,True,4,True,0,0.0,True,0,0.0
12,33,4,0.6,0.5,True,4,True,0,0.0,True,0,0.0
13,33,4,0.6,0.5,True,4,True,0,0.0,True,0,0.0
14,33,4,0.6,0.5,True,4,True,0,0.0,True,0,0.0
15,33,4,0.6,0.5,True,4,True,0,0.0,True,0,0.0
16,33,4,0.6,0.5,True,4,True,0,0.0,True,0,0.0
17,33,4,0.6,0.5,True,4,True,0,0.0,True,0,0.0
18,33,4,0.6,0.5,True,4,True,0,0.0,True,0,0.0
19,33,4,0.6,0.5,True,4,True,0,0.0,True,0,0.0
20,33,4,0.6,0.5,True,4,True,0,0.0,True,0,0.0
21,33,4,0.6,0.5,True,4,True,0,0.0,True,0,0.0
22,33,4,0.6,0.5,False,4,True,0,0.0,True,0,0.0
23,33,4,0.6,0.5,True,4,True,0,0.0,True,0,0.0
24,33,4,0.6,0.5,True,4,True,0,0.0,True,0,0.0
25,33,4,0.6,0.5,True,4,True,0,0.0,True,0,0.0
26,33,4,0.6,0.5,True,4,True,0,0.0,True,0,0.0
27,33,4,0.6,0.5,True,4,True,0,0.0,True,0,0.0
28,33,4,0.6,0.5,True,4,True,0,0.0,True,0,0.0
29,33,4,0.6,0.5,True,4,True,0,0.0,True,0,0.0
30,33,4,0.6,0.5,True,4,True,0,0.0,True,0,0.0
31,33,4,0.6,0.5,True,4,True,0,0.0,True,0,0.0
32,33,4,0.6,0.5,True,4,True,0,0.0,True,0,0.0
33,33,4,0.6,0.5,True,4,True,0,0.0,True,0,0.0
34,33,4,0.6,0.5,True,4,True,0,0.0,True,0,0.0
35,33,4,0.6,0.5,True,4,True,0,0.0,True,0,0.0
36,33,4,0.6,0.5,True,4,True,0,0.0,True,0,0.0
37,33,4,0.6,0.5,True,4,True,0,0.0,True,0,0.0
38,33,4,0.6,0.5,True,4,True,0,0.0,True,0,0.0
39,33,4,0.6,0.5,True,4,True,0,0.0,True,0,0.0
40,33,4,0.6,0.5,True,4,True,0,0.0,True,0,0.0
41,33,4,0.6,0.5,True,4,True,0,0.0,True,0,0.0
42,33,4,0.6,0.5,True,4,True,0,0.0,True,0,0.0
43,33,4,0.6,0.5,True,4,True,0,0.0,True,0,0.0
44,33,4,0.6,0.5,True,4,True,0,0.0,True,0,0.0
45,33,4,0.6,0.5,True,4,True,0,0.0,True,0,0.0
46,33,4,0.6,0.5,True,4,True,0,0.0,True,0,0.0
47,33,4,0.6,0.5,True,4,True,0,0.0,True,0,0.0
48,33,4,0.6,0.5,True,4,True,0,0.0,True,0,0.0
49,33,4,0.6,0.5,True,4,True,0,0.0,True,0,0.0
50,33,4,0.6,0.5,True,4,True,0,0.0,True,0,0.0
51,33,4,0.6,0.5,True,4,True,0,0.0,True,0,0.0
52,33,4,0.6,0.5,True,4,True,0,0.0,True,0,0.0
53,33,4,0.6,0.5,True,4,True,0,0.0,True,0,0.0
54,33,4,0.6,0.5,True,4,True,0,0.0,True,0,0.0
55,33,4,0.6,0.5,True,4,True,0,0.0,True,0,0.0
56,33,4,0.6,0.5,True,4,True,0,0.0,True,0,0.0
57,33,4,0.6,0.5,True,4,True,0,0.0,True,0,0.0
58,33,4,0.6,0.5,True,4,True,0,0.0,True,0,0.0
59,33,4,0.6,0.5,True,4,True,0,0.0,True,0,0.0
60,33,4,0.6,0.5,True,4,True,0,0.0,True,0,0.0
61,33,4,0.6,0.5,True,4,True,0,0.0,True,0,0.0
62,33,4,0.6,0.5,True,4,True,0,0.0,True,0,0.0
63,33,4,0.6,0.5,True,4,True,0,0.0,True,0,0.0
64,33,4,0.6,0.5,True,4,True,0,0.0,True,0,0.0
65,33,4,0.6,0.5,True,4,True,0,0.0,True,0,0.0
66,33,4,0.6,0.5,True,4,True,0,0.0,True,0,0.0
67,33,4,0.6,0.5,True,4,True,0,0.0,True,0,0.0
68,33,4,0.6,0.5,True,4,True,0,0.0,True,0,0.0
69,33,4,0.6,0.5,True,4,True,0,0.0,True,0,0.0
70,33,4,0.6,0.5,True,4,True,0,0.0,True,0,0.0
71,33,4,0.6,0.5,True,4,True,0,0.0,True,0,0.0
72,33,4,0.6,0.5,True,4,True,0,0.0,True,0,0.0
73,33,4,0.6,0.5,True,4,True,0,0.0,True,0,0.0
74,33,4,0.6,0.5,True,4,True,0,0.0,True,0,0.0
75,33,4,0.6,0.5,True,4,True,0,0.0,True,0,0.0
76,33,4,0.6,0.5,True,4,True,0,0.0,True,0,0.0
77,33,4,0.6,0.5,True,4,True,0,0.0,True,0,0.0
78,33,4,0.6,0.5,True,4,True,0,0.0,True,0,0.0
79,33,4,0.6,0.5,True,4,True,0,0.0,True,0,0.0
80,33,4,0.6,0.5,True,4,True,0,0.0,True,0,0.0
81,33,4,0.6,0.5,True,4,True,0,0.0,True,0,0.0
82,33,4,0.6,0.5,True,4,True,0,0.0,True,0,0.0
83,33,4,0.6,0.5,True,4,True,0,0.0,True,0,0.0
84,33,4,0.6,0.5,True,4,True,0,0.0,True,0,0.0
85,33,4,0.6,0.5,True,4,True,0,0.0,True,0,0.0
86,33,4,0.6,0.5,True,4,True,0,0.0,True,0,0.0
87,33,4,0.6,0.5,False,4,True,0,0.0,True,0,0.0
88,33,4,0.6,0.5,True,4,True,0,0.0,True,0,0.0
89,33,4,0.6,0.5,True,4,True,0,0.0,True,0,0.0
90,33,4,0.6,0.5,False,4,True,0,0.0,True,0,0.0
91,33,4,0.6,0.5,True,4,True,0,0.0,True,0,0.0
92,33,4,0.6,0.5,True,4,True,0,0.0,True,0,0.0
93,33,4,0.6,0.5,True,4,True,0,0.0,True,0,0.0
94,33,4,0.6,0.5,True,4,True,0,0.0,True,0,0.0
95,33,4,0.6,0.5,True,4,True,0,0.0,True,0,0.0
96,33,4,0.6,0.5,True,4,True,0,0.0,True,0,0.0
97,33,4,0.6,0.5,True,4,True,0,0.0,True,0,0.0
98,33,4,0.6,0.5,True,4,True,0,0.0,True,0,0.0
99,33,4,0.6,0.5,True,4,True,0,0.0,True,0,0.0
0,33,4,0.6,0.7,True,4,True,0,0.0,True,0,0.0
1,33,4,0.6,0.7,True,4,True,0,0.0,True,0,0.0
2,33,4,0.6,0.7,False,4,True,0,0.0,True,0,0.0
3,33,4,0.6,0.7,True,4,True,0,0.0,True,0,0.0
4,33,4,0.6,0.7,True,4,True,0,0.0,True,0,0.0
5,33,4,0.6,0.7,True,4,True,0,0.0,True,0,0.0
6,33,4,0.6,0.7,True,4,True,0,0.0,True,0,0.0
7,33,4,0.6,0.7,True,4,True,0,0.0,True,0,0.0
8,33,4,0.6,0.7,True,4,True,0,0.0,True,0,0.0
9,33,4,0.6,0.7,True,4,True,0,0.0,True,0,0.0
10,33,4,0.6,0.7,True,4,True,0,0.0,True,0,0.0
11,33,4,0.6,0.7,True,4,True,0,0.0,True,0,0.0
12,33,4,0.6,0.7,True,4,True,0,0.0,True,0,0.0
13,33,4,0.6,0.7,True,4,True,0,0.0,True,0,0.0
14,33,4,0.6,0.7,True,4,True,0,0.0,True,0,0.0
15,33,4,0.6,0.7,True,4,True,0,0.0,True,0,0.0
16,33,4,0.6,0.7,True,4,True,0,0.0,True,0,0.0
17,33,4,0.6,0.7,True,4,True,0,0.0,True,0,0.0
18,33,4,0.6,0.7,True,4,True,0,0.0,True,0,0.0
19,33,4,0.6,0.7,True,4,True,0,0.0,True,0,0.0
20,33,4,0.6,0.7,True,4,True,0,0.0,True,0,0.0
21,33,4,0.6,0.7,True,4,True,0,0.0,True,0,0.0
22,33,4,0.6,0.7,False,4,True,0,0.0,True,0,0.0
23,33,4,0.6,0.7,True,4,True,0,0.0,True,0,0.0
24,33,4,0.6,0.7,True,4,True,0,0.0,True,0,0.0
25,33,4,0.6,0.7,True,4,True,0,0.0,True,0,0.0
26,33,4,0.6,0.7,True,4,True,0,0.0,True,0,0.0
27,33,4,0.6,0.7,True,4,True,0,0.0,True,0,0.0
28,33,4,0.6,0.7,True,4,True,0,0.0,True,0,0.0
29,33,4,0.6,0.7,True,4,True,0,0.0,True,0,0.0
30,33,4,0.6,0.7,True,4,True,0,0.0,True,0,0.0
31,33,4,0.6,0.7,True,4,True,0,0.0,True,0,0.0
32,33,4,0.6,0.7,True,4,True,0,0.0,True,0,0.0
33,33,4,0.6,0.7,True,4,True,0,0.0,True,0,0.0
34,33,4,0.6,0.7,True,4,True,0,0.0,True,0,0.0
35,33,4,0.6,0.7,True,4,True,0,0.0,True,0,0.0
36,33,4,0.6,0.7,True,4,True,0,0.0,True,0,0.0
37,33,4,0.6,0.7,True,4,True,0,0.0,True,0,0.0
38,33,4,0.6,0.7,True,4,True,0,0.0,True,0,0.0
39,33,4,0.6,0.7,True,4,True,0,0.0,True,0,0.0
40,33,4,0.6,0.7,True,4,True,0,0.0,True,0,0.0
41,33,4,0.6,0.7,True,4,True,0,0.0,True,0,0.0
42,33,4,0.6,0.7,True,4,True,0,0.0,True,0,0.0
43,33,4,0.6,0.7,True,4,True,0,0.0,True,0,0.0
44,33,4,0.6,0.7,True,4,True,0,0.0,True,0,0.0
45,33,4,0.6,0.7,True,4,True,0,0.0,True,0,0.0
46,33,4,0.6,0.7,True,4,True,0,0.0,True,0,0.0
47,33,4,0.6,0.7,True,4,True,0,0.0,True,0,0.0
48,33,4,0.6,0.7,True,4,True,0,0.0,True,0,0.0
49,33,4,0.6,0.7,True,4,True,0,0.0,True,0,0.0
50,33,4,0.6,0.7,True,4,True,0,0.0,True,0,0.0
51,33,4,0.6,0.7,True,4,True,0,0.0,True,0,0.0
52,33,4,0.6,0.7,True,4,True,0,0.0,True,0,0.0
53,33,4,0.6,0.7,True,4,True,0,0.0,True,0,0.0
54,33,4,0.6,0.7,True,4,True,0,0.0,True,0,0.0
55,33,4,0.6,0.7,True,4,True,0,0.0,True,0,0.0
56,33,4,0.6,0.7,True,4,True,0,0.0,True,0,0.0
57,33,4,0.6,0.7,True,4,True,0,0.0,True,0,0.0
58,33,4,0.6,0.7,True,4,True,0,0.0,True,0,0.0
59,33,4,0.6,0.7,True,4,True,0,0.0,True,0,0.0
60,33,4,0.6,0.7,True,4,True,0,0.0,True,0,0.0
61,33,4,0.6,0.7,True,4,True,0,0.0,True,0,0.0
62,33,4,0.6,0.7,True,4,True,0,0.0,True,0,0.0
63,33,4,0.6,0.7,True,4,True,0,0.0,True,0,0.0
64,33,4,0.6,0.7,True,4,True,0,0.0,True,0,0.0
65,33,4,0.6,0.7,True,4,True,0,0.0,True,0,0.0
66,33,4,0.6,0.7,True,4,True,0,0.0,True,0,0.0
67,33,4,0.6,0.7,True,4,True,0,0.0,True,0,0.0
68,33,4,0.6,0.7,True,4,True,0,0.0,True,0,0.0
69,33,4,0.6,0.7,True,4,True,0,0.0,True,0,0.0
70,33,4,0.6,0.7,True,4,True,0,0.0,True,0,0.0
71,33,4,0.6,0.7,True,4,True,0,0.0,True,0,0.0
72,33,4,0.6,0.7,True,4,True,0,0.0,True,0,0.0
73,33,4,0.6,0.7,True,4,True,0,0.0,True,0,0.0
74,33,4,0.6,0.7,True,4,True,0,0.0,True,0,0.0
75,33,4,0.6,0.7,True,4,True,0,0.0,True,0,0.0
76,33,4,0.6,0.7,True,4,True,0,0.0,True,0,0.0
77,33,4,0.6,0.7,True,4,True,0,0.0,True,0,0.0
78,33,4,0.6,0.7,True,4,True,0,0.0,True,0,0.0
79,33,4,0.6,0.7,True,4,True,0,0.0,True,0,0.0
80,33,4,0.6,0.7,True,4,True,0,0.0,True,0,0.0
81,33,4,0.6,0.7,True,4,True,0,0.0,True,0,0.0
82,33,4,0.6,0.7,True,4,True,0,0.0,True,0,0.0
83,33,4,0.6,0.7,True,4,True,0,0.0,True,0,0.0
84,33,4,0.6,0.7,True,4,True,0,0.0,True,0,0.0
85,33,4,0.6,0.7,True,4,True,0,0.0,True,0,0.0
86,33,4,0.6,0.7,True,4,True,0,0.0,True,0,0.0
87,33,4,0.6,0.7,False,4,True,0,0.0,True,0,0.0
88,33,4,0.6,0.7,True,4,True,0,0.0,True,0,0.0
89,33,4,0.6,0.7,True,4,True,0,0.0,True,0,0.0
90,33,4,0.6,0.7,False,4,True,0,0.0,True,0,0.0
91,33,4,0.6,0.7,True,4,True,0,0.0,True,0,0.0
92,33,4,0.6,0.7,True,4,True,0,0.0,True,0,0.0
93,33,4,0.6,0.7,True,4,True,0,0.0,True,0,0.0
94,33,4,0.6,0.7,True,4,True,0,0.0,True,0,0.0
95,33,4,0.6,0.7,True,4,True,0,0.0,True,0,0.0
96,33,4,0.6,0.7,True,4,True,0,0.0,True,0,0.0
97,33,4,0.6,0.7,True,4,True,0,0.0,True,0,0.0
98,33,4,0.6,0.7,True,4,True,0,0.0,True,0,0.0
99,33,4,0.6,0.7,True,4,True,0,0.0,True,0,0.0
0,33,7,0.3,0.3,True,7,True,0,0.0,True,0,0.0
1,33,7,0.3,0.3,True,7,True,0,0.0,True,0,0.0
2,33,7,0.3,0.3,False,7,True,0,0.0,True,0,0.0
3,33,7,0.3,0.3,True,7,True,0,0.0,True,0,0.0
4,33,7,0.3,0.3,True,7,True,0,0.0,True,0,0.0
5,33,7,0.3,0.3,True,7,True,0,0.0,True,0,0.0
6,33,7,0.3,0.3,True,7,True,0,0.0,True,0,0.0
7,33,7,0.3,0.3,True,7,True,0,0.0,True,0,0.0
8,33,7,0.3,0.3,True,7,True,0,0.0,True,0,0.0
9,33,7,0.3,0.3,True,7,True,0,0.0,True,0,0.0
10,33,7,0.3,0.3,True,7,True,0,0.0,True,0,0.0
11,33,7,0.3,0.3,True,7,True,0,0.0,True,0,0.0
12,33,7,0.3,0.3,True,7,True,0,0.0,True,0,0.0
13,33,7,0.3,0.3,True,7,True,0,0.0,True,0,0.0
14,33,7,0.3,0.3,True,7,True,0,0.0,True,0,0.0
15,33,7,0.3,0.3,True,7,True,0,0.0,True,0,0.0
16,33,7,0.3,0.3,True,7,True,0,0.0,True,0,0.0
17,33,7,0.3,0.3,True,7,True,0,0.0,True,0,0.0
18,33,7,0.3,0.3,True,7,True,0,0.0,True,0,0.0
19,33,7,0.3,0.3,True,7,True,0,0.0,True,0,0.0
20,33,7,0.3,0.3,True,7,True,0,0.0,True,0,0.0
21,33,7,0.3,0.3,True,7,True,0,0.0,True,0,0.0
22,33,7,0.3,0.3,False,7,True,0,0.0,True,0,0.0
23,33,7,0.3,0.3,True,7,True,0,0.0,True,0,0.0
24,33,7,0.3,0.3,True,7,True,0,0.0,True,0,0.0
25,33,7,0.3,0.3,True,7,True,0,0.0,True,0,0.0
26,33,7,0.3,0.3,True,7,True,0,0.0,True,0,0.0
27,33,7,0.3,0.3,True,7,True,0,0.0,True,0,0.0
28,33,7,0.3,0.3,True,7,True,0,0.0,True,0,0.0
29,33,7,0.3,0.3,True,7,True,0,0.0,True,0,0.0
30,33,7,0.3,0.3,True,7,True,0,0.0,True,0,0.0
31,33,7,0.3,0.3,True,7,True,0,0.0,True,0,0.0
32,33,7,0.3,0.3,True,7,True,0,0.0,True,0,0.0
33,33,7,0.3,0.3,True,7,True,0,0.0,True,0,0.0
34,33,7,0.3,0.3,True,7,True,0,0.0,True,0,0.0
35,33,7,0.3,0.3,True,7,True,0,0.0,True,0,0.0
36,33,7,0.3,0.3,True,7,True,0,0.0,True,0,0.0
37,33,7,0.3,0.3,True,7,True,0,0.0,True,0,0.0
38,33,7,0.3,0.3,True,7,True,0,0.0,True,0,0.0
39,33,7,0.3,0.3,True,7,True,0,0.0,True,0,0.0
40,33,7,0.3,0.3,True,7,True,0,0.0,True,0,0.0
41,33,7,0.3,0.3,True,7,True,0,0.0,True,0,0.0
42,33,7,0.3,0.3,True,7,True,0,0.0,True,0,0.0
43,33,7,0.3,0.3,True,7,True,0,0.0,True,0,0.0
44,33,7,0.3,0.3,True,7,True,0,0.0,True,0,0.0
45,33,7,0.3,0.3,True,7,True,0,0.0,True,0,0.0
46,33,7,0.3,0.3,True,7,True,0,0.0,True,0,0.0
47,33,7,0.3,0.3,True,7,True,0,0.0,True,0,0.0
48,33,7,0.3,0.3,True,7,True,0,0.0,True,0,0.0
49,33,7,0.3,0.3,True,7,True,0,0.0,True,0,0.0
50,33,7,0.3,0.3,True,7,True,0,0.0,True,0,0.0
51,33,7,0.3,0.3,True,7,True,0,0.0,True,0,0.0
52,33,7,0.3,0.3,True,7,True,0,0.0,True,0,0.0
53,33,7,0.3,0.3,True,7,True,0,0.0,True,0,0.0
54,33,7,0.3,0.3,True,7,True,0,0.0,True,0,0.0
55,33,7,0.3,0.3,True,7,True,0,0.0,True,0,0.0
56,33,7,0.3,0.3,True,7,True,0,0.0,True,0,0.0
57,33,7,0.3,0.3,True,7,True,0,0.0,True,0,0.0
58,33,7,0.3,0.3,True,7,True,0,0.0,True,0,0.0
59,33,7,0.3,0.3,True,7,True,0,0.0,True,0,0.0
60,33,7,0.3,0.3,True,7,True,0,0.0,True,0,0.0
61,33,7,0.3,0.3,True,7,True,0,0.0,True,0,0.0
62,33,7,0.3,0.3,True,7,True,0,0.0,True,0,0.0
63,33,7,0.3,0.3,True,7,True,0,0.0,True,0,0.0
64,33,7,0.3,0.3,True,7,True,0,0.0,True,0,0.0
65,33,7,0.3,0.3,True,7,True,0,0.0,True,0,0.0
66,33,7,0.3,0.3,True,7,True,0,0.0,True,0,0.0
67,33,7,0.3,0.3,True,7,True,0,0.0,True,0,0.0
68,33,7,0.3,0.3,True,7,True,0,0.0,True,0,0.0
69,33,7,0.3,0.3,True,7,True,0,0.0,True,0,0.0
70,33,7,0.3,0.3,True,7,True,0,0.0,True,0,0.0
71,33,7,0.3,0.3,True,7,True,0,0.0,True,0,0.0
72,33,7,0.3,0.3,True,7,True,0,0.0,True,0,0.0
73,33,7,0.3,0.3,True,7,True,0,0.0,True,0,0.0
74,33,7,0.3,0.3,True,7,True,0,0.0,True,0,0.0
75,33,7,0.3,0.3,True,7,True,0,0.0,True,0,0.0
76,33,7,0.3,0.3,True,7,True,0,0.0,True,0,0.0
77,33,7,0.3,0.3,True,7,True,0,0.0,True,0,0.0
78,33,7,0.3,0.3,True,7,True,0,0.0,True,0,0.0
79,33,7,0.3,0.3,True,7,True,0,0.0,True,0,0.0
80,33,7,0.3,0.3,True,7,True,0,0.0,True,0,0.0
81,33,7,0.3,0.3,True,7,True,0,0.0,True,0,0.0
82,33,7,0.3,0.3,True,7,True,0,0.0,True,0,0.0
83,33,7,0.3,0.3,True,7,True,0,0.0,True,0,0.0
84,33,7,0.3,0.3,True,7,True,0,0.0,True,0,0.0
85,33,7,0.3,0.3,True,7,True,0,0.0,True,0,0.0
86,33,7,0.3,0.3,True,7,True,0,0.0,True,0,0.0
87,33,7,0.3,0.3,False,7,True,0,0.0,True,0,0.0
88,33,7,0.3,0.3,True,7,True,0,0.0,True,0,0.0
89,33,7,0.3,0.3,True,7,True,0,0.0,True,0,0.0
90,33,7,0.3,0.3,False,7,True,0,0.0,True,0,0.0
91,33,7,0.3,0.3,True,7,True,0,0.0,True,0,0.0
92,33,7,0.3,0.3,True,7,True,0,0.0,True,0,0.0
93,33,7,0.3,0.3,True,7,True,0,0.0,True,0,0.0
94,33,7,0.3,0.3,True,7,True,0,0.0,True,0,0.0
95,33,7,0.3,0.3,True,7,True,0,0.0,True,0,0.0
96,33,7,0.3,0.3,True,7,True,0,0.0,True,0,0.0
97,33,7,0.3,0.3,True,7,True,0,0.0,True,0,0.0
98,33,7,0.3,0.3,True,7,True,0,0.0,True,0,0.0
99,33,7,0.3,0.3,True,7,True,0,0.0,True,0,0.0
0,33,7,0.3,0.5,True,7,True,0,0.0,True,0,0.0
1,33,7,0.3,0.5,True,7,True,0,0.0,True,0,0.0
2,33,7,0.3,0.5,False,7,True,0,0.0,True,0,0.0
3,33,7,0.3,0.5,True,7,True,0,0.0,True,0,0.0
4,33,7,0.3,0.5,True,7,True,0,0.0,True,0,0.0
5,33,7,0.3,0.5,True,7,True,0,0.0,True,0,0.0
6,33,7,0.3,0.5,True,7,True,0,0.0,True,0,0.0
7,33,7,0.3,0.5,True,7,True,0,0.0,True,0,0.0
8,33,7,0.3,0.5,True,7,True,0,0.0,True,0,0.0
9,33,7,0.3,0.5,True,7,True,0,0.0,True,0,0.0
10,33,7,0.3,0.5,True,7,True,0,0.0,True,0,0.0
11,33,7,0.3,0.5,True,7,True,0,0.0,True,0,0.0
12,33,7,0.3,0.5,True,7,True,0,0.0,True,0,0.0
13,33,7,0.3,0.5,True,7,True,0,0.0,True,0,0.0
14,33,7,0.3,0.5,True,7,True,0,0.0,True,0,0.0
15,33,7,0.3,0.5,True,7,True,0,0.0,True,0,0.0
16,33,7,0.3,0.5,True,7,True,0,0.0,True,0,0.0
17,33,7,0.3,0.5,True,7,True,0,0.0,True,0,0.0
18,33,7,0.3,0.5,True,7,True,0,0.0,True,0,0.0
19,33,7,0.3,0.5,True,7,True,0,0.0,True,0,0.0
20,33,7,0.3,0.5,True,7,True,0,0.0,True,0,0.0
21,33,7,0.3,0.5,True,7,True,0,0.0,True,0,0.0
22,33,7,0.3,0.5,False,7,True,0,0.0,True,0,0.0
23,33,7,0.3,0.5,True,7,True,0,0.0,True,0,0.0
24,33,7,0.3,0.5,True,7,True,0,0.0,True,0,0.0
25,33,7,0.3,0.5,True,7,True,0,0.0,True,0,0.0
26,33,7,0.3,0.5,True,7,True,0,0.0,True,0,0.0
27,33,7,0.3,0.5,True,7,True,0,0.0,True,0,0.0
28,33,7,0.3,0.5,True,7,True,0,0.0,True,0,0.0
29,33,7,0.3,0.5,True,7,True,0,0.0,True,0,0.0
30,33,7,0.3,0.5,True,7,True,0,0.0,True,0,0.0
31,33,7,0.3,0.5,True,7,True,0,0.0,True,0,0.0
32,33,7,0.3,0.5,True,7,True,0,0.0,True,0,0.0
33,33,7,0.3,0.5,True,7,True,0,0.0,True,0,0.0
34,33,7,0.3,0.5,True,7,True,0,0.0,True,0,0.0
35,33,7,0.3,0.5,True,7,True,0,0.0,True,0,0.0
36,33,7,0.3,0.5,True,7,True,0,0.0,True,0,0.0
37,33,7,0.3,0.5,True,7,True,0,0.0,True,0,0.0
38,33,7,0.3,0.5,True,7,True,0,0.0,True,0,0.0
39,33,7,0.3,0.5,True,7,True,0,0.0,True,0,0.0
40,33,7,0.3,0.5,True,7,True,0,0.0,True,0,0.0
41,33,7,0.3,0.5,True,7,True,0,0.0,True,0,0.0
42,33,7,0.3,0.5,True,7,True,0,0.0,True,0,0.0
43,33,7,0.3,0.5,True,7,True,0,0.0,True,0,0.0
44,33,7,0.3,0.5,True,7,True,0,0.0,True,0,0.0
45,33,7,0.3,0.5,True,7,True,0,0.0,True,0,0.0
46,33,7,0.3,0.5,True,7,True,0,0.0,True,0,0.0
47,33,7,0.3,0.5,True,7,True,0,0.0,True,0,0.0
48,33,7,0.3,0.5,True,7,True,0,0.0,True,0,0.0
49,33,7,0.3,0.5,True,7,True,0,0.0,True,0,0.0
50,33,7,0.3,0.5,True,7,True,0,0.0,True,0,0.0
51,33,7,0.3,0.5,True,7,True,0,0.0,True,0,0.0
52,33,7,0.3,0.5,True,7,True,0,0.0,True,0,0.0
53,33,7,0.3,0.5,True,7,True,0,0.0,True,0,0.0
54,33,7,0.3,0.5,True,7,True,0,0.0,True,0,0.0
55,33,7,0.3,0.5,True,7,True,0,0.0,True,0,0.0
56,33,7,0.3,0.5,True,7,True,0,0.0,True,0,0.0
57,33,7,0.3,0.5,True,7,True,0,0.0,True,0,0.0
58,33,7,0.3,0.5,True,7,True,0,0.0,True,0,0.0
59,33,7,0.3,0.5,True,7,True,0,0.0,True,0,0.0
60,33,7,0.3,0.5,True,7,True,0,0.0,True,0,0.0
61,33,7,0.3,0.5,True,7,True,0,0.0,True,0,0.0
62,33,7,0.3,0.5,True,7,True,0,0.0,True,0,0.0
63,33,7,0.3,0.5,True,7,True,0,0.0,True,0,0.0
64,33,7,0.3,0.5,True,7,True,0,0.0,True,0,0.0
65,33,7,0.3,0.5,True,7,True,0,0.0,True,0,0.0
66,33,7,0.3,0.5,True,7,True,0,0.0,True,0,0.0
67,33,7,0.3,0.5,True,7,True,0,0.0,True,0,0.0
68,33,7,0.3,0.5,True,7,True,0,0.0,True,0,0.0
69,33,7,0.3,0.5,True,7,True,0,0.0,True,0,0.0
70,33,7,0.3,0.5,True,7,True,0,0.0,True,0,0.0
71,33,7,0.3,0.5,True,7,True,0,0.0,True,0,0.0
72,33,7,0.3,0.5,True,7,True,0,0.0,True,0,0.0
73,33,7,0.3,0.5,True,7,True,0,0.0,True,0,0.0
74,33,7,0.3,0.5,True,7,True,0,0.0,True,0,0.0
75,33,7,0.3,0.5,True,7,True,0,0.0,True,0,0.0
76,33,7,0.3,0.5,True,7,True,0,0.0,True,0,0.0
77,33,7,0.3,0.5,True,7,True,0,0.0,True,0,0.0
78,33,7,0.3,0.5,True,7,True,0,0.0,True,0,0.0
79,33,7,0.3,0.5,True,7,True,0,0.0,True,0,0.0
80,33,7,0.3,0.5,True,7,True,0,0.0,True,0,0.0
81,33,7,0.3,0.5,True,7,True,0,0.0,True,0,0.0
82,33,7,0.3,0.5,True,7,True,0,0.0,True,0,0.0
83,33,7,0.3,0.5,True,7,True,0,0.0,True,0,0.0
84,33,7,0.3,0.5,True,7,True,0,0.0,True,0,0.0
85,33,7,0.3,0.5,True,7,True,0,0.0,True,0,0.0
86,33,7,0.3,0.5,True,7,True,0,0.0,True,0,0.0
87,33,7,0.3,0.5,False,7,True,0,0.0,True,0,0.0
88,33,7,0.3,0.5,True,7,True,0,0.0,True,0,0.0
89,33,7,0.3,0.5,True,7,True,0,0.0,True,0,0.0
90,33,7,0.3,0.5,False,7,True,0,0.0,True,0,0.0
91,33,7,0.3,0.5,True,7,True,0,0.0,True,0,0.0
92,33,7,0.3,0.5,True,7,True,0,0.0,True,0,0.0
93,33,7,0.3,0.5,True,7,True,0,0.0,True,0,0.0
94,33,7,0.3,0.5,True,7,True,0,0.0,True,0,0.0
95,33,7,0.3,0.5,True,7,True,0,0.0,True,0,0.0
96,33,7,0.3,0.5,True,7,True,0,0.0,True,0,0.0
97,33,7,0.3,0.5,True,7,True,0,0.0,True,0,0.0
98,33,7,0.3,0.5,True,7,True,0,0.0,True,0,0.0
99,33,7,0.3,0.5,True,7,True,0,0.0,True,0,0.0
0,33,7,0.3,0.7,True,7,True,0,0.0,True,0,0.0
1,33,7,0.3,0.7,True,7,True,0,0.0,True,0,0.0
2,33,7,0.3,0.7,False,7,True,0,0.0,True,0,0.0
3,33,7,0.3,0.7,True,7,True,0,0.0,True,0,0.0
4,33,7,0.3,0.7,True,7,True,0,0.0,True,0,0.0
5,33,7,0.3,0.7,True,7,True,0,0.0,True,0,0.0
6,33,7,0.3,0.7,True,7,True,0,0.0,True,0,0.0
7,33,7,0.3,0.7,True,7,True,0,0.0,True,0,0.0
8,33,7,0.3,0.7,True,7,True,0,0.0,True,0,0.0
9,33,7,0.3,0.7,True,7,True,0,0.0,True,0,0.0
10,33,7,0.3,0.7,True,7,True,0,0.0,True,0,0.0
11,33,7,0.3,0.7,True,7,True,0,0.0,True,0,0.0
12,33,7,0.3,0.7,True,7,True,0,0.0,True,0,0.0
13,33,7,0.3,0.7,True,7,True,0,0.0,True,0,0.0
14,33,7,0.3,0.7,True,7,True,0,0.0,True,0,0.0
15,33,7,0.3,0.7,True,7,True,0,0.0,True,0,0.0
16,33,7,0.3,0.7,True,7,True,0,0.0,True,0,0.0
17,33,7,0.3,0.7,True,7,True,0,0.0,True,0,0.0
18,33,7,0.3,0.7,True,7,True,0,0.0,True,0,0.0
19,33,7,0.3,0.7,True,7,True,0,0.0,True,0,0.0
20,33,7,0.3,0.7,True,7,True,0,0.0,True,0,0.0
21,33,7,0.3,0.7,True,7,True,0,0.0,True,0,0.0
22,33,7,0.3,0.7,False,7,True,0,0.0,True,0,0.0
23,33,7,0.3,0.7,True,7,True,0,0.0,True,0,0.0
24,33,7,0.3,0.7,True,7,True,0,0.0,True,0,0.0
25,33,7,0.3,0.7,True,7,True,0,0.0,True,0,0.0
26,33,7,0.3,0.7,True,7,True,0,0.0,True,0,0.0
27,33,7,0.3,0.7,True,7,True,0,0.0,True,0,0.0
28,33,7,0.3,0.7,True,7,True,0,0.0,True,0,0.0
29,33,7,0.3,0.7,True,7,True,0,0.0,True,0,0.0
30,33,7,0.3,0.7,True,7,True,0,0.0,True,0,0.0
31,33,7,0.3,0.7,True,7,True,0,0.0,True,0,0.0
32,33,7,0.3,0.7,True,7,True,0,0.0,True,0,0.0
33,33,7,0.3,0.7,True,7,True,0,0.0,True,0,0.0
34,33,7,0.3,0.7,True,7,True,0,0.0,True,0,0.0
35,33,7,0.3,0.7,True,7,True,0,0.0,True,0,0.0
36,33,7,0.3,0.7,True,7,True,0,0.0,True,0,0.0
37,33,7,0.3,0.7,True,7,True,0,0.0,True,0,0.0
38,33,7,0.3,0.7,True,7,True,0,0.0,True,0,0.0
39,33,7,0.3,0.7,True,7,True,0,0.0,True,0,0.0
40,33,7,0.3,0.7,True,7,True,0,0.0,True,0,0.0
41,33,7,0.3,0.7,True,7,True,0,0.0,True,0,0.0
42,33,7,0.3,0.7,True,7,True,0,0.0,True,0,0.0
43,33,7,0.3,0.7,True,7,True,0,0.0,True,0,0.0
44,33,7,0.3,0.7,True,7,True,0,0.0,True,0,0.0
45,33,7,0.3,0.7,True,7,True,0,0.0,True,0,0.0
46,33,7,0.3,0.7,True,7,True,0,0.0,True,0,0.0
47,33,7,0.3,0.7,True,7,True,0,0.0,True,0,0.0
48,33,7,0.3,0.7,True,7,True,0,0.0,True,0,0.0
49,33,7,0.3,0.7,True,7,True,0,0.0,True,0,0.0
50,33,7,0.3,0.7,True,7,True,0,0.0,True,0,0.0
51,33,7,0.3,0.7,True,7,True,0,0.0,True,0,0.0
52,33,7,0.3,0.7,True,7,True,0,0.0,True,0,0.0
53,33,7,0.3,0.7,True,7,True,0,0.0,True,0,0.0
54,33,7,0.3,0.7,True,7,True,0,0.0,True,0,0.0
55,33,7,0.3,0.7,True,7,True,0,0.0,True,0,0.0
56,33,7,0.3,0.7,True,7,True,0,0.0,True,0,0.0
57,33,7,0.3,0.7,True,7,True,0,0.0,True,0,0.0
58,33,7,0.3,0.7,True,7,True,0,0.0,True,0,0.0
59,33,7,0.3,0.7,True,7,True,0,0.0,True,0,0.0
60,33,7,0.3,0.7,True,7,True,0,0.0,True,0,0.0
61,33,7,0.3,0.7,True,7,True,0,0.0,True,0,0.0
62,33,7,0.3,0.7,True,7,True,0,0.0,True,0,0.0
63,33,7,0.3,0.7,True,7,True,0,0.0,True,0,0.0
64,33,7,0.3,0.7,True,7,True,0,0.0,True,0,0.0
65,33,7,0.3,0.7,True,7,True,0,0.0,True,0,0.0
66,33,7,0.3,0.7,True,7,True,0,0.0,True,0,0.0
67,33,7,0.3,0.7,True,7,True,0,0.0,True,0,0.0
68,33,7,0.3,0.7,True,7,True,0,0.0,True,0,0.0
69,33,7,0.3,0.7,True,7,True,0,0.0,True,0,0.0
70,33,7,0.3,0.7,True,7,True,0,0.0,True,0,0.0
71,33,7,0.3,0.7,True,7,True,0,0.0,True,0,0.0
72,33,7,0.3,0.7,True,7,True,0,0.0,True,0,0.0
73,33,7,0.3,0.7,True,7,True,0,0.0,True,0,0.0
74,33,7,0.3,0.7,True,7,True,0,0.0,True,0,0.0
75,33,7,0.3,0.7,True,7,True,0,0.0,True,0,0.0
76,33,7,0.3,0.7,True,7,True,0,0.0,True,0,0.0
77,33,7,0.3,0.7,True,7,True,0,0.0,True,0,0.0
78,33,7,0.3,0.7,True,7,True,0,0.0,True,0,0.0
79,33,7,0.3,0.7,True,7,True,0,0.0,True,0,0.0
80,33,7,0.3,0.7,True,7,True,0,0.0,True,0,0.0
81,33,7,0.3,0.7,True,7,True,0,0.0,True,0,0.0
82,33,7,0.3,0.7,True,7,True,0,0.0,True,0,0.0
83,33,7,0.3,0.7,True,7,True,0,0.0,True,0,0.0
84,33,7,0.3,0.7,True,7,True,0,0.0,True,0,0.0
85,33,7,0.3,0.7,True,7,True,0,0.0,True,0,0.0
86,33,7,0.3,0.7,True,7,True,0,0.0,True,0,0.0
87,33,7,0.3,0.7,False,7,True,0,0.0,True,0,0.0
88,33,7,0.3,0.7,True,7,True,0,0.0,True,0,0.0
89,33,7,0.3,0.7,True,7,True,0,0.0,True,0,0.0
90,33,7,0.3,0.7,False,7,True,0,0.0,True,0,0.0
91,33,7,0.3,0.7,True,7,True,0,0.0,True,0,0.0
92,33,7,0.3,0.7,True,7,True,0,0.0,True,0,0.0
93,33,7,0.3,0.7,True,7,True,0,0.0,True,0,0.0
94,33,7,0.3,0.7,True,7,True,0,0.0,True,0,0.0
95,33,7,0.3,0.7,True,7,True,0,0.0,True,0,0.0
96,33,7,0.3,0.7,True,7,True,0,0.0,True,0,0.0
97,33,7,0.3,0.7,True,7,True,0,0.0,True,0,0.0
98,33,7,0.3,0.7,True,7,True,0,0.0,True,0,0.0
99,33,7,0.3,0.7,True,7,True,0,0.0,True,0,0.0
0,33,7,0.45,0.3,True,7,True,0,0.0,True,0,0.0
1,33,7,0.45,0.3,True,7,True,0,0.0,True,0,0.0
2,33,7,0.45,0.3,False,7,True,0,0.0,True,0,0.0
3,33,7,0.45,0.3,True,7,True,0,0.0,True,0,0.0
4,33,7,0.45,0.3,True,7,True,0,0.0,True,0,0.0
5,33,7,0.45,0.3,True,7,True,0,0.0,True,0,0.0
6,33,7,0.45,0.3,True,7,True,0,0.0,True,0,0.0
7,33,7,0.45,0.3,True,7,True,0,0.0,True,0,0.0
8,33,7,0.45,0.3,True,7,True,0,0.0,True,0,0.0
9,33,7,0.45,0.3,True,7,True,0,0.0,True,0,0.0
10,33,7,0.45,0.3,True,7,True,0,0.0,True,0,0.0
11,33,7,0.45,0.3,True,7,True,0,0.0,True,0,0.0
12,33,7,0.45,0.3,True,7,True,0,0.0,True,0,0.0
13,33,7,0.45,0.3,True,7,True,0,0.0,True,0,0.0
14,33,7,0.45,0.3,True,7,True,0,0.0,True,0,0.0
15,33,7,0.45,0.3,True,7,True,0,0.0,True,0,0.0
16,33,7,0.45,0.3,True,7,True,0,0.0,True,0,0.0
17,33,7,0.45,0.3,True,7,True,0,0.0,True,0,0.0
18,33,7,0.45,0.3,True,7,True,0,0.0,True,0,0.0
19,33,7,0.45,0.3,True,7,True,0,0.0,True,0,0.0
20,33,7,0.45,0.3,True,7,True,0,0.0,True,0,0.0
21,33,7,0.45,0.3,True,7,True,0,0.0,True,0,0.0
22,33,7,0.45,0.3,False,7,True,0,0.0,True,0,0.0
23,33,7,0.45,0.3,True,7,True,0,0.0,True,0,0.0
24,33,7,0.45,0.3,True,7,True,0,0.0,True,0,0.0
25,33,7,0.45,0.3,True,7,True,0,0.0,True,0,0.0
26,33,7,0.45,0.3,True,7,True,0,0.0,True,0,0.0
27,33,7,0.45,0.3,True,7,True,0,0.0,True,0,0.0
28,33,7,0.45,0.3,True,7,True,0,0.0,True,0,0.0
29,33,7,0.45,0.3,True,7,True,0,0.0,True,0,0.0
30,33,7,0.45,0.3,True,7,True,0,0.0,True,0,0.0
31,33,7,0.45,0.3,True,7,True,0,0.0,True,0,0.0
32,33,7,0.45,0.3,True,7,True,0,0.0,True,0,0.0
33,33,7,0.45,0.3,True,7,True,0,0.0,True,0,0.0
34,33,7,0.45,0.3,True,7,True,0,0.0,True,0,0.0
35,33,7,0.45,0.3,True,7,True,0,0.0,True,0,0.0
36,33,7,0.45,0.3,True,7,True,0,0.0,True,0,0.0
37,33,7,0.45,0.3,True,7,True,0,0.0,True,0,0.0
38,33,7,0.45,0.3,True,7,True,0,0.0,True,0,0.0
39,33,7,0.45,0.3,True,7,True,0,0.0,True,0,0.0
40,33,7,0.45,0.3,True,7,True,0,0.0,True,0,0.0
41,33,7,0.45,0.3,True,7,True,0,0.0,True,0,0.0
42,33,7,0.45,0.3,True,7,True,0,0.0,True,0,0.0
43,33,7,0.45,0.3,True,7,True,0,0.0,True,0,0.0
44,33,7,0.45,0.3,True,7,True,0,0.0,True,0,0.0
45,33,7,0.45,0.3,True,7,True,0,0.0,True,0,0.0
46,33,7,0.45,0.3,True,7,True,0,0.0,True,0,0.0
47,33,7,0.45,0.3,True,7,True,0,0.0,True,0,0.0
48,33,7,0.45,0.3,True,7,True,0,0.0,True,0,0.0
49,33,7,0.45,0.3,True,7,True,0,0.0,True,0,0.0
50,33,7,0.45,0.3,True,7,True,0,0.0,True,0,0.0
51,33,7,0.45,0.3,True,7,True,0,0.0,True,0,0.0
52,33,7,0.45,0.3,True,7,True,0,0.0,True,0,0.0
53,33,7,0.45,0.3,True,7,True,0,0.0,True,0,0.0
54,33,7,0.45,0.3,True,7,True,0,0.0,True,0,0.0
55,33,7,0.45,0.3,True,7,True,0,0.0,True,0,0.0
56,33,7,0.45,0.3,True,7,True,0,0.0,True,0,0.0
57,33,7,0.45,0.3,True,7,True,0,0.0,True,0,0.0
58,33,7,0.45,0.3,True,7,True,0,0.0,True,0,0.0
59,33,7,0.45,0.3,True,7,True,0,0.0,True,0,0.0
60,33,7,0.45,0.3,True,7,True,0,0.0,True,0,0.0
61,33,7,0.45,0.3,True,7,True,0,0.0,True,0,0.0
62,33,7,0.45,0.3,True,7,True,0,0.0,True,0,0.0
63,33,7,0.45,0.3,True,7,True,0,0.0,True,0,0.0
64,33,7,0.45,0.3,True,7,True,0,0.0,True,0,0.0
65,33,7,0.45,0.3,True,7,True,0,0.0,True,0,0.0
66,33,7,0.45,0.3,True,7,True,0,0.0,True,0,0.0
67,33,7,0.45,0.3,True,7,True,0,0.0,True,0,0.0
68,33,7,0.45,0.3,True,7,True,0,0.0,True,0,0.0
69,33,7,0.45,0.3,True,7,True,0,0.0,True,0,0.0
70,33,7,0.45,0.3,True,7,True,0,0.0,True,0,0.0
71,33,7,0.45,0.3,True,7,True,0,0.0,True,0,0.0
72,33,7,0.45,0.3,True,7,True,0,0.0,True,0,0.0
73,33,7,0.45,0.3,True,7,True,0,0.0,True,0,0.0
74,33,7,0.45,0.3,True,7,True,0,0.0,True,0,0.0
75,33,7,0.45,0.3,True,7,True,0,0.0,True,0,0.0
76,33,7,0.45,0.3,True,7,True,0,0.0,True,0,0.0
77,33,7,0.45,0.3,True,7,True,0,0.0,True,0,0.0
78,33,7,0.45,0.3,True,7,True,0,0.0,True,0,0.0
79,33,7,0.45,0.3,True,7,True,0,0.0,True,0,0.0
80,33,7,0.45,0.3,True,7,True,0,0.0,True,0,0.0
81,33,7,0.45,0.3,True,7,True,0,0.0,True,0,0.0
82,33,7,0.45,0.3,True,7,True,0,0.0,True,0,0.0
83,33,7,0.45,0.3,True,7,True,0,0.0,True,0,0.0
84,33,7,0.45,0.3,True,7,True,0,0.0,True,0,0.0
85,33,7,0.45,0.3,True,7,True,0,0.0,True,0,0.0
86,33,7,0.45,0.3,True,7,True,0,0.0,True,0,0.0
87,33,7,0.45,0.3,False,7,True,0,0.0,True,0,0.0
88,33,7,0.45,0.3,True,7,True,0,0.0,True,0,0.0
89,33,7,0.45,0.3,True,7,True,0,0.0,True,0,0.0
90,33,7,0.45,0.3,False,7,True,0,0.0,True,0,0.0
91,33,7,0.45,0.3,True,7,True,0,0.0,True,0,0.0
92,33,7,0.45,0.3,True,7,True,0,0.0,True,0,0.0
93,33,7,0.45,0.3,True,7,True,0,0.0,True,0,0.0
94,33,7,0.45,0.3,True,7,True,0,0.0,True,0,0.0
95,33,7,0.45,0.3,True,7,True,0,0.0,True,0,0.0
96,33,7,0.45,0.3,True,7,True,0,0.0,True,0,0.0
97,33,7,0.45,0.3,True,7,True,0,0.0,True,0,0.0
98,33,7,0.45,0.3,True,7,True,0,0.0,True,0,0.0
99,33,7,0.45,0.3,True,7,True,0,0.0,True,0,0.0
0,33,7,0.45,0.5,True,7,True,0,0.0,True,0,0.0
1,33,7,0.45,0.5,True,7,True,0,0.0,True,0,0.0
2,33,7,0.45,0.5,False,7,True,0,0.0,True,0,0.0
3,33,7,0.45,0.5,True,7,True,0,0.0,True,0,0.0
4,33,7,0.45,0.5,True,7,True,0,0.0,True,0,0.0
5,33,7,0.45,0.5,True,7,True,0,0.0,True,0,0.0
6,33,7,0.45,0.5,True,7,True,0,0.0,True,0,0.0
7,33,7,0.45,0.5,True,7,True,0,0.0,True,0,0.0
8,33,7,0.45,0.5,True,7,True,0,0.0,True,0,0.0
9,33,7,0.45,0.5,True,7,True,0,0.0,True,0,0.0
10,33,7,0.45,0.5,True,7,True,0,0.0,True,0,0.0
11,33,7,0.45,0.5,True,7,True,0,0.0,True,0,0.0
12,33,7,0.45,0.5,True,7,True,0,0.0,True,0,0.0
13,33,7,0.45,0.5,True,7,True,0,0.0,True,0,0.0
14,33,7,0.45,0.5,True,7,True,0,0.0,True,0,0.0
15,33,7,0.45,0.5,True,7,True,0,0.0,True,0,0.0
16,33,7,0.45,0.5,True,7,True,0,0.0,True,0,0.0
17,33,7,0.45,0.5,True,7,True,0,0.0,True,0,0.0
18,33,7,0.45,0.5,True,7,True,0,0.0,True,0,0.0
19,33,7,0.45,0.5,True,7,True,0,0.0,True,0,0.0
20,33,7,0.45,0.5,True,7,True,0,0.0,True,0,0.0
21,33,7,0.45,0.5,True,7,True,0,0.0,True,0,0.0
22,33,7,0.45,0.5,False,7,True,0,0.0,True,0,0.0
23,33,7,0.45,0.5,True,7,True,0,0.0,True,0,0.0
24,33,7,0.45,0.5,True,7,True,0,0.0,True,0,0.0
25,33,7,0.45,0.5,True,7,True,0,0.0,True,0,0.0
26,33,7,0.45,0.5,True,7,True,0,0.0,True,0,0.0
27,33,7,0.45,0.5,True,7,True,0,0.0,True,0,0.0
28,33,7,0.45,0.5,True,7,True,0,0.0,True,0,0.0
29,33,7,0.45,0.5,True,7,True,0,0.0,True,0,0.0
30,33,7,0.45,0.5,True,7,True,0,0.0,True,0,0.0
31,33,7,0.45,0.5,True,7,True,0,0.0,True,0,0.0
32,33,7,0.45,0.5,True,7,True,0,0.0,True,0,0.0
33,33,7,0.45,0.5,True,7,True,0,0.0,True,0,0.0
34,33,7,0.45,0.5,True,7,True,0,0.0,True,0,0.0
35,33,7,0.45,0.5,True,7,True,0,0.0,True,0,0.0
36,33,7,0.45,0.5,True,7,True,0,0.0,True,0,0.0
37,33,7,0.45,0.5,True,7,True,0,0.0,True,0,0.0
38,33,7,0.45,0.5,True,7,True,0,0.0,True,0,0.0
39,33,7,0.45,0.5,True,7,True,0,0.0,True,0,0.0
40,33,7,0.45,0.5,True,7,True,0,0.0,True,0,0.0
41,33,7,0.45,0.5,True,7,True,0,0.0,True,0,0.0
42,33,7,0.45,0.5,True,7,True,0,0.0,True,0,0.0
43,33,7,0.45,0.5,True,7,True,0,0.0,True,0,0.0
44,33,7,0.45,0.5,True,7,True,0,0.0,True,0,0.0
45,33,7,0.45,0.5,True,7,True,0,0.0,True,0,0.0
46,33,7,0.45,0.5,True,7,True,0,0.0,True,0,0.0
47,33,7,0.45,0.5,True,7,True,0,0.0,True,0,0.0
48,33,7,0.45,0.5,True,7,True,0,0.0,True,0,0.0
49,33,7,0.45,0.5,True,7,True,0,0.0,True,0,0.0
50,33,7,0.45,0.5,True,7,True,0,0.0,True,0,0.0
51,33,7,0.45,0.5,True,7,True,0,0.0,True,0,0.0
52,33,7,0.45,0.5,True,7,True,0,0.0,True,0,0.0
53,33,7,0.45,0.5,True,7,True,0,0.0,True,0,0.0
54,33,7,0.45,0.5,True,7,True,0,0.0,True,0,0.0
55,33,7,0.45,0.5,True,7,True,0,0.0,True,0,0.0
56,33,7,0.45,0.5,True,7,True,0,0.0,True,0,0.0
57,33,7,0.45,0.5,True,7,True,0,0.0,True,0,0.0
58,33,7,0.45,0.5,True,7,True,0,0.0,True,0,0.0
59,33,7,0.45,0.5,True,7,True,0,0.0,True,0,0.0
60,33,7,0.45,0.5,True,7,True,0,0.0,True,0,0.0
61,33,7,0.45,0.5,True,7,True,0,0.0,True,0,0.0
62,33,7,0.45,0.5,True,7,True,0,0.0,True,0,0.0
63,33,7,0.45,0.5,True,7,True,0,0.0,True,0,0.0
64,33,7,0.45,0.5,True,7,True,0,0.0,True,0,0.0
65,33,7,0.45,0.5,True,7,True,0,0.0,True,0,0.0
66,33,7,0.45,0.5,True,7,True,0,0.0,True,0,0.0
67,33,7,0.45,0.5,True,7,True,0,0.0,True,0,0.0
68,33,7,0.45,0.5,True,7,True,0,0.0,True,0,0.0
69,33,7,0.45,0.5,True,7,True,0,0.0,True,0,0.0
70,33,7,0.45,0.5,True,7,True,0,0.0,True,0,0.0
71,33,7,0.45,0.5,True,7,True,0,0.0,True,0,0.0
72,33,7,0.45,0.5,True,7,True,0,0.0,True,0,0.0
73,33,7,0.45,0.5,True,7,True,0,0.0,True,0,0.0
74,33,7,0.45,0.5,True,7,True,0,0.0,True,0,0.0
75,33,7,0.45,0.5,True,7,True,0,0.0,True,0,0.0
76,33,7,0.45,0.5,True,7,True,0,0.0,True,0,0.0
77,33,7,0.45,0.5,True,7,True,0,0.0,True,0,0.0
78,33,7,0.45,0.5,True,7,True,0,0.0,True,0,0.0
79,33,7,0.45,0.5,True,7,True,0,0.0,True,0,0.0
80,33,7,0.45,0.5,True,7,True,0,0.0,True,0,0.0
81,33,7,0.45,0.5,True,7,True,0,0.0,True,0,0.0
82,33,7,0.45,0.5,True,7,True,0,0.0,True,0,0.0
83,33,7,0.45,0.5,True,7,True,0,0.0,True,0,0.0
84,33,7,0.45,0.5,True,7,True,0,0.0,True,0,0.0
85,33,7,0.45,0.5,True,7,True,0,0.0,True,0,0.0
86,33,7,0.45,0.5,True,7,True,0,0.0,True,0,0.0
87,33,7,0.45,0.5,False,7,True,0,0.0,True,0,0.0
88,33,7,0.45,0.5,True,7,True,0,0.0,True,0,0.0
89,33,7,0.45,0.5,True,7,True,0,0.0,True,0,0.0
90,33,7,0.45,0.5,False,7,True,0,0.0,True,0,0.0
91,33,7,0.45,0.5,True,7,True,0,0.0,True,0,0.0
92,33,7,0.45,0.5,True,7,True,0,0.0,True,0,0.0
93,33,7,0.45,0.5,True,7,True,0,0.0,True,0,0.0
94,33,7,0.45,0.5,True,7,True,0,0.0,True,0,0.0
95,33,7,0.45,0.5,True,7,True,0,0.0,True,0,0.0
96,33,7,0.45,0.5,True,7,True,0,0.0,True,0,0.0
97,33,7,0.45,0.5,True,7,True,0,0.0,True,0,0.0
98,33,7,0.45,0.5,True,7,True,0,0.0,True,0,0.0
99,33,7,0.45,0.5,True,7,True,0,0.0,True,0,0.0
0,33,7,0.45,0.7,True,7,True,0,0.0,True,0,0.0
1,33,7,0.45,0.7,True,7,True,0,0.0,True,0,0.0
2,33,7,0.45,0.7,False,7,True,0,0.0,True,0,0.0
3,33,7,0.45,0.7,True,7,True,0,0.0,True,0,0.0
4,33,7,0.45,0.7,True,7,True,0,0.0,True,0,0.0
5,33,7,0.45,0.7,True,7,True,0,0.0,True,0,0.0
6,33,7,0.45,0.7,True,7,True,0,0.0,True,0,0.0
7,33,7,0.45,0.7,True,7,True,0,0.0,True,0,0.0
8,33,7,0.45,0.7,True,7,True,0,0.0,True,0,0.0
9,33,7,0.45,0.7,True,7,True,0,0.0,True,0,0.0
10,33,7,0.45,0.7,True,7,True,0,0.0,True,0,0.0
11,33,7,0.45,0.7,True,7,True,0,0.0,True,0,0.0
12,33,7,0.45,0.7,True,7,True,0,0.0,True,0,0.0
13,33,7,0.45,0.7,True,7,True,0,0.0,True,0,0.0
14,33,7,0.45,0.7,True,7,True,0,0.0,True,0,0.0
15,33,7,0.45,0.7,True,7,True,0,0.0,True,0,0.0
16,33,7,0.45,0.7,True,7,True,0,0.0,True,0,0.0
17,33,7,0.45,0.7,True,7,True,0,0.0,True,0,0.0
18,33,7,0.45,0.7,True,7,True,0,0.0,True,0,0.0
19,33,7,0.45,0.7,True,7,True,0,0.0,True,0,0.0
20,33,7,0.45,0.7,True,7,True,0,0.0,True,0,0.0
21,33,7,0.45,0.7,True,7,True,0,0.0,True,0,0.0
22,33,7,0.45,0.7,False,7,True,0,0.0,True,0,0.0
23,33,7,0.45,0.7,True,7,True,0,0.0,True,0,0.0
24,33,7,0.45,0.7,True,7,True,0,0.0,True,0,0.0
25,33,7,0.45,0.7,True,7,True,0,0.0,True,0,0.0
26,33,7,0.45,0.7,True,7,True,0,0.0,True,0,0.0
27,33,7,0.45,0.7,True,7,True,0,0.0,True,0,0.0
28,33,7,0.45,0.7,True,7,True,0,0.0,True,0,0.0
29,33,7,0.45,0.7,True,7,True,0,0.0,True,0,0.0
30,33,7,0.45,0.7,True,7,True,0,0.0,True,0,0.0
31,33,7,0.45,0.7,True,7,True,0,0.0,True,0,0.0
32,33,7,0.45,0.7,True,7,True,0,0.0,True,0,0.0
33,33,7,0.45,0.7,True,7,True,0,0.0,True,0,0.0
34,33,7,0.45,0.7,True,7,True,0,0.0,True,0,0.0
35,33,7,0.45,0.7,True,7,True,0,0.0,True,0,0.0
36,33,7,0.45,0.7,True,7,True,0,0.0,True,0,0.0
37,33,7,0.45,0.7,True,7,True,0,0.0,True,0,0.0
38,33,7,0.45,0.7,True,7,True,0,0.0,True,0,0.0
39,33,7,0.45,0.7,True,7,True,0,0.0,True,0,0.0
40,33,7,0.45,0.7,True,7,True,0,0.0,True,0,0.0
41,33,7,0.45,0.7,True,7,True,0,0.0,True,0,0.0
42,33,7,0.45,0.7,True,7,True,0,0.0,True,0,0.0
43,33,7,0.45,0.7,True,7,True,0,0.0,True,0,0.0
44,33,7,0.45,0.7,True,7,True,0,0.0,True,0,0.0
45,33,7,0.45,0.7,True,7,True,0,0.0,True,0,0.0
46,33,7,0.45,0.7,True,7,True,0,0.0,True,0,0.0
47,33,7,0.45,0.7,True,7,True,0,0.0,True,0,0.0
48,33,7,0.45,0.7,True,7,True,0,0.0,True,0,0.0
49,33,7,0.45,0.7,True,7,True,0,0.0,True,0,0.0
50,33,7,0.45,0.7,True,7,True,0,0.0,True,0,0.0
51,33,7,0.45,0.7,True,7,True,0,0.0,True,0,0.0
52,33,7,0.45,0.7,True,7,True,0,0.0,True,0,0.0
53,33,7,0.45,0.7,True,7,True,0,0.0,True,0,0.0
54,33,7,0.45,0.7,True,7,True,0,0.0,True,0,0.0
55,33,7,0.45,0.7,True,7,True,0,0.0,True,0,0.0
56,33,7,0.45,0.7,True,7,True,0,0.0,True,0,0.0
57,33,7,0.45,0.7,True,7,True,0,0.0,True,0,0.0
58,33,7,0.45,0.7,True,7,True,0,0.0,True,0,0.0
59,33,7,0.45,0.7,True,7,True,0,0.0,True,0,0.0
60,33,7,0.45,0.7,True,7,True,0,0.0,True,0,0.0
61,33,7,0.45,0.7,True,7,True,0,0.0,True,0,0.0
62,33,7,0.45,0.7,True,7,True,0,0.0,True,0,0.0
63,33,7,0.45,0.7,True,7,True,0,0.0,True,0,0.0
64,33,7,0.45,0.7,True,7,True,0,0.0,True,0,0.0
65,33,7,0.45,0.7,True,7,True,0,0.0,True,0,0.0
66,33,7,0.45,0.7,True,7,True,0,0.0,True,0,0.0
67,33,7,0.45,0.7,True,7,True,0,0.0,True,0,0.0
68,33,7,0.45,0.7,True,7,True,0,0.0,True,0,0.0
69,33,7,0.45,0.7,True,7,True,0,0.0,True,0,0.0
70,33,7,0.45,0.7,True,7,True,0,0.0,True,0,0.0
71,33,7,0.45,0.7,True,7,True,0,0.0,True,0,0.0
72,33,7,0.45,0.7,True,7,True,0,0.0,True,0,0.0
73,33,7,0.45,0.7,True,7,True,0,0.0,True,0,0.0
74,33,7,0.45,0.7,True,7,True,0,0.0,True,0,0.0
75,33,7,0.45,0.7,True,7,True,0,0.0,True,0,0.0
76,33,7,0.45,0.7,True,7,True,0,0.0,True,0,0.0
77,33,7,0.45,0.7,True,7,True,0,0.0,True,0,0.0
78,33,7,0.45,0.7,True,7,True,0,0.0,True,0,0.0
79,33,7,0.45,0.7,True,7,True,0,0.0,True,0,0.0
80,33,7,0.45,0.7,True,7,True,0,0.0,True,0,0.0
81,33,7,0.45,0.7,True,7,True,0,0.0,True,0,0.0
82,33,7,0.45,0.7,True,7,True,0,0.0,True,0,0.0
83,33,7,0.45,0.7,True,7,True,0,0.0,True,0,0.0
84,33,7,0.45,0.7,True,7,True,0,0.0,True,0,0.0
85,33,7,0.45,0.7,True,7,True,0,0.0,True,0,0.0
86,33,7,0.45,0.7,True,7,True,0,0.0,True,0,0.0
87,33,7,0.45,0.7,False,7,True,0,0.0,True,0,0.0
88,33,7,0.45,0.7,True,7,True,0,0.0,True,0,0.0
89,33,7,0.45,0.7,True,7,True,0,0.0,True,0,0.0
90,33,7,0.45,0.7,False,7,True,0,0.0,True,0,0.0
91,33,7,0.45,0.7,True,7,True,0,0.0,True,0,0.0
92,33,7,0.45,0.7,True,7,True,0,0.0,True,0,0.0
93,33,7,0.45,0.7,True,7,True,0,0.0,True,0,0.0
94,33,7,0.45,0.7,True,7,True,0,0.0,True,0,0.0
95,33,7,0.45,0.7,True,7,True,0,0.0,True,0,0.0
96,33,7,0.45,0.7,True,7,True,0,0.0,True,0,0.0
97,33,7,0.45,0.7,True,7,True,0,0.0,True,0,0.0
98,33,7,0.45,0.7,True,7,True,0,0.0,True,0,0.0
99,33,7,0.45,0.7,True,7,True,0,0.0,True,0,0.0
0,33,7,0.6,0.3,True,7,True,0,0.0,True,0,0.0
1,33,7,0.6,0.3,True,7,True,0,0.0,True,0,0.0
2,33,7,0.6,0.3,False,7,True,0,0.0,True,0,0.0
3,33,7,0.6,0.3,True,7,True,0,0.0,True,0,0.0
4,33,7,0.6,0.3,True,7,True,0,0.0,True,0,0.0
5,33,7,0.6,0.3,True,7,True,0,0.0,True,0,0.0
6,33,7,0.6,0.3,True,7,True,0,0.0,True,0,0.0
7,33,7,0.6,0.3,True,7,True,0,0.0,True,0,0.0
8,33,7,0.6,0.3,True,7,True,0,0.0,True,0,0.0
9,33,7,0.6,0.3,True,7,True,0,0.0,True,0,0.0
10,33,7,0.6,0.3,True,7,True,0,0.0,True,0,0.0
11,33,7,0.6,0.3,True,7,True,0,0.0,True,0,0.0
12,33,7,0.6,0.3,True,7,True,0,0.0,True,0,0.0
13,33,7,0.6,0.3,True,7,True,0,0.0,True,0,0.0
14,33,7,0.6,0.3,True,7,True,0,0.0,True,0,0.0
15,33,7,0.6,0.3,True,7,True,0,0.0,True,0,0.0
16,33,7,0.6,0.3,True,7,True,0,0.0,True,0,0.0
17,33,7,0.6,0.3,True,7,True,0,0.0,True,0,0.0
18,33,7,0.6,0.3,True,7,True,0,0.0,True,0,0.0
19,33,7,0.6,0.3,True,7,True,0,0.0,True,0,0.0
20,33,7,0.6,0.3,True,7,True,0,0.0,True,0,0.0
21,33,7,0.6,0.3,True,7,True,0,0.0,True,0,0.0
22,33,7,0.6,0.3,False,7,True,0,0.0,True,0,0.0
23,33,7,0.6,0.3,True,7,True,0,0.0,True,0,0.0
24,33,7,0.6,0.3,True,7,True,0,0.0,True,0,0.0
25,33,7,0.6,0.3,True,7,True,0,0.0,True,0,0.0
26,33,7,0.6,0.3,True,7,True,0,0.0,True,0,0.0
27,33,7,0.6,0.3,True,7,True,0,0.0,True,0,0.0
28,33,7,0.6,0.3,True,7,True,0,0.0,True,0,0.0
29,33,7,0.6,0.3,True,7,True,0,0.0,True,0,0.0
30,33,7,0.6,0.3,True,7,True,0,0.0,True,0,0.0
31,33,7,0.6,0.3,True,7,True,0,0.0,True,0,0.0
32,33,7,0.6,0.3,True,7,True,0,0.0,True,0,0.0
33,33,7,0.6,0.3,True,7,True,0,0.0,True,0,0.0
34,33,7,0.6,0.3,True,7,True,0,0.0,True,0,0.0
35,33,7,0.6,0.3,True,7,True,0,0.0,True,0,0.0
36,33,7,0.6,0.3,True,7,True,0,0.0,True,0,0.0
37,33,7,0.6,0.3,True,7,True,0,0.0,True,0,0.0
38,33,7,0.6,0.3,True,7,True,0,0.0,True,0,0.0
39,33,7,0.6,0.3,True,7,True,0,0.0,True,0,0.0
40,33,7,0.6,0.3,True,7,True,0,0.0,True,0,0.0
41,33,7,0.6,0.3,True,7,True,0,0.0,True,0,0.0
42,33,7,0.6,0.3,True,7,True,0,0.0,True,0,0.0
43,33,7,0.6,0.3,True,7,True,0,0.0,True,0,0.0
44,33,7,0.6,0.3,True,7,True,0,0.0,True,0,0.0
45,33,7,0.6,0.3,True,7,True,0,0.0,True,0,0.0
46,33,7,0.6,0.3,True,7,True,0,0.0,True,0,0.0
47,33,7,0.6,0.3,True,7,True,0,0.0,True,0,0.0
48,33,7,0.6,0.3,True,7,True,0,0.0,True,0,0.0
49,33,7,0.6,0.3,True,7,True,0,0.0,True,0,0.0
50,33,7,0.6,0.3,True,7,True,0,0.0,True,0,0.0
51,33,7,0.6,0.3,True,7,True,0,0.0,True,0,0.0
52,33,7,0.6,0.3,True,7,True,0,0.0,True,0,0.0
53,33,7,0.6,0.3,True,7,True,0,0.0,True,0,0.0
54,33,7,0.6,0.3,True,7,True,0,0.0,True,0,0.0
55,33,7,0.6,0.3,True,7,True,0,0.0,True,0,0.0
56,33,7,0.6,0.3,True,7,True,0,0.0,True,0,0.0
57,33,7,0.6,0.3,True,7,True,0,0.0,True,0,0.0
58,33,7,0.6,0.3,True,7,True,0,0.0,True,0,0.0
59,33,7,0.6,0.3,True,7,True,0,0.0,True,0,0.0
60,33,7,0.6,0.3,True,7,True,0,0.0,True,0,0.0
61,33,7,0.6,0.3,True,7,True,0,0.0,True,0,0.0
62,33,7,0.6,0.3,True,7,True,0,0.0,True,0,0.0
63,33,7,0.6,0.3,True,7,True,0,0.0,True,0,0.0
64,33,7,0.6,0.3,True,7,True,0,0.0,True,0,0.0
65,33,7,0.6,0.3,True,7,True,0,0.0,True,0,0.0
66,33,7,0.6,0.3,True,7,True,0,0.0,True,0,0.0
67,33,7,0.6,0.3,True,7,True,0,0.0,True,0,0.0
68,33,7,0.6,0.3,True,7,True,0,0.0,True,0,0.0
69,33,7,0.6,0.3,True,7,True,0,0.0,True,0,0.0
70,33,7,0.6,0.3,True,7,True,0,0.0,True,0,0.0
71,33,7,0.6,0.3,True,7,True,0,0.0,True,0,0.0
72,33,7,0.6,0.3,True,7,True,0,0.0,True,0,0.0
73,33,7,0.6,0.3,True,7,True,0,0.0,True,0,0.0
74,33,7,0.6,0.3,True,7,True,0,0.0,True,0,0.0
75,33,7,0.6,0.3,True,7,True,0,0.0,True,0,0.0
76,33,7,0.6,0.3,True,7,True,0,0.0,True,0,0.0
77,33,7,0.6,0.3,True,7,True,0,0.0,True,0,0.0
78,33,7,0.6,0.3,True,7,True,0,0.0,True,0,0.0
79,33,7,0.6,0.3,True,7,True,0,0.0,True,0,0.0
80,33,7,0.6,0.3,True,7,True,0,0.0,True,0,0.0
81,33,7,0.6,0.3,True,7,True,0,0.0,True,0,0.0
82,33,7,0.6,0.3,True,7,True,0,0.0,True,0,0.0
83,33,7,0.6,0.3,True,7,True,0,0.0,True,0,0.0
84,33,7,0.6,0.3,True,7,True,0,0.0,True,0,0.0
85,33,7,0.6,0.3,True,7,True,0,0.0,True,0,0.0
86,33,7,0.6,0.3,True,7,True,0,0.0,True,0,0.0
87,33,7,0.6,0.3,False,7,True,0,0.0,True,0,0.0
88,33,7,0.6,0.3,True,7,True,0,0.0,True,0,0.0
89,33,7,0.6,0.3,True,7,True,0,0.0,True,0,0.0
90,33,7,0.6,0.3,False,7,True,0,0.0,True,0,0.0
91,33,7,0.6,0.3,True,7,True,0,0.0,True,0,0.0
92,33,7,0.6,0.3,True,7,True,0,0.0,True,0,0.0
93,33,7,0.6,0.3,True,7,True,0,0.0,True,0,0.0
94,33,7,0.6,0.3,True,7,True,0,0.0,True,0,0.0
95,33,7,0.6,0.3,True,7,True,0,0.0,True,0,0.0
96,33,7,0.6,0.3,True,7,True,0,0.0,True,0,0.0
97,33,7,0.6,0.3,True,7,True,0,0.0,True,0,0.0
98,33,7,0.6,0.3,True,7,True,0,0.0,True,0,0.0
99,33,7,0.6,0.3,True,7,True,0,0.0,True,0,0.0
0,33,7,0.6,0.5,True,7,True,0,0.0,True,0,0.0
1,33,7,0.6,0.5,True,7,True,0,0.0,True,0,0.0
2,33,7,0.6,0.5,False,7,True,0,0.0,True,0,0.0
3,33,7,0.6,0.5,True,7,True,0,0.0,True,0,0.0
4,33,7,0.6,0.5,True,7,True,0,0.0,True,0,0.0
5,33,7,0.6,0.5,True,7,True,0,0.0,True,0,0.0
6,33,7,0.6,0.5,True,7,True,0,0.0,True,0,0.0
7,33,7,0.6,0.5,True,7,True,0,0.0,True,0,0.0
8,33,7,0.6,0.5,True,7,True,0,0.0,True,0,0.0
9,33,7,0.6,0.5,True,7,True,0,0.0,True,0,0.0
10,33,7,0.6,0.5,True,7,True,0,0.0,True,0,0.0
11,33,7,0.6,0.5,True,7,True,0,0.0,True,0,0.0
12,33,7,0.6,0.5,True,7,True,0,0.0,True,0,0.0
13,33,7,0.6,0.5,True,7,True,0,0.0,True,0,0.0
14,33,7,0.6,0.5,True,7,True,0,0.0,True,0,0.0
15,33,7,0.6,0.5,True,7,True,0,0.0,True,0,0.0
16,33,7,0.6,0.5,True,7,True,0,0.0,True,0,0.0
17,33,7,0.6,0.5,True,7,True,0,0.0,True,0,0.0
18,33,7,0.6,0.5,True,7,True,0,0.0,True,0,0.0
19,33,7,0.6,0.5,True,7,True,0,0.0,True,0,0.0
20,33,7,0.6,0.5,True,7,True,0,0.0,True,0,0.0
21,33,7,0.6,0.5,True,7,True,0,0.0,True,0,0.0
22,33,7,0.6,0.5,False,7,True,0,0.0,True,0,0.0
23,33,7,0.6,0.5,True,7,True,0,0.0,True,0,0.0
24,33,7,0.6,0.5,True,7,True,0,0.0,True,0,0.0
25,33,7,0.6,0.5,True,7,True,0,0.0,True,0,0.0
26,33,7,0.6,0.5,True,7,True,0,0.0,True,0,0.0
27,33,7,0.6,0.5,True,7,True,0,0.0,True,0,0.0
28,33,7,0.6,0.5,True,7,True,0,0.0,True,0,0.0
29,33,7,0.6,0.5,True,7,True,0,0.0,True,0,0.0
30,33,7,0.6,0.5,True,7,True,0,0.0,True,0,0.0
31,33,7,0.6,0.5,True,7,True,0,0.0,True,0,0.0
32,33,7,0.6,0.5,True,7,True,0,0.0,True,0,0.0
33,33,7,0.6,0.5,True,7,True,0,0.0,True,0,0.0
34,33,7,0.6,0.5,True,7,True,0,0.0,True,0,0.0
35,33,7,0.6,0.5,True,7,True,0,0.0,True,0,0.0
36,33,7,0.6,0.5,True,7,True,0,0.0,True,0,0.0
37,33,7,0.6,0.5,True,7,True,0,0.0,True,0,0.0
38,33,7,0.6,0.5,True,7,True,0,0.0,True,0,0.0
39,33,7,0.6,0.5,True,7,True,0,0.0,True,0,0.0
40,33,7,0.6,0.5,True,7,True,0,0.0,True,0,0.0
41,33,7,0.6,0.5,True,7,True,0,0.0,True,0,0.0
42,33,7,0.6,0.5,True,7,True,0,0.0,True,0,0.0
43,33,7,0.6,0.5,True,7,True,0,0.0,True,0,0.0
44,33,7,0.6,0.5,True,7,True,0,0.0,True,0,0.0
45,33,7,0.6,0.5,True,7,True,0,0.0,True,0,0.0
46,33,7,0.6,0.5,True,7,True,0,0.0,True,0,0.0
47,33,7,0.6,0.5,True,7,True,0,0.0,True,0,0.0
48,33,7,0.6,0.5,True,7,True,0,0.0,True,0,0.0
49,33,7,0.6,0.5,True,7,True,0,0.0,True,0,0.0
50,33,7,0.6,0.5,True,7,True,0,0.0,True,0,0.0
51,33,7,0.6,0.5,True,7,True,0,0.0,True,0,0.0
52,33,7,0.6,0.5,True,7,True,0,0.0,True,0,0.0
53,33,7,0.6,0.5,True,7,True,0,0.0,True,0,0.0
54,33,7,0.6,0.5,True,7,True,0,0.0,True,0,0.0
55,33,7,0.6,0.5,True,7,True,0,0.0,True,0,0.0
56,33,7,0.6,0.5,True,7,True,0,0.0,True,0,0.0
57,33,7,0.6,0.5,True,7,True,0,0.0,True,0,0.0
58,33,7,0.6,0.5,True,7,True,0,0.0,True,0,0.0
59,33,7,0.6,0.5,True,7,True,0,0.0,True,0,0.0
60,33,7,0.6,0.5,True,7,True,0,0.0,True,0,0.0
61,33,7,0.6,0.5,True,7,True,0,0.0,True,0,0.0
62,33,7,0.6,0.5,True,7,True,0,0.0,True,0,0.0
63,33,7,0.6,0.5,True,7,True,0,0.0,True,0,0.0
64,33,7,0.6,0.5,True,7,True,0,0.0,True,0,0.0
65,33,7,0.6,0.5,True,7,True,0,0.0,True,0,0.0
66,33,7,0.6,0.5,True,7,True,0,0.0,True,0,0.0
67,33,7,0.6,0.5,True,7,True,0,0.0,True,0,0.0
68,33,7,0.6,0.5,True,7,True,0,0.0,True,0,0.0
69,33,7,0.6,0.5,True,7,True,0,0.0,True,0,0.0
70,33,7,0.6,0.5,True,7,True,0,0.0,True,0,0.0
71,33,7,0.6,0.5,True,7,True,0,0.0,True,0,0.0
72,33,7,0.6,0.5,True,7,True,0,0.0,True,0,0.0
73,33,7,0.6,0.5,True,7,True,0,0.0,True,0,0.0
74,33,7,0.6,0.5,True,7,True,0,0.0,True,0,0.0
75,33,7,0.6,0.5,True,7,True,0,0.0,True,0,0.0
76,33,7,0.6,0.5,True,7,True,0,0.0,True,0,0.0
77,33,7,0.6,0.5,True,7,True,0,0.0,True,0,0.0
78,33,7,0.6,0.5,True,7,True,0,0.0,True,0,0.0
79,33,7,0.6,0.5,True,7,True,0,0.0,True,0,0.0
80,33,7,0.6,0.5,True,7,True,0,0.0,True,0,0.0
81,33,7,0.6,0.5,True,7,True,0,0.0,True,0,0.0
82,33,7,0.6,0.5,True,7,True,0,0.0,True,0,0.0
83,33,7,0.6,0.5,True,7,True,0,0.0,True,0,0.0
84,33,7,0.6,0.5,True,7,True,0,0.0,True,0,0.0
85,33,7,0.6,0.5,True,7,True,0,0.0,True,0,0.0
86,33,7,0.6,0.5,True,7,True,0,0.0,True,0,0.0
87,33,7,0.6,0.5,False,7,True,0,0.0,True,0,0.0
88,33,7,0.6,0.5,True,7,True,0,0.0,True,0,0.0
89,33,7,0.6,0.5,True,7,True,0,0.0,True,0,0.0
90,33,7,0.6,0.5,False,7,True,0,0.0,True,0,0.0
91,33,7,0.6,0.5,True,7,True,0,0.0,True,0,0.0
92,33,7,0.6,0.5,True,7,True,0,0.0,True,0,0.0
93,33,7,0.6,0.5,True,7,True,0,0.0,True,0,0.0
94,33,7,0.6,0.5,True,7,True,0,0.0,True,0,0.0
95,33,7,0.6,0.5,True,7,True,0,0.0,True,0,0.0
96,33,7,0.6,0.5,True,7,True,0,0.0,True,0,0.0
97,33,7,0.6,0.5,True,7,True,0,0.0,True,0,0.0
98,33,7,0.6,0.5,True,7,True,0,0.0,True,0,0.0
99,33,7,0.6,0.5,True,7,True,0,0.0,True,0,0.0
0,33,7,0.6,0.7,True,7,True,0,0.0,True,0,0.0
1,33,7,0.6,0.7,True,7,True,0,0.0,True,0,0.0
2,33,7,0.6,0.7,False,7,True,0,0.0,True,0,0.0
3,33,7,0.6,0.7,True,7,True,0,0.0,True,0,0.0
4,33,7,0.6,0.7,True,7,True,0,0.0,True,0,0.0
5,33,7,0.6,0.7,True,7,True,0,0.0,True,0,0.0
6,33,7,0.6,0.7,True,7,True,0,0.0,True,0,0.0
7,33,7,0.6,0.7,True,7,True,0,0.0,True,0,0.0
8,33,7,0.6,0.7,True,7,True,0,0.0,True,0,0.0
9,33,7,0.6,0.7,True,7,True,0,0.0,True,0,0.0
10,33,7,0.6,0.7,True,7,True,0,0.0,True,0,0.0
11,33,7,0.6,0.7,True,7,True,0,0.0,True,0,0.0
12,33,7,0.6,0.7,True,7,True,0,0.0,True,0,0.0
13,33,7,0.6,0.7,True,7,True,0,0.0,True,0,0.0
14,33,7,0.6,0.7,True,7,True,0,0.0,True,0,0.0
15,33,7,0.6,0.7,True,7,True,0,0.0,True,0,0.0
16,33,7,0.6,0.7,True,7,True,0,0.0,True,0,0.0
17,33,7,0.6,0.7,True,7,True,0,0.0,True,0,0.0
18,33,7,0.6,0.7,True,7,True,0,0.0,True,0,0.0
19,33,7,0.6,0.7,True,7,True,0,0.0,True,0,0.0
20,33,7,0.6,0.7,True,7,True,0,0.0,True,0,0.0
21,33,7,0.6,0.7,True,7,True,0,0.0,True,0,0.0
22,33,7,0.6,0.7,False,7,True,0,0.0,True,0,0.0
23,33,7,0.6,0.7,True,7,True,0,0.0,True,0,0.0
24,33,7,0.6,0.7,True,7,True,0,0.0,True,0,0.0
25,33,7,0.6,0.7,True,7,True,0,0.0,True,0,0.0
26,33,7,0.6,0.7,True,7,True,0,0.0,True,0,0.0
27,33,7,0.6,0.7,True,7,True,0,0.0,True,0,0.0
28,33,7,0.6,0.7,True,7,True,0,0.0,True,0,0.0
29,33,7,0.6,0.7,True,7,True,0,0.0,True,0,0.0
30,33,7,0.6,0.7,True,7,True,0,0.0,True,0,0.0
31,33,7,0.6,0.7,True,7,True,0,0.0,True,0,0.0
32,33,7,0.6,0.7,True,7,True,0,0.0,True,0,0.0
33,33,7,0.6,0.7,True,7,True,0,0.0,True,0,0.0
34,33,7,0.6,0.7,True,7,True,0,0.0,True,0,0.0
35,33,7,0.6,0.7,True,7,True,0,0.0,True,0,0.0
36,33,7,0.6,0.7,True,7,True,0,0.0,True,0,0.0
37,33,7,0.6,0.7,True,7,True,0,0.0,True,0,0.0
38,33,7,0.6,0.7,True,7,True,0,0.0,True,0,0.0
39,33,7,0.6,0.7,True,7,True,0,0.0,True,0,0.0
40,33,7,0.6,0.7,True,7,True,0,0.0,True,0,0.0
41,33,7,0.6,0.7,True,7,True,0,0.0,True,0,0.0
42,33,7,0.6,0.7,True,7,True,0,0.0,True,0,0.0
43,33,7,0.6,0.7,True,7,True,0,0.0,True,0,0.0
44,33,7,0.6,0.7,True,7,True,0,0.0,True,0,0.0
45,33,7,0.6,0.7,True,7,True,0,0.0,True,0,0.0
46,33,7,0.6,0.7,True,7,True,0,0.0,True,0,0.0
47,33,7,0.6,0.7,True,7,True,0,0.0,True,0,0.0
48,33,7,0.6,0.7,True,7,True,0,0.0,True,0,0.0
49,33,7,0.6,0.7,True,7,True,0,0.0,True,0,0.0
50,33,7,0.6,0.7,True,7,True,0,0.0,True,0,0.0
51,33,7,0.6,0.7,True,7,True,0,0.0,True,0,0.0
52,33,7,0.6,0.7,True,7,True,0,0.0,True,0,0.0
53,33,7,0.6,0.7,True,7,True,0,0.0,True,0,0.0
54,33,7,0.6,0.7,True,7,True,0,0.0,True,0,0.0
55,33,7,0.6,0.7,True,7,True,0,0.0,True,0,0.0
56,33,7,0.6,0.7,True,7,True,0,0.0,True,0,0.0
57,33,7,0.6,0.7,True,7,True,0,0.0,True,0,0.0
58,33,7,0.6,0.7,True,7,True,0,0.0,True,0,0.0
59,33,7,0.6,0.7,True,7,True,0,0.0,True,0,0.0
60,33,7,0.6,0.7,True,7,True,0,0.0,True,0,0.0
61,33,7,0.6,0.7,True,7,True,0,0.0,True,0,0.0
62,33,7,0.6,0.7,True,7,True,0,0.0,True,0,0.0
63,33,7,0.6,0.7,True,7,True,0,0.0,True,0,0.0
64,33,7,0.6,0.7,True,7,True,0,0.0,True,0,0.0
65,33,7,0.6,0.7,True,7,True,0,0.0,True,0,0.0
66,33,7,0.6,0.7,True,7,True,0,0.0,True,0,0.0
67,33,7,0.6,0.7,True,7,True,0,0.0,True,0,0.0
68,33,7,0.6,0.7,True,7,True,0,0.0,True,0,0.0
69,33,7,0.6,0.7,True,7,True,0,0.0,True,0,0.0
70,33,7,0.6,0.7,True,7,True,0,0.0,True,0,0.0
71,33,7,0.6,0.7,True,7,True,0,0.0,True,0,0.0
72,33,7,0.6,0.7,True,7,True,0,0.0,True,0,0.0
73,33,7,0.6,0.7,True,7,True,0,0.0,True,0,0.0
74,33,7,0.6,0.7,True,7,True,0,0.0,True,0,0.0
75,33,7,0.6,0.7,True,7,True,0,0.0,True,0,0.0
76,33,7,0.6,0.7,True,7,True,0,0.0,True,0,0.0
77,33,7,0.6,0.7,True,7,True,0,0.0,True,0,0.0
78,33,7,0.6,0.7,True,7,True,0,0.0,True,0,0.0
79,33,7,0.6,0.7,True,7,True,0,0.0,True,0,0.0
80,33,7,0.6,0.7,True,7,True,0,0.0,True,0,0.0
81,33,7,0.6,0.7,True,7,True,0,0.0,True,0,0.0
82,33,7,0.6,0.7,True,7,True,0,0.0,True,0,0.0
83,33,7,0.6,0.7,True,7,True,0,0.0,True,0,0.0
84,33,7,0.6,0.7,True,7,True,0,0.0,True,0,0.0
85,33,7,0.6,0.7,True,7,True,0,0.0,True,0,0.0
86,33,7,0.6,0.7,True,7,True,0,0.0,True,0,0.0
87,33,7,0.6,0.7,False,7,True,0,0.0,True,0,0.0
88,33,7,0.6,0.7,True,7,True,0,0.0,True,0,0.0
89,33,7,0.6,0.7,True,7,True,0,0.0,True,0,0.0
90,33,7,0.6,0.7,False,7,True,0,0.0,True,0,0.0
91,33,7,0.6,0.7,True,7,True,0,0.0,True,0,0.0
92,33,7,0.6,0.7,True,7,True,0,0.0,True,0,0.0
93,33,7,0.6,0.7,True,7,True,0,0.0,True,0,0.0
94,33,7,0.6,0.7,True,7,True,0,0.0,True,0,0.0
95,33,7,0.6,0.7,True,7,True,0,0.0,True,0,0.0
96,33,7,0.6,0.7,True,7,True,0,0.0,True,0,0.0
97,33,7,0.6,0.7,True,7,True,0,0.0,True,0,0.0
98,33,7,0.6,0.7,True,7,True,0,0.0,True,0,0.0
99,33,7,0.6,0.7,True,7,True,0,0.0,True,0,0.0
0,33,10,0.3,0.3,True,10,True,0,0.0,True,0,0.0
1,33,10,0.3,0.3,True,10,True,0,0.0,True,0,0.0
2,33,10,0.3,0.3,False,10,True,0,0.0,True,0,0.0
3,33,10,0.3,0.3,True,10,True,0,0.0,True,0,0.0
4,33,10,0.3,0.3,True,10,True,0,0.0,True,0,0.0
5,33,10,0.3,0.3,True,10,True,0,0.0,True,0,0.0
6,33,10,0.3,0.3,True,10,True,0,0.0,True,0,0.0
7,33,10,0.3,0.3,True,10,True,0,0.0,True,0,0.0
8,33,10,0.3,0.3,True,10,True,0,0.0,True,0,0.0
9,33,10,0.3,0.3,True,10,True,0,0.0,True,0,0.0
10,33,10,0.3,0.3,True,10,True,0,0.0,True,0,0.0
11,33,10,0.3,0.3,True,10,True,0,0.0,True,0,0.0
12,33,10,0.3,0.3,True,10,True,0,0.0,True,0,0.0
13,33,10,0.3,0.3,True,10,True,0,0.0,True,0,0.0
14,33,10,0.3,0.3,True,10,True,0,0.0,True,0,0.0
15,33,10,0.3,0.3,True,10,True,0,0.0,True,0,0.0
16,33,10,0.3,0.3,True,10,True,0,0.0,True,0,0.0
17,33,10,0.3,0.3,True,10,True,0,0.0,True,0,0.0
18,33,10,0.3,0.3,True,10,True,0,0.0,True,0,0.0
19,33,10,0.3,0.3,True,10,True,0,0.0,True,0,0.0
20,33,10,0.3,0.3,True,10,True,0,0.0,True,0,0.0
21,33,10,0.3,0.3,True,10,True,0,0.0,True,0,0.0
22,33,10,0.3,0.3,False,10,True,0,0.0,True,0,0.0
23,33,10,0.3,0.3,True,10,True,0,0.0,True,0,0.0
24,33,10,0.3,0.3,True,10,True,0,0.0,True,0,0.0
25,33,10,0.3,0.3,True,10,True,0,0.0,True,0,0.0
26,33,10,0.3,0.3,True,10,True,0,0.0,True,0,0.0
27,33,10,0.3,0.3,True,10,True,0,0.0,True,0,0.0
28,33,10,0.3,0.3,True,10,True,0,0.0,True,0,0.0
29,33,10,0.3,0.3,True,10,True,0,0.0,True,0,0.0
30,33,10,0.3,0.3,True,10,True,0,0.0,True,0,0.0
31,33,10,0.3,0.3,True,10,True,0,0.0,True,0,0.0
32,33,10,0.3,0.3,True,10,True,0,0.0,True,0,0.0
33,33,10,0.3,0.3,True,10,True,0,0.0,True,0,0.0
34,33,10,0.3,0.3,True,10,True,0,0.0,True,0,0.0
35,33,10,0.3,0.3,True,10,True,0,0.0,True,0,0.0
36,33,10,0.3,0.3,True,10,True,0,0.0,True,0,0.0
37,33,10,0.3,0.3,True,10,True,0,0.0,True,0,0.0
38,33,10,0.3,0.3,True,10,True,0,0.0,True,0,0.0
39,33,10,0.3,0.3,True,10,True,0,0.0,True,0,0.0
40,33,10,0.3,0.3,True,10,True,0,0.0,True,0,0.0
41,33,10,0.3,0.3,True,10,True,0,0.0,True,0,0.0
42,33,10,0.3,0.3,True,10,True,0,0.0,True,0,0.0
43,33,10,0.3,0.3,True,10,True,0,0.0,True,0,0.0
44,33,10,0.3,0.3,True,10,True,0,0.0,True,0,0.0
45,33,10,0.3,0.3,True,10,True,0,0.0,True,0,0.0
46,33,10,0.3,0.3,True,10,True,0,0.0,True,0,0.0
47,33,10,0.3,0.3,True,10,True,0,0.0,True,0,0.0
48,33,10,0.3,0.3,True,10,True,0,0.0,True,0,0.0
49,33,10,0.3,0.3,True,10,True,0,0.0,True,0,0.0
50,33,10,0.3,0.3,True,10,True,0,0.0,True,0,0.0
51,33,10,0.3,0.3,True,10,True,0,0.0,True,0,0.0
52,33,10,0.3,0.3,True,10,True,0,0.0,True,0,0.0
53,33,10,0.3,0.3,True,10,True,0,0.0,True,0,0.0
54,33,10,0.3,0.3,True,10,True,0,0.0,True,0,0.0
55,33,10,0.3,0.3,True,10,True,0,0.0,True,0,0.0
56,33,10,0.3,0.3,True,10,True,0,0.0,True,0,0.0
57,33,10,0.3,0.3,True,10,True,0,0.0,True,0,0.0
58,33,10,0.3,0.3,True,10,True,0,0.0,True,0,0.0
59,33,10,0.3,0.3,True,10,True,0,0.0,True,0,0.0
60,33,10,0.3,0.3,True,10,True,0,0.0,True,0,0.0
61,33,10,0.3,0.3,True,10,True,0,0.0,True,0,0.0
62,33,10,0.3,0.3,True,10,True,0,0.0,True,0,0.0
63,33,10,0.3,0.3,True,10,True,0,0.0,True,0,0.0
64,33,10,0.3,0.3,True,10,True,0,0.0,True,0,0.0
65,33,10,0.3,0.3,True,10,True,0,0.0,True,0,0.0
66,33,10,0.3,0.3,True,10,True,0,0.0,True,0,0.0
67,33,10,0.3,0.3,True,10,True,0,0.0,True,0,0.0
68,33,10,0.3,0.3,True,10,True,0,0.0,True,0,0.0
69,33,10,0.3,0.3,True,10,True,0,0.0,True,0,0.0
70,33,10,0.3,0.3,True,10,True,0,0.0,True,0,0.0
71,33,10,0.3,0.3,True,10,True,0,0.0,True,0,0.0
72,33,10,0.3,0.3,True,10,True,0,0.0,True,0,0.0
73,33,10,0.3,0.3,True,10,True,0,0.0,True,0,0.0
74,33,10,0.3,0.3,True,10,True,0,0.0,True,0,0.0
75,33,10,0.3,0.3,True,10,True,0,0.0,True,0,0.0
76,33,10,0.3,0.3,True,10,True,0,0.0,True,0,0.0
77,33,10,0.3,0.3,True,10,True,0,0.0,True,0,0.0
78,33,10,0.3,0.3,True,10,True,0,0.0,True,0,0.0
79,33,10,0.3,0.3,True,10,True,0,0.0,True,0,0.0
80,33,10,0.3,0.3,True,10,True,0,0.0,True,0,0.0
81,33,10,0.3,0.3,True,10,True,0,0.0,True,0,0.0
82,33,10,0.3,0.3,True,10,True,0,0.0,True,0,0.0
83,33,10,0.3,0.3,True,10,True,0,0.0,True,0,0.0
84,33,10,0.3,0.3,True,10,True,0,0.0,True,0,0.0
85,33,10,0.3,0.3,True,10,True,0,0.0,True,0,0.0
86,33,10,0.3,0.3,True,10,True,0,0.0,True,0,0.0
87,33,10,0.3,0.3,False,10,True,0,0.0,True,0,0.0
88,33,10,0.3,0.3,True,10,True,0,0.0,True,0,0.0
89,33,10,0.3,0.3,True,10,True,0,0.0,True,0,0.0
90,33,10,0.3,0.3,False,10,True,0,0.0,True,0,0.0
91,33,10,0.3,0.3,True,10,True,0,0.0,True,0,0.0
92,33,10,0.3,0.3,True,10,True,0,0.0,True,0,0.0
93,33,10,0.3,0.3,True,10,True,0,0.0,True,0,0.0
94,33,10,0.3,0.3,True,10,True,0,0.0,True,0,0.0
95,33,10,0.3,0.3,True,10,True,0,0.0,True,0,0.0
96,33,10,0.3,0.3,True,10,True,0,0.0,True,0,0.0
97,33,10,0.3,0.3,True,10,True,0,0.0,True,0,0.0
98,33,10,0.3,0.3,True,10,True,0,0.0,True,0,0.0
99,33,10,0.3,0.3,True,10,True,0,0.0,True,0,0.0
0,33,10,0.3,0.5,True,10,True,0,0.0,True,0,0.0
1,33,10,0.3,0.5,True,10,True,0,0.0,True,0,0.0
2,33,10,0.3,0.5,False,10,True,0,0.0,True,0,0.0
3,33,10,0.3,0.5,True,10,True,0,0.0,True,0,0.0
4,33,10,0.3,0.5,True,10,True,0,0.0,True,0,0.0
5,33,10,0.3,0.5,True,10,True,0,0.0,True,0,0.0
6,33,10,0.3,0.5,True,10,True,0,0.0,True,0,0.0
7,33,10,0.3,0.5,True,10,True,0,0.0,True,0,0.0
8,33,10,0.3,0.5,True,10,True,0,0.0,True,0,0.0
9,33,10,0.3,0.5,True,10,True,0,0.0,True,0,0.0
10,33,10,0.3,0.5,True,10,True,0,0.0,True,0,0.0
11,33,10,0.3,0.5,True,10,True,0,0.0,True,0,0.0
12,33,10,0.3,0.5,True,10,True,0,0.0,True,0,0.0
13,33,10,0.3,0.5,True,10,True,0,0.0,True,0,0.0
14,33,10,0.3,0.5,True,10,True,0,0.0,True,0,0.0
15,33,10,0.3,0.5,True,10,True,0,0.0,True,0,0.0
16,33,10,0.3,0.5,True,10,True,0,0.0,True,0,0.0
17,33,10,0.3,0.5,True,10,True,0,0.0,True,0,0.0
18,33,10,0.3,0.5,True,10,True,0,0.0,True,0,0.0
19,33,10,0.3,0.5,True,10,True,0,0.0,True,0,0.0
20,33,10,0.3,0.5,True,10,True,0,0.0,True,0,0.0
21,33,10,0.3,0.5,True,10,True,0,0.0,True,0,0.0
22,33,10,0.3,0.5,False,10,True,0,0.0,True,0,0.0
23,33,10,0.3,0.5,True,10,True,0,0.0,True,0,0.0
24,33,10,0.3,0.5,True,10,True,0,0.0,True,0,0.0
25,33,10,0.3,0.5,True,10,True,0,0.0,True,0,0.0
26,33,10,0.3,0.5,True,10,True,0,0.0,True,0,0.0
27,33,10,0.3,0.5,True,10,True,0,0.0,True,0,0.0
28,33,10,0.3,0.5,True,10,True,0,0.0,True,0,0.0
29,33,10,0.3,0.5,True,10,True,0,0.0,True,0,0.0
30,33,10,0.3,0.5,True,10,True,0,0.0,True,0,0.0
31,33,10,0.3,0.5,True,10,True,0,0.0,True,0,0.0
32,33,10,0.3,0.5,True,10,True,0,0.0,True,0,0.0
33,33,10,0.3,0.5,True,10,True,0,0.0,True,0,0.0
34,33,10,0.3,0.5,True,10,True,0,0.0,True,0,0.0
35,33,10,0.3,0.5,True,10,True,0,0.0,True,0,0.0
36,33,10,0.3,0.5,True,10,True,0,0.0,True,0,0.0
37,33,10,0.3,0.5,True,10,True,0,0.0,True,0,0.0
38,33,10,0.3,0.5,True,10,True,0,0.0,True,0,0.0
39,33,10,0.3,0.5,True,10,True,0,0.0,True,0,0.0
40,33,10,0.3,0.5,True,10,True,0,0.0,True,0,0.0
41,33,10,0.3,0.5,True,10,True,0,0.0,True,0,0.0
42,33,10,0.3,0.5,True,10,True,0,0.0,True,0,0.0
43,33,10,0.3,0.5,True,10,True,0,0.0,True,0,0.0
44,33,10,0.3,0.5,True,10,True,0,0.0,True,0,0.0
45,33,10,0.3,0.5,True,10,True,0,0.0,True,0,0.0
46,33,10,0.3,0.5,True,10,True,0,0.0,True,0,0.0
47,33,10,0.3,0.5,True,10,True,0,0.0,True,0,0.0
48,33,10,0.3,0.5,True,10,True,0,0.0,True,0,0.0
49,33,10,0.3,0.5,True,10,True,0,0.0,True,0,0.0
50,33,10,0.3,0.5,True,10,True,0,0.0,True,0,0.0
51,33,10,0.3,0.5,True,10,True,0,0.0,True,0,0.0
52,33,10,0.3,0.5,True,10,True,0,0.0,True,0,0.0
53,33,10,0.3,0.5,True,10,True,0,0.0,True,0,0.0
54,33,10,0.3,0.5,True,10,True,0,0.0,True,0,0.0
55,33,10,0.3,0.5,True,10,True,0,0.0,True,0,0.0
56,33,10,0.3,0.5,True,10,True,0,0.0,True,0,0.0
57,33,10,0.3,0.5,True,10,True,0,0.0,True,0,0.0
58,33,10,0.3,0.5,True,10,True,0,0.0,True,0,0.0
59,33,10,0.3,0.5,True,10,True,0,0.0,True,0,0.0
60,33,10,0.3,0.5,True,10,True,0,0.0,True,0,0.0
61,33,10,0.3,0.5,True,10,True,0,0.0,True,0,0.0
62,33,10,0.3,0.5,True,10,True,0,0.0,True,0,0.0
63,33,10,0.3,0.5,True,10,True,0,0.0,True,0,0.0
64,33,10,0.3,0.5,True,10,True,0,0.0,True,0,0.0
65,33,10,0.3,0.5,True,10,True,0,0.0,True,0,0.0
66,33,10,0.3,0.5,True,10,True,0,0.0,True,0,0.0
67,33,10,0.3,0.5,True,10,True,0,0.0,True,0,0.0
68,33,10,0.3,0.5,True,10,True,0,0.0,True,0,0.0
69,33,10,0.3,0.5,True,10,True,0,0.0,True,0,0.0
70,33,10,0.3,0.5,True,10,True,0,0.0,True,0,0.0
71,33,10,0.3,0.5,True,10,True,0,0.0,True,0,0.0
72,33,10,0.3,0.5,True,10,True,0,0.0,True,0,0.0
73,33,10,0.3,0.5,True,10,True,0,0.0,True,0,0.0
74,33,10,0.3,0.5,True,10,True,0,0.0,True,0,0.0
75,33,10,0.3,0.5,True,10,True,0,0.0,True,0,0.0
76,33,10,0.3,0.5,True,10,True,0,0.0,True,0,0.0
77,33,10,0.3,0.5,True,10,True,0,0.0,True,0,0.0
78,33,10,0.3,0.5,True,10,True,0,0.0,True,0,0.0
79,33,10,0.3,0.5,True,10,True,0,0.0,True,0,0.0
80,33,10,0.3,0.5,True,10,True,0,0.0,True,0,0.0
81,33,10,0.3,0.5,True,10,True,0,0.0,True,0,0.0
82,33,10,0.3,0.5,True,10,True,0,0.0,True,0,0.0
83,33,10,0.3,0.5,True,10,True,0,0.0,True,0,0.0
84,33,10,0.3,0.5,True,10,True,0,0.0,True,0,0.0
85,33,10,0.3,0.5,True,10,True,0,0.0,True,0,0.0
86,33,10,0.3,0.5,True,10,True,0,0.0,True,0,0.0
87,33,10,0.3,0.5,False,10,True,0,0.0,True,0,0.0
88,33,10,0.3,0.5,True,10,True,0,0.0,True,0,0.0
89,33,10,0.3,0.5,True,10,True,0,0.0,True,0,0.0
90,33,10,0.3,0.5,False,10,True,0,0.0,True,0,0.0
91,33,10,0.3,0.5,True,10,True,0,0.0,True,0,0.0
92,33,10,0.3,0.5,True,10,True,0,0.0,True,0,0.0
93,33,10,0.3,0.5,True,10,True,0,0.0,True,0,0.0
94,33,10,0.3,0.5,True,10,True,0,0.0,True,0,0.0
95,33,10,0.3,0.5,True,10,True,0,0.0,True,0,0.0
96,33,10,0.3,0.5,True,10,True,0,0.0,True,0,0.0
97,33,10,0.3,0.5,True,10,True,0,0.0,True,0,0.0
98,33,10,0.3,0.5,True,10,True,0,0.0,True,0,0.0
99,33,10,0.3,0.5,True,10,True,0,0.0,True,0,0.0
0,33,10,0.3,0.7,True,10,True,0,0.0,True,0,0.0
1,33,10,0.3,0.7,True,10,True,0,0.0,True,0,0.0
2,33,10,0.3,0.7,False,10,True,0,0.0,True,0,0.0
3,33,10,0.3,0.7,True,10,True,0,0.0,True,0,0.0
4,33,10,0.3,0.7,True,10,True,0,0.0,True,0,0.0
5,33,10,0.3,0.7,True,10,True,0,0.0,True,0,0.0
6,33,10,0.3,0.7,True,10,True,0,0.0,True,0,0.0
7,33,10,0.3,0.7,True,10,True,0,0.0,True,0,0.0
8,33,10,0.3,0.7,True,10,True,0,0.0,True,0,0.0
9,33,10,0.3,0.7,True,10,True,0,0.0,True,0,0.0
10,33,10,0.3,0.7,True,10,True,0,0.0,True,0,0.0
11,33,10,0.3,0.7,True,10,True,0,0.0,True,0,0.0
12,33,10,0.3,0.7,True,10,True,0,0.0,True,0,0.0
13,33,10,0.3,0.7,True,10,True,0,0.0,True,0,0.0
14,33,10,0.3,0.7,True,10,True,0,0.0,True,0,0.0
15,33,10,0.3,0.7,True,10,True,0,0.0,True,0,0.0
16,33,10,0.3,0.7,True,10,True,0,0.0,True,0,0.0
17,33,10,0.3,0.7,True,10,True,0,0.0,True,0,0.0
18,33,10,0.3,0.7,True,10,True,0,0.0,True,0,0.0
19,33,10,0.3,0.7,True,10,True,0,0.0,True,0,0.0
20,33,10,0.3,0.7,True,10,True,0,0.0,True,0,0.0
21,33,10,0.3,0.7,True,10,True,0,0.0,True,0,0.0
22,33,10,0.3,0.7,False,10,True,0,0.0,True,0,0.0
23,33,10,0.3,0.7,True,10,True,0,0.0,True,0,0.0
24,33,10,0.3,0.7,True,10,True,0,0.0,True,0,0.0
25,33,10,0.3,0.7,True,10,True,0,0.0,True,0,0.0
26,33,10,0.3,0.7,True,10,True,0,0.0,True,0,0.0
27,33,10,0.3,0.7,True,10,True,0,0.0,True,0,0.0
28,33,10,0.3,0.7,True,10,True,0,0.0,True,0,0.0
29,33,10,0.3,0.7,True,10,True,0,0.0,True,0,0.0
30,33,10,0.3,0.7,True,10,True,0,0.0,True,0,0.0
31,33,10,0.3,0.7,True,10,True,0,0.0,True,0,0.0
32,33,10,0.3,0.7,True,10,True,0,0.0,True,0,0.0
33,33,10,0.3,0.7,True,10,True,0,0.0,True,0,0.0
34,33,10,0.3,0.7,True,10,True,0,0.0,True,0,0.0
35,33,10,0.3,0.7,True,10,True,0,0.0,True,0,0.0
36,33,10,0.3,0.7,True,10,True,0,0.0,True,0,0.0
37,33,10,0.3,0.7,True,10,True,0,0.0,True,0,0.0
38,33,10,0.3,0.7,True,10,True,0,0.0,True,0,0.0
39,33,10,0.3,0.7,True,10,True,0,0.0,True,0,0.0
40,33,10,0.3,0.7,True,10,True,0,0.0,True,0,0.0
41,33,10,0.3,0.7,True,10,True,0,0.0,True,0,0.0
42,33,10,0.3,0.7,True,10,True,0,0.0,True,0,0.0
43,33,10,0.3,0.7,True,10,True,0,0.0,True,0,0.0
44,33,10,0.3,0.7,True,10,True,0,0.0,True,0,0.0
45,33,10,0.3,0.7,True,10,True,0,0.0,True,0,0.0
46,33,10,0.3,0.7,True,10,True,0,0.0,True,0,0.0
47,33,10,0.3,0.7,True,10,True,0,0.0,True,0,0.0
48,33,10,0.3,0.7,True,10,True,0,0.0,True,0,0.0
49,33,10,0.3,0.7,True,10,True,0,0.0,True,0,0.0
50,33,10,0.3,0.7,True,10,True,0,0.0,True,0,0.0
51,33,10,0.3,0.7,True,10,True,0,0.0,True,0,0.0
52,33,10,0.3,0.7,True,10,True,0,0.0,True,0,0.0
53,33,10,0.3,0.7,True,10,True,0,0.0,True,0,0.0
54,33,10,0.3,0.7,True,10,True,0,0.0,True,0,0.0
55,33,10,0.3,0.7,True,10,True,0,0.0,True,0,0.0
56,33,10,0.3,0.7,True,10,True,0,0.0,True,0,0.0
57,33,10,0.3,0.7,True,10,True,0,0.0,True,0,0.0
58,33,10,0.3,0.7,True,10,True,0,0.0,True,0,0.0
59,33,10,0.3,0.7,True,10,True,0,0.0,True,0,0.0
60,33,10,0.3,0.7,True,10,True,0,0.0,True,0,0.0
61,33,10,0.3,0.7,True,10,True,0,0.0,True,0,0.0
62,33,10,0.3,0.7,True,10,True,0,0.0,True,0,0.0
63,33,10,0.3,0.7,True,10,True,0,0.0,True,0,0.0
64,33,10,0.3,0.7,True,10,True,0,0.0,True,0,0.0
65,33,10,0.3,0.7,True,10,True,0,0.0,True,0,0.0
66,33,10,0.3,0.7,True,10,True,0,0.0,True,0,0.0
67,33,10,0.3,0.7,True,10,True,0,0.0,True,0,0.0
68,33,10,0.3,0.7,True,10,True,0,0.0,True,0,0.0
69,33,10,0.3,0.7,True,10,True,0,0.0,True,0,0.0
70,33,10,0.3,0.7,True,10,True,0,0.0,True,0,0.0
71,33,10,0.3,0.7,True,10,True,0,0.0,True,0,0.0
72,33,10,0.3,0.7,True,10,True,0,0.0,True,0,0.0
73,33,10,0.3,0.7,True,10,True,0,0.0,True,0,0.0
74,33,10,0.3,0.7,True,10,True,0,0.0,True,0,0.0
75,33,10,0.3,0.7,True,10,True,0,0.0,True,0,0.0
76,33,10,0.3,0.7,True,10,True,0,0.0,True,0,0.0
77,33,10,0.3,0.7,True,10,True,0,0.0,True,0,0.0
78,33,10,0.3,0.7,True,10,True,0,0.0,True,0,0.0
79,33,10,0.3,0.7,True,10,True,0,0.0,True,0,0.0
80,33,10,0.3,0.7,True,10,True,0,0.0,True,0,0.0
81,33,10,0.3,0.7,True,10,True,0,0.0,True,0,0.0
82,33,10,0.3,0.7,True,10,True,0,0.0,True,0,0.0
83,33,10,0.3,0.7,True,10,True,0,0.0,True,0,0.0
84,33,10,0.3,0.7,True,10,True,0,0.0,True,0,0.0
85,33,10,0.3,0.7,True,10,True,0,0.0,True,0,0.0
86,33,10,0.3,0.7,True,10,True,0,0.0,True,0,0.0
87,33,10,0.3,0.7,False,10,True,0,0.0,True,0,0.0
88,33,10,0.3,0.7,True,10,True,0,0.0,True,0,0.0
89,33,10,0.3,0.7,True,10,True,0,0.0,True,0,0.0
90,33,10,0.3,0.7,False,10,True,0,0.0,True,0,0.0
91,33,10,0.3,0.7,True,10,True,0,0.0,True,0,0.0
92,33,10,0.3,0.7,True,10,True,0,0.0,True,0,0.0
93,33,10,0.3,0.7,True,10,True,0,0.0,True,0,0.0
94,33,10,0.3,0.7,True,10,True,0,0.0,True,0,0.0
95,33,10,0.3,0.7,True,10,True,0,0.0,True,0,0.0
96,33,10,0.3,0.7,True,10,True,0,0.0,True,0,0.0
97,33,10,0.3,0.7,True,10,True,0,0.0,True,0,0.0
98,33,10,0.3,0.7,True,10,True,0,0.0,True,0,0.0
99,33,10,0.3,0.7,True,10,True,0,0.0,True,0,0.0
0,33,10,0.45,0.3,True,10,True,0,0.0,True,0,0.0
1,33,10,0.45,0.3,True,10,True,0,0.0,True,0,0.0
2,33,10,0.45,0.3,False,10,True,0,0.0,True,0,0.0
3,33,10,0.45,0.3,True,10,True,0,0.0,True,0,0.0
4,33,10,0.45,0.3,True,10,True,0,0.0,True,0,0.0
5,33,10,0.45,0.3,True,10,True,0,0.0,True,0,0.0
6,33,10,0.45,0.3,True,10,True,0,0.0,True,0,0.0
7,33,10,0.45,0.3,True,10,True,0,0.0,True,0,0.0
8,33,10,0.45,0.3,True,10,True,0,0.0,True,0,0.0
9,33,10,0.45,0.3,True,10,True,0,0.0,True,0,0.0
10,33,10,0.45,0.3,True,10,True,0,0.0,True,0,0.0
11,33,10,0.45,0.3,True,10,True,0,0.0,True,0,0.0
12,33,10,0.45,0.3,True,10,True,0,0.0,True,0,0.0
13,33,10,0.45,0.3,True,10,True,0,0.0,True,0,0.0
14,33,10,0.45,0.3,True,10,True,0,0.0,True,0,0.0
15,33,10,0.45,0.3,True,10,True,0,0.0,True,0,0.0
16,33,10,0.45,0.3,True,10,True,0,0.0,True,0,0.0
17,33,10,0.45,0.3,True,10,True,0,0.0,True,0,0.0
18,33,10,0.45,0.3,True,10,True,0,0.0,True,0,0.0
19,33,10,0.45,0.3,True,10,True,0,0.0,True,0,0.0
20,33,10,0.45,0.3,True,10,True,0,0.0,True,0,0.0
21,33,10,0.45,0.3,True,10,True,0,0.0,True,0,0.0
22,33,10,0.45,0.3,False,10,True,0,0.0,True,0,0.0
23,33,10,0.45,0.3,True,10,True,0,0.0,True,0,0.0
24,33,10,0.45,0.3,True,10,True,0,0.0,True,0,0.0
25,33,10,0.45,0.3,True,10,True,0,0.0,True,0,0.0
26,33,10,0.45,0.3,True,10,True,0,0.0,True,0,0.0
27,33,10,0.45,0.3,True,10,True,0,0.0,True,0,0.0
28,33,10,0.45,0.3,True,10,True,0,0.0,True,0,0.0
29,33,10,0.45,0.3,True,10,True,0,0.0,True,0,0.0
30,33,10,0.45,0.3,True,10,True,0,0.0,True,0,0.0
31,33,10,0.45,0.3,True,10,True,0,0.0,True,0,0.0
32,33,10,0.45,0.3,True,10,True,0,0.0,True,0,0.0
33,33,10,0.45,0.3,True,10,True,0,0.0,True,0,0.0
34,33,10,0.45,0.3,True,10,True,0,0.0,True,0,0.0
35,33,10,0.45,0.3,True,10,True,0,0.0,True,0,0.0
36,33,10,0.45,0.3,True,10,True,0,0.0,True,0,0.0
37,33,10,0.45,0.3,True,10,True,0,0.0,True,0,0.0
38,33,10,0.45,0.3,True,10,True,0,0.0,True,0,0.0
39,33,10,0.45,0.3,True,10,True,0,0.0,True,0,0.0
40,33,10,0.45,0.3,True,10,True,0,0.0,True,0,0.0
41,33,10,0.45,0.3,True,10,True,0,0.0,True,0,0.0
42,33,10,0.45,0.3,True,10,True,0,0.0,True,0,0.0
43,33,10,0.45,0.3,True,10,True,0,0.0,True,0,0.0
44,33,10,0.45,0.3,True,10,True,0,0.0,True,0,0.0
45,33,10,0.45,0.3,True,10,True,0,0.0,True,0,0.0
46,33,10,0.45,0.3,True,10,True,0,0.0,True,0,0.0
47,33,10,0.45,0.3,True,10,True,0,0.0,True,0,0.0
48,33,10,0.45,0.3,True,10,True,0,0.0,True,0,0.0
49,33,10,0.45,0.3,True,10,True,0,0.0,True,0,0.0
50,33,10,0.45,0.3,True,10,True,0,0.0,True,0,0.0
51,33,10,0.45,0.3,True,10,True,0,0.0,True,0,0.0
52,33,10,0.45,0.3,True,10,True,0,0.0,True,0,0.0
53,33,10,0.45,0.3,True,10,True,0,0.0,True,0,0.0
54,33,10,0.45,0.3,True,10,True,0,0.0,True,0,0.0
55,33,10,0.45,0.3,True,10,True,0,0.0,True,0,0.0
56,33,10,0.45,0.3,True,10,True,0,0.0,True,0,0.0
57,33,10,0.45,0.3,True,10,True,0,0.0,True,0,0.0
58,33,10,0.45,0.3,True,10,True,0,0.0,True,0,0.0
59,33,10,0.45,0.3,True,10,True,0,0.0,True,0,0.0
60,33,10,0.45,0.3,True,10,True,0,0.0,True,0,0.0
61,33,10,0.45,0.3,True,10,True,0,0.0,True,0,0.0
62,33,10,0.45,0.3,True,10,True,0,0.0,True,0,0.0
63,33,10,0.45,0.3,True,10,True,0,0.0,True,0,0.0
64,33,10,0.45,0.3,True,10,True,0,0.0,True,0,0.0
65,33,10,0.45,0.3,True,10,True,0,0.0,True,0,0.0
66,33,10,0.45,0.3,True,10,True,0,0.0,True,0,0.0
67,33,10,0.45,0.3,True,10,True,0,0.0,True,0,0.0
68,33,10,0.45,0.3,True,10,True,0,0.0,True,0,0.0
69,33,10,0.45,0.3,True,10,True,0,0.0,True,0,0.0
70,33,10,0.45,0.3,True,10,True,0,0.0,True,0,0.0
71,33,10,0.45,0.3,True,10,True,0,0.0,True,0,0.0
72,33,10,0.45,0.3,True,10,True,0,0.0,True,0,0.0
73,33,10,0.45,0.3,True,10,True,0,0.0,True,0,0.0
74,33,10,0.45,0.3,True,10,True,0,0.0,True,0,0.0
75,33,10,0.45,0.3,True,10,True,0,0.0,True,0,0.0
76,33,10,0.45,0.3,True,10,True,0,0.0,True,0,0.0
77,33,10,0.45,0.3,True,10,True,0,0.0,True,0,0.0
78,33,10,0.45,0.3,True,10,True,0,0.0,True,0,0.0
79,33,10,0.45,0.3,True,10,True,0,0.0,True,0,0.0
80,33,10,0.45,0.3,True,10,True,0,0.0,True,0,0.0
81,33,10,0.45,0.3,True,10,True,0,0.0,True,0,0.0
82,33,10,0.45,0.3,True,10,True,0,0.0,True,0,0.0
83,33,10,0.45,0.3,True,10,True,0,0.0,True,0,0.0
84,33,10,0.45,0.3,True,10,True,0,0.0,True,0,0.0
85,33,10,0.45,0.3,True,10,True,0,0.0,True,0,0.0
86,33,10,0.45,0.3,True,10,True,0,0.0,True,0,0.0
87,33,10,0.45,0.3,False,10,True,0,0.0,True,0,0.0
88,33,10,0.45,0.3,True,10,True,0,0.0,True,0,0.0
89,33,10,0.45,0.3,True,10,True,0,0.0,True,0,0.0
90,33,10,0.45,0.3,False,10,True,0,0.0,True,0,0.0
91,33,10,0.45,0.3,True,10,True,0,0.0,True,0,0.0
92,33,10,0.45,0.3,True,10,True,0,0.0,True,0,0.0
93,33,10,0.45,0.3,True,10,True,0,0.0,True,0,0.0
94,33,10,0.45,0.3,True,10,True,0,0.0,True,0,0.0
95,33,10,0.45,0.3,True,10,True,0,0.0,True,0,0.0
96,33,10,0.45,0.3,True,10,True,0,0.0,True,0,0.0
97,33,10,0.45,0.3,True,10,True,0,0.0,True,0,0.0
98,33,10,0.45,0.3,True,10,True,0,0.0,True,0,0.0
99,33,10,0.45,0.3,True,10,True,0,0.0,True,0,0.0
0,33,10,0.45,0.5,True,10,True,0,0.0,True,0,0.0
1,33,10,0.45,0.5,True,10,True,0,0.0,True,0,0.0
2,33,10,0.45,0.5,False,10,True,0,0.0,True,0,0.0
3,33,10,0.45,0.5,True,10,True,0,0.0,True,0,0.0
4,33,10,0.45,0.5,True,10,True,0,0.0,True,0,0.0
5,33,10,0.45,0.5,True,10,True,0,0.0,True,0,0.0
6,33,10,0.45,0.5,True,10,True,0,0.0,True,0,0.0
7,33,10,0.45,0.5,True,10,True,0,0.0,True,0,0.0
8,33,10,0.45,0.5,True,10,True,0,0.0,True,0,0.0
9,33,10,0.45,0.5,True,10,True,0,0.0,True,0,0.0
10,33,10,0.45,0.5,True,10,True,0,0.0,True,0,0.0
11,33,10,0.45,0.5,True,10,True,0,0.0,True,0,0.0
12,33,10,0.45,0.5,True,10,True,0,0.0,True,0,0.0
13,33,10,0.45,0.5,True,10,True,0,0.0,True,0,0.0
14,33,10,0.45,0.5,True,10,True,0,0.0,True,0,0.0
15,33,10,0.45,0.5,True,10,True,0,0.0,True,0,0.0
16,33,10,0.45,0.5,True,10,True,0,0.0,True,0,0.0
17,33,10,0.45,0.5,True,10,True,0,0.0,True,0,0.0
18,33,10,0.45,0.5,True,10,True,0,0.0,True,0,0.0
19,33,10,0.45,0.5,True,10,True,0,0.0,True,0,0.0
20,33,10,0.45,0.5,True,10,True,0,0.0,True,0,0.0
21,33,10,0.45,0.5,True,10,True,0,0.0,True,0,0.0
22,33,10,0.45,0.5,False,10,True,0,0.0,True,0,0.0
23,33,10,0.45,0.5,True,10,True,0,0.0,True,0,0.0
24,33,10,0.45,0.5,True,10,True,0,0.0,True,0,0.0
25,33,10,0.45,0.5,True,10,True,0,0.0,True,0,0.0
26,33,10,0.45,0.5,True,10,True,0,0.0,True,0,0.0
27,33,10,0.45,0.5,True,10,True,0,0.0,True,0,0.0
28,33,10,0.45,0.5,True,10,True,0,0.0,True,0,0.0
29,33,10,0.45,0.5,True,10,True,0,0.0,True,0,0.0
30,33,10,0.45,0.5,True,10,True,0,0.0,True,0,0.0
31,33,10,0.45,0.5,True,10,True,0,0.0,True,0,0.0
32,33,10,0.45,0.5,True,10,True,0,0.0,True,0,0.0
33,33,10,0.45,0.5,True,10,True,0,0.0,True,0,0.0
34,33,10,0.45,0.5,True,10,True,0,0.0,True,0,0.0
35,33,10,0.45,0.5,True,10,True,0,0.0,True,0,0.0
36,33,10,0.45,0.5,True,10,True,0,0.0,True,0,0.0
37,33,10,0.45,0.5,True,10,True,0,0.0,True,0,0.0
38,33,10,0.45,0.5,True,10,True,0,0.0,True,0,0.0
39,33,10,0.45,0.5,True,10,True,0,0.0,True,0,0.0
40,33,10,0.45,0.5,True,10,True,0,0.0,True,0,0.0
41,33,10,0.45,0.5,True,10,True,0,0.0,True,0,0.0
42,33,10,0.45,0.5,True,10,True,0,0.0,True,0,0.0
43,33,10,0.45,0.5,True,10,True,0,0.0,True,0,0.0
44,33,10,0.45,0.5,True,10,True,0,0.0,True,0,0.0
45,33,10,0.45,0.5,True,10,True,0,0.0,True,0,0.0
46,33,10,0.45,0.5,True,10,True,0,0.0,True,0,0.0
47,33,10,0.45,0.5,True,10,True,0,0.0,True,0,0.0
48,33,10,0.45,0.5,True,10,True,0,0.0,True,0,0.0
49,33,10,0.45,0.5,True,10,True,0,0.0,True,0,0.0
50,33,10,0.45,0.5,True,10,True,0,0.0,True,0,0.0
51,33,10,0.45,0.5,True,10,True,0,0.0,True,0,0.0
52,33,10,0.45,0.5,True,10,True,0,0.0,True,0,0.0
53,33,10,0.45,0.5,True,10,True,0,0.0,True,0,0.0
54,33,10,0.45,0.5,True,10,True,0,0.0,True,0,0.0
55,33,10,0.45,0.5,True,10,True,0,0.0,True,0,0.0
56,33,10,0.45,0.5,True,10,True,0,0.0,True,0,0.0
57,33,10,0.45,0.5,True,10,True,0,0.0,True,0,0.0
58,33,10,0.45,0.5,True,10,True,0,0.0,True,0,0.0
59,33,10,0.45,0.5,True,10,True,0,0.0,True,0,0.0
60,33,10,0.45,0.5,True,10,True,0,0.0,True,0,0.0
61,33,10,0.45,0.5,True,10,True,0,0.0,True,0,0.0
62,33,10,0.45,0.5,True,10,True,0,0.0,True,0,0.0
63,33,10,0.45,0.5,True,10,True,0,0.0,True,0,0.0
64,33,10,0.45,0.5,True,10,True,0,0.0,True,0,0.0
65,33,10,0.45,0.5,True,10,True,0,0.0,True,0,0.0
66,33,10,0.45,0.5,True,10,True,0,0.0,True,0,0.0
67,33,10,0.45,0.5,True,10,True,0,0.0,True,0,0.0
68,33,10,0.45,0.5,True,10,True,0,0.0,True,0,0.0
69,33,10,0.45,0.5,True,10,True,0,0.0,True,0,0.0
70,33,10,0.45,0.5,True,10,True,0,0.0,True,0,0.0
71,33,10,0.45,0.5,True,10,True,0,0.0,True,0,0.0
72,33,10,0.45,0.5,True,10,True,0,0.0,True,0,0.0
73,33,10,0.45,0.5,True,10,True,0,0.0,True,0,0.0
74,33,10,0.45,0.5,True,10,True,0,0.0,True,0,0.0
75,33,10,0.45,0.5,True,10,True,0,0.0,True,0,0.0
76,33,10,0.45,0.5,True,10,True,0,0.0,True,0,0.0
77,33,10,0.45,0.5,True,10,True,0,0.0,True,0,0.0
78,33,10,0.45,0.5,True,10,True,0,0.0,True,0,0.0
79,33,10,0.45,0.5,True,10,True,0,0.0,True,0,0.0
80,33,10,0.45,0.5,True,10,True,0,0.0,True,0,0.0
81,33,10,0.45,0.5,True,10,True,0,0.0,True,0,0.0
82,33,10,0.45,0.5,True,10,True,0,0.0,True,0,0.0
83,33,10,0.45,0.5,True,10,True,0,0.0,True,0,0.0
84,33,10,0.45,0.5,True,10,True,0,0.0,True,0,0.0
85,33,10,0.45,0.5,True,10,True,0,0.0,True,0,0.0
86,33,10,0.45,0.5,True,10,True,0,0.0,True,0,0.0
87,33,10,0.45,0.5,False,10,True,0,0.0,True,0,0.0
88,33,10,0.45,0.5,True,10,True,0,0.0,True,0,0.0
89,33,10,0.45,0.5,True,10,True,0,0.0,True,0,0.0
90,33,10,0.45,0.5,False,10,True,0,0.0,True,0,0.0
91,33,10,0.45,0.5,True,10,True,0,0.0,True,0,0.0
92,33,10,0.45,0.5,True,10,True,0,0.0,True,0,0.0
93,33,10,0.45,0.5,True,10,True,0,0.0,True,0,0.0
94,33,10,0.45,0.5,True,10,True,0,0.0,True,0,0.0
95,33,10,0.45,0.5,True,10,True,0,0.0,True,0,0.0
96,33,10,0.45,0.5,True,10,True,0,0.0,True,0,0.0
97,33,10,0.45,0.5,True,10,True,0,0.0,True,0,0.0
98,33,10,0.45,0.5,True,10,True,0,0.0,True,0,0.0
99,33,10,0.45,0.5,True,10,True,0,0.0,True,0,0.0
0,33,10,0.45,0.7,True,10,True,0,0.0,True,0,0.0
1,33,10,0.45,0.7,True,10,True,0,0.0,True,0,0.0
2,33,10,0.45,0.7,False,10,True,0,0.0,True,0,0.0
3,33,10,0.45,0.7,True,10,True,0,0.0,True,0,0.0
4,33,10,0.45,0.7,True,10,True,0,0.0,True,0,0.0
5,33,10,0.45,0.7,True,10,True,0,0.0,True,0,0.0
6,33,10,0.45,0.7,True,10,True,0,0.0,True,0,0.0
7,33,10,0.45,0.7,True,10,True,0,0.0,True,0,0.0
8,33,10,0.45,0.7,True,10,True,0,0.0,True,0,0.0
9,33,10,0.45,0.7,True,10,True,0,0.0,True,0,0.0
10,33,10,0.45,0.7,True,10,True,0,0.0,True,0,0.0
11,33,10,0.45,0.7,True,10,True,0,0.0,True,0,0.0
12,33,10,0.45,0.7,True,10,True,0,0.0,True,0,0.0
13,33,10,0.45,0.7,True,10,True,0,0.0,True,0,0.0
14,33,10,0.45,0.7,True,10,True,0,0.0,True,0,0.0
15,33,10,0.45,0.7,True,10,True,0,0.0,True,0,0.0
16,33,10,0.45,0.7,True,10,True,0,0.0,True,0,0.0
17,33,10,0.45,0.7,True,10,True,0,0.0,True,0,0.0
18,33,10,0.45,0.7,True,10,True,0,0.0,True,0,0.0
19,33,10,0.45,0.7,True,10,True,0,0.0,True,0,0.0
20,33,10,0.45,0.7,True,10,True,0,0.0,True,0,0.0
21,33,10,0.45,0.7,True,10,True,0,0.0,True,0,0.0
22,33,10,0.45,0.7,False,10,True,0,0.0,True,0,0.0
23,33,10,0.45,0.7,True,10,True,0,0.0,True,0,0.0
24,33,10,0.45,0.7,True,10,True,0,0.0,True,0,0.0
25,33,10,0.45,0.7,True,10,True,0,0.0,True,0,0.0
26,33,10,0.45,0.7,True,10,True,0,0.0,True,0,0.0
27,33,10,0.45,0.7,True,10,True,0,0.0,True,0,0.0
28,33,10,0.45,0.7,True,10,True,0,0.0,True,0,0.0
29,33,10,0.45,0.7,True,10,True,0,0.0,True,0,0.0
30,33,10,0.45,0.7,True,10,True,0,0.0,True,0,0.0
31,33,10,0.45,0.7,True,10,True,0,0.0,True,0,0.0
32,33,10,0.45,0.7,True,10,True,0,0.0,True,0,0.0
33,33,10,0.45,0.7,True,10,True,0,0.0,True,0,0.0
34,33,10,0.45,0.7,True,10,True,0,0.0,True,0,0.0
35,33,10,0.45,0.7,True,10,True,0,0.0,True,0,0.0
36,33,10,0.45,0.7,True,10,True,0,0.0,True,0,0.0
37,33,10,0.45,0.7,True,10,True,0,0.0,True,0,0.0
38,33,10,0.45,0.7,True,10,True,0,0.0,True,0,0.0
39,33,10,0.45,0.7,True,10,True,0,0.0,True,0,0.0
40,33,10,0.45,0.7,True,10,True,0,0.0,True,0,0.0
41,33,10,0.45,0.7,True,10,True,0,0.0,True,0,0.0
42,33,10,0.45,0.7,True,10,True,0,0.0,True,0,0.0
43,33,10,0.45,0.7,True,10,True,0,0.0,True,0,0.0
44,33,10,0.45,0.7,True,10,True,0,0.0,True,0,0.0
45,33,10,0.45,0.7,True,10,True,0,0.0,True,0,0.0
46,33,10,0.45,0.7,True,10,True,0,0.0,True,0,0.0
47,33,10,0.45,0.7,True,10,True,0,0.0,True,0,0.0
48,33,10,0.45,0.7,True,10,True,0,0.0,True,0,0.0
49,33,10,0.45,0.7,True,10,True,0,0.0,True,0,0.0
50,33,10,0.45,0.7,True,10,True,0,0.0,True,0,0.0
51,33,10,0.45,0.7,True,10,True,0,0.0,True,0,0.0
52,33,10,0.45,0.7,True,10,True,0,0.0,True,0,0.0
53,33,10,0.45,0.7,True,10,True,0,0.0,True,0,0.0
54,33,10,0.45,0.7,True,10,True,0,0.0,True,0,0.0
55,33,10,0.45,0.7,True,10,True,0,0.0,True,0,0.0
56,33,10,0.45,0.7,True,10,True,0,0.0,True,0,0.0
57,33,10,0.45,0.7,True,10,True,0,0.0,True,0,0.0
58,33,10,0.45,0.7,True,10,True,0,0.0,True,0,0.0
59,33,10,0.45,0.7,True,10,True,0,0.0,True,0,0.0
60,33,10,0.45,0.7,True,10,True,0,0.0,True,0,0.0
61,33,10,0.45,0.7,True,10,True,0,0.0,True,0,0.0
62,33,10,0.45,0.7,True,10,True,0,0.0,True,0,0.0
63,33,10,0.45,0.7,True,10,True,0,0.0,True,0,0.0
64,33,10,0.45,0.7,True,10,True,0,0.0,True,0,0.0
65,33,10,0.45,0.7,True,10,True,0,0.0,True,0,0.0
66,33,10,0.45,0.7,True,10,True,0,0.0,True,0,0.0
67,33,10,0.45,0.7,True,10,True,0,0.0,True,0,0.0
68,33,10,0.45,0.7,True,10,True,0,0.0,True,0,0.0
69,33,10,0.45,0.7,True,10,True,0,0.0,True,0,0.0
70,33,10,0.45,0.7,True,10,True,0,0.0,True,0,0.0
71,33,10,0.45,0.7,True,10,True,0,0.0,True,0,0.0
72,33,10,0.45,0.7,True,10,True,0,0.0,True,0,0.0
73,33,10,0.45,0.7,True,10,True,0,0.0,True,0,0.0
74,33,10,0.45,0.7,True,10,True,0,0.0,True,0,0.0
75,33,10,0.45,0.7,True,10,True,0,0.0,True,0,0.0
76,33,10,0.45,0.7,True,10,True,0,0.0,True,0,0.0
77,33,10,0.45,0.7,True,10,True,0,0.0,True,0,0.0
78,33,10,0.45,0.7,True,10,True,0,0.0,True,0,0.0
79,33,10,0.45,0.7,True,10,True,0,0.0,True,0,0.0
80,33,10,0.45,0.7,True,10,True,0,0.0,True,0,0.0
81,33,10,0.45,0.7,True,10,True,0,0.0,True,0,0.0
82,33,10,0.45,0.7,True,10,True,0,0.0,True,0,0.0
83,33,10,0.45,0.7,True,10,True,0,0.0,True,0,0.0
84,33,10,0.45,0.7,True,10,True,0,0.0,True,0,0.0
85,33,10,0.45,0.7,True,10,True,0,0.0,True,0,0.0
86,33,10,0.45,0.7,True,10,True,0,0.0,True,0,0.0
87,33,10,0.45,0.7,False,10,True,0,0.0,True,0,0.0
88,33,10,0.45,0.7,True,10,True,0,0.0,True,0,0.0
89,33,10,0.45,0.7,True,10,True,0,0.0,True,0,0.0
90,33,10,0.45,0.7,False,10,True,0,0.0,True,0,0.0
91,33,10,0.45,0.7,True,10,True,0,0.0,True,0,0.0
92,33,10,0.45,0.7,True,10,True,0,0.0,True,0,0.0
93,33,10,0.45,0.7,True,10,True,0,0.0,True,0,0.0
94,33,10,0.45,0.7,True,10,True,0,0.0,True,0,0.0
95,33,10,0.45,0.7,True,10,True,0,0.0,True,0,0.0
96,33,10,0.45,0.7,True,10,True,0,0.0,True,0,0.0
97,33,10,0.45,0.7,True,10,True,0,0.0,True,0,0.0
98,33,10,0.45,0.7,True,10,True,0,0.0,True,0,0.0
99,33,10,0.45,0.7,True,10,True,0,0.0,True,0,0.0
0,33,10,0.6,0.3,True,10,True,0,0.0,True,0,0.0
1,33,10,0.6,0.3,True,10,True,0,0.0,True,0,0.0
2,33,10,0.6,0.3,False,10,True,0,0.0,True,0,0.0
3,33,10,0.6,0.3,True,10,True,0,0.0,True,0,0.0
4,33,10,0.6,0.3,True,10,True,0,0.0,True,0,0.0
5,33,10,0.6,0.3,True,10,True,0,0.0,True,0,0.0
6,33,10,0.6,0.3,True,10,True,0,0.0,True,0,0.0
7,33,10,0.6,0.3,True,10,True,0,0.0,True,0,0.0
8,33,10,0.6,0.3,True,10,True,0,0.0,True,0,0.0
9,33,10,0.6,0.3,True,10,True,0,0.0,True,0,0.0
10,33,10,0.6,0.3,True,10,True,0,0.0,True,0,0.0
11,33,10,0.6,0.3,True,10,True,0,0.0,True,0,0.0
12,33,10,0.6,0.3,True,10,True,0,0.0,True,0,0.0
13,33,10,0.6,0.3,True,10,True,0,0.0,True,0,0.0
14,33,10,0.6,0.3,True,10,True,0,0.0,True,0,0.0
15,33,10,0.6,0.3,True,10,True,0,0.0,True,0,0.0
16,33,10,0.6,0.3,True,10,True,0,0.0,True,0,0.0
17,33,10,0.6,0.3,True,10,True,0,0.0,True,0,0.0
18,33,10,0.6,0.3,True,10,True,0,0.0,True,0,0.0
19,33,10,0.6,0.3,True,10,True,0,0.0,True,0,0.0
20,33,10,0.6,0.3,True,10,True,0,0.0,True,0,0.0
21,33,10,0.6,0.3,True,10,True,0,0.0,True,0,0.0
22,33,10,0.6,0.3,False,10,True,0,0.0,True,0,0.0
23,33,10,0.6,0.3,True,10,True,0,0.0,True,0,0.0
24,33,10,0.6,0.3,True,10,True,0,0.0,True,0,0.0
25,33,10,0.6,0.3,True,10,True,0,0.0,True,0,0.0
26,33,10,0.6,0.3,True,10,True,0,0.0,True,0,0.0
27,33,10,0.6,0.3,True,10,True,0,0.0,True,0,0.0
28,33,10,0.6,0.3,True,10,True,0,0.0,True,0,0.0
29,33,10,0.6,0.3,True,10,True,0,0.0,True,0,0.0
30,33,10,0.6,0.3,True,10,True,0,0.0,True,0,0.0
31,33,10,0.6,0.3,True,10,True,0,0.0,True,0,0.0
32,33,10,0.6,0.3,True,10,True,0,0.0,True,0,0.0
33,33,10,0.6,0.3,True,10,True,0,0.0,True,0,0.0
34,33,10,0.6,0.3,True,10,True,0,0.0,True,0,0.0
35,33,10,0.6,0.3,True,10,True,0,0.0,True,0,0.0
36,33,10,0.6,0.3,True,10,True,0,0.0,True,0,0.0
37,33,10,0.6,0.3,True,10,True,0,0.0,True,0,0.0
38,33,10,0.6,0.3,True,10,True,0,0.0,True,0,0.0
39,33,10,0.6,0.3,True,10,True,0,0.0,True,0,0.0
40,33,10,0.6,0.3,True,10,True,0,0.0,True,0,0.0
41,33,10,0.6,0.3,True,10,True,0,0.0,True,0,0.0
42,33,10,0.6,0.3,True,10,True,0,0.0,True,0,0.0
43,33,10,0.6,0.3,True,10,True,0,0.0,True,0,0.0
44,33,10,0.6,0.3,True,10,True,0,0.0,True,0,0.0
45,33,10,0.6,0.3,True,10,True,0,0.0,True,0,0.0
46,33,10,0.6,0.3,True,10,True,0,0.0,True,0,0.0
47,33,10,0.6,0.3,True,10,True,0,0.0,True,0,0.0
48,33,10,0.6,0.3,True,10,True,0,0.0,True,0,0.0
49,33,10,0.6,0.3,True,10,True,0,0.0,True,0,0.0
50,33,10,0.6,0.3,True,10,True,0,0.0,True,0,0.0
51,33,10,0.6,0.3,True,10,True,0,0.0,True,0,0.0
52,33,10,0.6,0.3,True,10,True,0,0.0,True,0,0.0
53,33,10,0.6,0.3,True,10,True,0,0.0,True,0,0.0
54,33,10,0.6,0.3,True,10,True,0,0.0,True,0,0.0
55,33,10,0.6,0.3,True,10,True,0,0.0,True,0,0.0
56,33,10,0.6,0.3,True,10,True,0,0.0,True,0,0.0
57,33,10,0.6,0.3,True,10,True,0,0.0,True,0,0.0
58,33,10,0.6,0.3,True,10,True,0,0.0,True,0,0.0
59,33,10,0.6,0.3,True,10,True,0,0.0,True,0,0.0
60,33,10,0.6,0.3,True,10,True,0,0.0,True,0,0.0
61,33,10,0.6,0.3,True,10,True,0,0.0,True,0,0.0
62,33,10,0.6,0.3,True,10,True,0,0.0,True,0,0.0
63,33,10,0.6,0.3,True,10,True,0,0.0,True,0,0.0
64,33,10,0.6,0.3,True,10,True,0,0.0,True,0,0.0
65,33,10,0.6,0.3,True,10,True,0,0.0,True,0,0.0
66,33,10,0.6,0.3,True,10,True,0,0.0,True,0,0.0
67,33,10,0.6,0.3,True,10,True,0,0.0,True,0,0.0
68,33,10,0.6,0.3,True,10,True,0,0.0,True,0,0.0
69,33,10,0.6,0.3,True,10,True,0,0.0,True,0,0.0
70,33,10,0.6,0.3,True,10,True,0,0.0,True,0,0.0
71,33,10,0.6,0.3,True,10,True,0,0.0,True,0,0.0
72,33,10,0.6,0.3,True,10,True,0,0.0,True,0,0.0
73,33,10,0.6,0.3,True,10,True,0,0.0,True,0,0.0
74,33,10,0.6,0.3,True,10,True,0,0.0,True,0,0.0
75,33,10,0.6,0.3,True,10,True,0,0.0,True,0,0.0
76,33,10,0.6,0.3,True,10,True,0,0.0,True,0,0.0
77,33,10,0.6,0.3,True,10,True,0,0.0,True,0,0.0
78,33,10,0.6,0.3,True,10,True,0,0.0,True,0,0.0
79,33,10,0.6,0.3,True,10,True,0,0.0,True,0,0.0
80,33,10,0.6,0.3,True,10,True,0,0.0,True,0,0.0
81,33,10,0.6,0.3,True,10,True,0,0.0,True,0,0.0
82,33,10,0.6,0.3,True,10,True,0,0.0,True,0,0.0
83,33,10,0.6,0.3,True,10,True,0,0.0,True,0,0.0
84,33,10,0.6,0.3,True,10,True,0,0.0,True,0,0.0
85,33,10,0.6,0.3,True,10,True,0,0.0,True,0,0.0
86,33,10,0.6,0.3,True,10,True,0,0.0,True,0,0.0
87,33,10,0.6,0.3,False,10,True,0,0.0,True,0,0.0
88,33,10,0.6,0.3,True,10,True,0,0.0,True,0,0.0
89,33,10,0.6,0.3,True,10,True,0,0.0,True,0,0.0
90,33,10,0.6,0.3,False,10,True,0,0.0,True,0,0.0
91,33,10,0.6,0.3,True,10,True,0,0.0,True,0,0.0
92,33,10,0.6,0.3,True,10,True,0,0.0,True,0,0.0
93,33,10,0.6,0.3,True,10,True,0,0.0,True,0,0.0
94,33,10,0.6,0.3,True,10,True,0,0.0,True,0,0.0
95,33,10,0.6,0.3,True,10,True,0,0.0,True,0,0.0
96,33,10,0.6,0.3,True,10,True,0,0.0,True,0,0.0
97,33,10,0.6,0.3,True,10,True,0,0.0,True,0,0.0
98,33,10,0.6,0.3,True,10,True,0,0.0,True,0,0.0
99,33,10,0.6,0.3,True,10,True,0,0.0,True,0,0.0
0,33,10,0.6,0.5,True,10,True,0,0.0,True,0,0.0
1,33,10,0.6,0.5,True,10,True,0,0.0,True,0,0.0
2,33,10,0.6,0.5,False,10,True,0,0.0,True,0,0.0
3,33,10,0.6,0.5,True,10,True,0,0.0,True,0,0.0
4,33,10,0.6,0.5,True,10,True,0,0.0,True,0,0.0
5,33,10,0.6,0.5,True,10,True,0,0.0,True,0,0.0
6,33,10,0.6,0.5,True,10,True,0,0.0,True,0,0.0
7,33,10,0.6,0.5,True,10,True,0,0.0,True,0,0.0
8,33,10,0.6,0.5,True,10,True,0,0.0,True,0,0.0
9,33,10,0.6,0.5,True,10,True,0,0.0,True,0,0.0
10,33,10,0.6,0.5,True,10,True,0,0.0,True,0,0.0
11,33,10,0.6,0.5,True,10,True,0,0.0,True,0,0.0
12,33,10,0.6,0.5,True,10,True,0,0.0,True,0,0.0
13,33,10,0.6,0.5,True,10,True,0,0.0,True,0,0.0
14,33,10,0.6,0.5,True,10,True,0,0.0,True,0,0.0
15,33,10,0.6,0.5,True,10,True,0,0.0,True,0,0.0
16,33,10,0.6,0.5,True,10,True,0,0.0,True,0,0.0
17,33,10,0.6,0.5,True,10,True,0,0.0,True,0,0.0
18,33,10,0.6,0.5,True,10,True,0,0.0,True,0,0.0
19,33,10,0.6,0.5,True,10,True,0,0.0,True,0,0.0
20,33,10,0.6,0.5,True,10,True,0,0.0,True,0,0.0
21,33,10,0.6,0.5,True,10,True,0,0.0,True,0,0.0
22,33,10,0.6,0.5,False,10,True,0,0.0,True,0,0.0
23,33,10,0.6,0.5,True,10,True,0,0.0,True,0,0.0
24,33,10,0.6,0.5,True,10,True,0,0.0,True,0,0.0
25,33,10,0.6,0.5,True,10,True,0,0.0,True,0,0.0
26,33,10,0.6,0.5,True,10,True,0,0.0,True,0,0.0
27,33,10,0.6,0.5,True,10,True,0,0.0,True,0,0.0
28,33,10,0.6,0.5,True,10,True,0,0.0,True,0,0.0
29,33,10,0.6,0.5,True,10,True,0,0.0,True,0,0.0
30,33,10,0.6,0.5,True,10,True,0,0.0,True,0,0.0
31,33,10,0.6,0.5,True,10,True,0,0.0,True,0,0.0
32,33,10,0.6,0.5,True,10,True,0,0.0,True,0,0.0
33,33,10,0.6,0.5,True,10,True,0,0.0,True,0,0.0
34,33,10,0.6,0.5,True,10,True,0,0.0,True,0,0.0
35,33,10,0.6,0.5,True,10,True,0,0.0,True,0,0.0
36,33,10,0.6,0.5,True,10,True,0,0.0,True,0,0.0
37,33,10,0.6,0.5,True,10,True,0,0.0,True,0,0.0
38,33,10,0.6,0.5,True,10,True,0,0.0,True,0,0.0
39,33,10,0.6,0.5,True,10,True,0,0.0,True,0,0.0
40,33,10,0.6,0.5,True,10,True,0,0.0,True,0,0.0
41,33,10,0.6,0.5,True,10,True,0,0.0,True,0,0.0
42,33,10,0.6,0.5,True,10,True,0,0.0,True,0,0.0
43,33,10,0.6,0.5,True,10,True,0,0.0,True,0,0.0
44,33,10,0.6,0.5,True,10,True,0,0.0,True,0,0.0
45,33,10,0.6,0.5,True,10,True,0,0.0,True,0,0.0
46,33,10,0.6,0.5,True,10,True,0,0.0,True,0,0.0
47,33,10,0.6,0.5,True,10,True,0,0.0,True,0,0.0
48,33,10,0.6,0.5,True,10,True,0,0.0,True,0,0.0
49,33,10,0.6,0.5,True,10,True,0,0.0,True,0,0.0
50,33,10,0.6,0.5,True,10,True,0,0.0,True,0,0.0
51,33,10,0.6,0.5,True,10,True,0,0.0,True,0,0.0
52,33,10,0.6,0.5,True,10,True,0,0.0,True,0,0.0
53,33,10,0.6,0.5,True,10,True,0,0.0,True,0,0.0
54,33,10,0.6,0.5,True,10,True,0,0.0,True,0,0.0
55,33,10,0.6,0.5,True,10,True,0,0.0,True,0,0.0
56,33,10,0.6,0.5,True,10,True,0,0.0,True,0,0.0
57,33,10,0.6,0.5,True,10,True,0,0.0,True,0,0.0
58,33,10,0.6,0.5,True,10,True,0,0.0,True,0,0.0
59,33,10,0.6,0.5,True,10,True,0,0.0,True,0,0.0
60,33,10,0.6,0.5,True,10,True,0,0.0,True,0,0.0
61,33,10,0.6,0.5,True,10,True,0,0.0,True,0,0.0
62,33,10,0.6,0.5,True,10,True,0,0.0,True,0,0.0
63,33,10,0.6,0.5,True,10,True,0,0.0,True,0,0.0
64,33,10,0.6,0.5,True,10,True,0,0.0,True,0,0.0
65,33,10,0.6,0.5,True,10,True,0,0.0,True,0,0.0
66,33,10,0.6,0.5,True,10,True,0,0.0,True,0,0.0
67,33,10,0.6,0.5,True,10,True,0,0.0,True,0,0.0
68,33,10,0.6,0.5,True,10,True,0,0.0,True,0,0.0
69,33,10,0.6,0.5,True,10,True,0,0.0,True,0,0.0
70,33,10,0.6,0.5,True,10,True,0,0.0,True,0,0.0
71,33,10,0.6,0.5,True,10,True,0,0.0,True,0,0.0
72,33,10,0.6,0.5,True,10,True,0,0.0,True,0,0.0
73,33,10,0.6,0.5,True,10,True,0,0.0,True,0,0.0
74,33,10,0.6,0.5,True,10,True,0,0.0,True,0,0.0
75,33,10,0.6,0.5,True,10,True,0,0.0,True,0,0.0
76,33,10,0.6,0.5,True,10,True,0,0.0,True,0,0.0
77,33,10,0.6,0.5,True,10,True,0,0.0,True,0,0.0
78,33,10,0.6,0.5,True,10,True,0,0.0,True,0,0.0
79,33,10,0.6,0.5,True,10,True,0,0.0,True,0,0.0
80,33,10,0.6,0.5,True,10,True,0,0.0,True,0,0.0
81,33,10,0.6,0.5,True,10,True,0,0.0,True,0,0.0
82,33,10,0.6,0.5,True,10,True,0,0.0,True,0,0.0
83,33,10,0.6,0.5,True,10,True,0,0.0,True,0,0.0
84,33,10,0.6,0.5,True,10,True,0,0.0,True,0,0.0
85,33,10,0.6,0.5,True,10,True,0,0.0,True,0,0.0
86,33,10,0.6,0.5,True,10,True,0,0.0,True,0,0.0
87,33,10,0.6,0.5,False,10,True,0,0.0,True,0,0.0
88,33,10,0.6,0.5,True,10,True,0,0.0,True,0,0.0
89,33,10,0.6,0.5,True,10,True,0,0.0,True,0,0.0
90,33,10,0.6,0.5,False,10,True,0,0.0,True,0,0.0
91,33,10,0.6,0.5,True,10,True,0,0.0,True,0,0.0
92,33,10,0.6,0.5,True,10,True,0,0.0,True,0,0.0
93,33,10,0.6,0.5,True,10,True,0,0.0,True,0,0.0
94,33,10,0.6,0.5,True,10,True,0,0.0,True,0,0.0
95,33,10,0.6,0.5,True,10,True,0,0.0,True,0,0.0
96,33,10,0.6,0.5,True,10,True,0,0.0,True,0,0.0
97,33,10,0.6,0.5,True,10,True,0,0.0,True,0,0.0
98,33,10,0.6,0.5,True,10,True,0,0.0,True,0,0.0
99,33,10,0.6,0.5,True,10,True,0,0.0,True,0,0.0
0,33,10,0.6,0.7,True,10,True,0,0.0,True,0,0.0
1,33,10,0.6,0.7,True,10,True,0,0.0,True,0,0.0
2,33,10,0.6,0.7,False,10,True,0,0.0,True,0,0.0
3,33,10,0.6,0.7,True,10,True,0,0.0,True,0,0.0
4,33,10,0.6,0.7,True,10,True,0,0.0,True,0,0.0
5,33,10,0.6,0.7,True,10,True,0,0.0,True,0,0.0
6,33,10,0.6,0.7,True,10,True,0,0.0,True,0,0.0
7,33,10,0.6,0.7,True,10,True,0,0.0,True,0,0.0
8,33,10,0.6,0.7,True,10,True,0,0.0,True,0,0.0
9,33,10,0.6,0.7,True,10,True,0,0.0,True,0,0.0
10,33,10,0.6,0.7,True,10,True,0,0.0,True,0,0.0
11,33,10,0.6,0.7,True,10,True,0,0.0,True,0,0.0
12,33,10,0.6,0.7,True,10,True,0,0.0,True,0,0.0
13,33,10,0.6,0.7,True,10,True,0,0.0,True,0,0.0
14,33,10,0.6,0.7,True,10,True,0,0.0,True,0,0.0
15,33,10,0.6,0.7,True,10,True,0,0.0,True,0,0.0
16,33,10,0.6,0.7,True,10,True,0,0.0,True,0,0.0
17,33,10,0.6,0.7,True,10,True,0,0.0,True,0,0.0
18,33,10,0.6,0.7,True,10,True,0,0.0,True,0,0.0
19,33,10,0.6,0.7,True,10,True,0,0.0,True,0,0.0
20,33,10,0.6,0.7,True,10,True,0,0.0,True,0,0.0
21,33,10,0.6,0.7,True,10,True,0,0.0,True,0,0.0
22,33,10,0.6,0.7,False,10,True,0,0.0,True,0,0.0
23,33,10,0.6,0.7,True,10,True,0,0.0,True,0,0.0
24,33,10,0.6,0.7,True,10,True,0,0.0,True,0,0.0
25,33,10,0.6,0.7,True,10,True,0,0.0,True,0,0.0
26,33,10,0.6,0.7,True,10,True,0,0.0,True,0,0.0
27,33,10,0.6,0.7,True,10,True,0,0.0,True,0,0.0
28,33,10,0.6,0.7,True,10,True,0,0.0,True,0,0.0
29,33,10,0.6,0.7,True,10,True,0,0.0,True,0,0.0
30,33,10,0.6,0.7,True,10,True,0,0.0,True,0,0.0
31,33,10,0.6,0.7,True,10,True,0,0.0,True,0,0.0
32,33,10,0.6,0.7,True,10,True,0,0.0,True,0,0.0
33,33,10,0.6,0.7,True,10,True,0,0.0,True,0,0.0
34,33,10,0.6,0.7,True,10,True,0,0.0,True,0,0.0
35,33,10,0.6,0.7,True,10,True,0,0.0,True,0,0.0
36,33,10,0.6,0.7,True,10,True,0,0.0,True,0,0.0
37,33,10,0.6,0.7,True,10,True,0,0.0,True,0,0.0
38,33,10,0.6,0.7,True,10,True,0,0.0,True,0,0.0
39,33,10,0.6,0.7,True,10,True,0,0.0,True,0,0.0
40,33,10,0.6,0.7,True,10,True,0,0.0,True,0,0.0
41,33,10,0.6,0.7,True,10,True,0,0.0,True,0,0.0
42,33,10,0.6,0.7,True,10,True,0,0.0,True,0,0.0
43,33,10,0.6,0.7,True,10,True,0,0.0,True,0,0.0
44,33,10,0.6,0.7,True,10,True,0,0.0,True,0,0.0
45,33,10,0.6,0.7,True,10,True,0,0.0,True,0,0.0
46,33,10,0.6,0.7,True,10,True,0,0.0,True,0,0.0
47,33,10,0.6,0.7,True,10,True,0,0.0,True,0,0.0
48,33,10,0.6,0.7,True,10,True,0,0.0,True,0,0.0
49,33,10,0.6,0.7,True,10,True,0,0.0,True,0,0.0
50,33,10,0.6,0.7,True,10,True,0,0.0,True,0,0.0
51,33,10,0.6,0.7,True,10,True,0,0.0,True,0,0.0
52,33,10,0.6,0.7,True,10,True,0,0.0,True,0,0.0
53,33,10,0.6,0.7,True,10,True,0,0.0,True,0,0.0
54,33,10,0.6,0.7,True,10,True,0,0.0,True,0,0.0
55,33,10,0.6,0.7,True,10,True,0,0.0,True,0,0.0
56,33,10,0.6,0.7,True,10,True,0,0.0,True,0,0.0
57,33,10,0.6,0.7,True,10,True,0,0.0,True,0,0.0
58,33,10,0.6,0.7,True,10,True,0,0.0,True,0,0.0
59,33,10,0.6,0.7,True,10,True,0,0.0,True,0,0.0
60,33,10,0.6,0.7,True,10,True,0,0.0,True,0,0.0
61,33,10,0.6,0.7,True,10,True,0,0.0,True,0,0.0
62,33,10,0.6,0.7,True,10,True,0,0.0,True,0,0.0
63,33,10,0.6,0.7,True,10,True,0,0.0,True,0,0.0
64,33,10,0.6,0.7,True,10,True,0,0.0,True,0,0.0
65,33,10,0.6,0.7,True,10,True,0,0.0,True,0,0.0
66,33,10,0.6,0.7,True,10,True,0,0.0,True,0,0.0
67,33,10,0.6,0.7,True,10,True,0,0.0,True,0,0.0
68,33,10,0.6,0.7,True,10,True,0,0.0,True,0,0.0
69,33,10,0.6,0.7,True,10,True,0,0.0,True,0,0.0
70,33,10,0.6,0.7,True,10,True,0,0.0,True,0,0.0
71,33,10,0.6,0.7,True,10,True,0,0.0,True,0,0.0
72,33,10,0.6,0.7,True,10,True,0,0.0,True,0,0.0
73,33,10,0.6,0.7,True,10,True,0,0.0,True,0,0.0
74,33,10,0.6,0.7,True,10,True,0,0.0,True,0,0.0
75,33,10,0.6,0.7,True,10,True,0,0.0,True,0,0.0
76,33,10,0.6,0.7,True,10,True,0,0.0,True,0,0.0
77,33,10,0.6,0.7,True,10,True,0,0.0,True,0,0.0
78,33,10,0.6,0.7,True,10,True,0,0.0,True,0,0.0
79,33,10,0.6,0.7,True,10,True,0,0.0,True,0,0.0
80,33,10,0.6,0.7,True,10,True,0,0.0,True,0,0.0
81,33,10,0.6,0.7,True,10,True,0,0.0,True,0,0.0
82,33,10,0.6,0.7,True,10,True,0,0.0,True,0,0.0
83,33,10,0.6,0.7,True,10,True,0,0.0,True,0,0.0
84,33,10,0.6,0.7,True,10,True,0,0.0,True,0,0.0
85,33,10,0.6,0.7,True,10,True,0,0.0,True,0,0.0
86,33,10,0.6,0.7,True,10,True,0,0.0,True,0,0.0
87,33,10,0.6,0.7,False,10,True,0,0.0,True,0,0.0
88,33,10,0.6,0.7,True,10,True,0,0.0,True,0,0.0
89,33,10,0.6,0.7,True,10,True,0,0.0,True,0,0.0
90,33,10,0.6,0.7,False,10,True,0,0.0,True,0,0.0
91,33,10,0.6,0.7,True,10,True,0,0.0,True,0,0.0
92,33,10,0.6,0.7,True,10,True,0,0.0,True,0,0.0
93,33,10,0.6,0.7,True,10,True,0,0.0,True,0,0.0
94,33,10,0.6,0.7,True,10,True,0,0.0,True,0,0.0
95,33,10,0.6,0.7,True,10,True,0,0.0,True,0,0.0
96,33,10,0.6,0.7,True,10,True,0,0.0,True,0,0.0
97,33,10,0.6,0.7,True,10,True,0,0.0,True,0,0.0
98,33,10,0.6,0.7,True,10,True,0,0.0,True,0,0.0
99,33,10,0.6,0.7,True,10,True,0,0.0,True,0,0.0
