seed,num_resources,availability_probability,status,qty_assignments,qty_assignment_value,qty_highest_priority,qty_secondary_priority,qual_assignments,qual_assignment_value,qual_highest_priority,qual_secondary_priority,w_assignments,w_assignment_value,w_highest_priority,w_secondary_priority,qty_time,qual_time,w_time
0,4,0.3,optimal,4,7,3,0.6666666666666666,4,8,3,0.6666666666666666,4,14,0,2.0,0.0009968280792236328,0.0009965896606445312,0.0
1,4,0.3,optimal,4,8,3,0.6666666666666666,4,9,3,0.6666666666666666,4,13,0,2.0,0.0,0.0,0.0
2,4,0.3,optimal,4,5,3,0.3333333333333333,4,6,3,0.3333333333333333,4,11,0,1.3333333333333333,0.0010173320770263672,0.003003835678100586,0.0
3,4,0.3,optimal,4,9,3,1.0,4,9,3,1.0,4,16,0,2.6666666666666665,0.0,0.0010151863098144531,0.0012416839599609375
4,4,0.3,optimal,4,5,4,0.0,4,6,4,0.0,4,13,0,1.6666666666666667,0.0,0.0009963512420654297,0.0
5,4,0.3,optimal,4,7,4,0.0,4,7,4,0.0,4,13,0,2.0,0.001012563705444336,0.0,0.0
6,4,0.3,optimal,4,5,4,0.0,4,6,4,0.0,4,14,0,2.0,0.0,0.0,0.0
7,4,0.3,optimal,4,7,4,0.0,4,7,4,0.0,4,13,0,2.0,0.0,0.0009999275207519531,0.00099945068359375
8,4,0.3,optimal,4,4,4,0.0,4,4,4,0.0,4,13,0,1.6666666666666667,0.0,0.0,0.0010230541229248047
9,4,0.3,optimal,4,6,4,0.0,4,6,4,0.0,4,13,0,1.6666666666666667,0.0010006427764892578,0.0,0.0
10,4,0.3,optimal,4,7,4,0.0,4,7,4,0.0,4,12,0,1.6666666666666667,0.0,0.0,0.0
11,4,0.3,optimal,4,8,3,0.6666666666666666,4,10,3,0.6666666666666666,4,14,0,2.0,0.0,0.0010008811950683594,0.0
12,4,0.3,optimal,4,7,3,0.0,4,8,3,0.0,4,13,0,1.6666666666666667,0.0,0.0,0.0
13,4,0.3,optimal,4,6,4,0.0,4,6,4,0.0,4,14,0,2.0,0.001001596450805664,0.000997781753540039,0.0010008811950683594
14,4,0.3,optimal,4,6,4,0.0,4,7,4,0.0,4,13,0,1.6666666666666667,0.0,0.002007722854614258,0.0
15,4,0.3,optimal,4,6,4,0.0,4,7,4,0.0,4,12,0,1.6666666666666667,0.0012009143829345703,0.0,0.0
16,4,0.3,optimal,4,7,3,0.6666666666666666,4,7,3,0.6666666666666666,4,13,0,2.0,0.0010004043579101562,0.0009999275207519531,0.0
17,4,0.3,optimal,4,7,3,0.3333333333333333,4,7,3,0.3333333333333333,4,13,0,1.6666666666666667,0.0,0.0,0.0
18,4,0.3,optimal,4,8,3,0.3333333333333333,4,9,3,0.3333333333333333,4,13,0,1.6666666666666667,0.0,0.0,0.0010004043579101562
19,4,0.3,optimal,4,6,4,0.0,4,6,4,0.0,4,13,0,2.0,0.0,0.0,0.0
20,4,0.3,optimal,4,6,4,0.0,4,7,4,0.0,4,14,0,2.3333333333333335,0.0,0.0009984970092773438,0.0010044574737548828
21,4,0.3,optimal,4,5,4,0.0,4,7,4,0.0,4,14,0,2.3333333333333335,0.0,0.007965803146362305,0.0
22,4,0.3,optimal,4,5,3,0.3333333333333333,4,8,3,0.3333333333333333,4,12,0,1.3333333333333333,0.0009999275207519531,0.0010006427764892578,0.0
23,4,0.3,optimal,4,6,4,0.0,4,6,4,0.0,4,13,0,1.6666666666666667,0.0,0.0,0.0
24,4,0.3,optimal,4,7,4,0.0,4,7,4,0.0,4,14,0,2.0,0.0,0.0,0.0
25,4,0.3,optimal,4,8,3,0.3333333333333333,4,9,3,0.3333333333333333,4,12,0,1.3333333333333333,0.006130695343017578,0.0,0.0
26,4,0.3,optimal,4,4,4,0.0,4,4,4,0.0,4,13,0,1.6666666666666667,0.0,0.0,0.0
27,4,0.3,optimal,4,9,3,0.6666666666666666,4,9,3,0.6666666666666666,4,14,0,2.6666666666666665,0.0,0.0009989738464355469,0.0010006427764892578
28,4,0.3,optimal,4,6,4,0.0,4,6,4,0.0,4,15,0,2.6666666666666665,0.0,0.0,0.0
29,4,0.3,optimal,4,9,3,0.6666666666666666,4,9,3,0.6666666666666666,4,12,0,1.3333333333333333,0.0010001659393310547,0.0009992122650146484,0.001001119613647461
30,4,0.3,optimal,4,6,4,0.0,4,7,4,0.0,4,13,0,1.6666666666666667,0.0030400753021240234,0.0009937286376953125,0.0010013580322265625
31,4,0.3,optimal,4,10,3,0.6666666666666666,4,10,3,0.6666666666666666,4,15,0,2.6666666666666665,0.0,0.0,0.0
32,4,0.3,optimal,4,7,4,0.0,4,7,4,0.0,4,12,0,2.0,0.0,0.0,0.0
33,4,0.3,optimal,4,4,4,0.0,4,4,4,0.0,4,14,0,2.0,0.0,0.0,0.0
34,4,0.3,optimal,4,6,4,0.0,4,7,4,0.0,4,11,0,1.3333333333333333,0.0,0.0,0.0
35,4,0.3,optimal,4,6,3,0.3333333333333333,4,8,3,0.3333333333333333,4,13,0,2.0,0.0010006427764892578,0.0009961128234863281,0.0
36,4,0.3,optimal,4,10,2,1.0,4,10,2,1.0,4,13,0,1.6666666666666667,0.0,0.0,0.0
37,4,0.3,optimal,4,9,3,0.6666666666666666,4,9,3,0.6666666666666666,4,12,0,2.0,0.0,0.0010001659393310547,0.0009996891021728516
38,4,0.3,optimal,4,9,3,0.6666666666666666,4,10,3,0.6666666666666666,4,14,0,2.0,0.0,0.0009999275207519531,0.0010004043579101562
39,4,0.3,optimal,4,7,4,0.0,4,7,4,0.0,4,12,0,1.6666666666666667,0.0009996891021728516,0.0009996891021728516,0.0010001659393310547
40,4,0.3,optimal,4,9,3,0.6666666666666666,4,10,3,0.6666666666666666,4,14,0,2.0,0.0,0.0,0.0
41,4,0.3,optimal,4,7,4,0.0,4,7,4,0.0,4,13,0,2.0,0.0009996891021728516,0.0009999275207519531,0.0010001659393310547
42,4,0.3,optimal,4,8,3,0.6666666666666666,4,8,3,0.6666666666666666,4,12,0,1.3333333333333333,0.0,0.0,0.0
43,4,0.3,optimal,4,7,3,0.3333333333333333,4,8,3,0.3333333333333333,4,13,0,1.6666666666666667,0.0,0.0011813640594482422,0.0012505054473876953
44,4,0.3,optimal,4,6,4,0.0,4,7,4,0.0,4,14,0,2.3333333333333335,0.0,0.0009908676147460938,0.0009984970092773438
45,4,0.3,optimal,4,8,3,0.6666666666666666,4,9,3,0.6666666666666666,4,12,1,1.6666666666666667,0.0010006427764892578,0.00099945068359375,0.0010001659393310547
46,4,0.3,optimal,4,7,3,0.6666666666666666,4,7,3,0.6666666666666666,4,15,0,2.3333333333333335,0.0010066032409667969,0.0009918212890625,0.0
47,4,0.3,optimal,4,7,4,0.0,4,7,4,0.0,4,14,0,2.0,0.0,0.0010001659393310547,0.0
48,4,0.3,optimal,4,6,4,0.0,4,6,4,0.0,4,13,0,2.0,0.0010020732879638672,0.0,0.0
49,4,0.3,optimal,4,7,4,0.0,4,8,4,0.0,4,15,0,2.3333333333333335,0.001001596450805664,0.0,0.0
50,4,0.3,optimal,4,4,4,0.0,4,5,4,0.0,4,13,0,2.3333333333333335,0.0,0.0,0.0
51,4,0.3,optimal,4,5,4,0.0,4,6,4,0.0,4,12,0,1.6666666666666667,0.00099945068359375,0.0010001659393310547,0.0009996891021728516
52,4,0.3,optimal,4,5,4,0.0,4,6,4,0.0,4,13,0,1.6666666666666667,0.0010111331939697266,0.0,0.0
53,4,0.3,optimal,4,11,3,1.0,4,11,3,1.0,4,15,0,2.3333333333333335,0.0010004043579101562,0.0009989738464355469,0.0009999275207519531
54,4,0.3,optimal,4,6,4,0.0,4,6,4,0.0,4,14,0,2.0,0.0,0.0009999275207519531,0.0010006427764892578
55,4,0.3,optimal,4,6,3,0.6666666666666666,4,8,3,0.6666666666666666,4,13,0,2.0,0.0,0.0009989738464355469,0.00099945068359375
56,4,0.3,optimal,4,6,3,0.3333333333333333,4,8,3,0.3333333333333333,4,12,0,1.6666666666666667,0.0009996891021728516,0.0010001659393310547,0.0009987354278564453
57,4,0.3,optimal,4,7,3,0.6666666666666666,4,10,3,0.6666666666666666,4,13,0,1.6666666666666667,0.0,0.0009982585906982422,0.0010099411010742188
58,4,0.3,optimal,4,7,3,0.6666666666666666,4,8,3,0.6666666666666666,4,13,0,1.6666666666666667,0.0009996891021728516,0.0009982585906982422,0.0
59,4,0.3,optimal,4,6,4,0.0,4,8,4,0.0,4,12,0,1.6666666666666667,0.0,0.0010302066802978516,0.0011820793151855469
60,4,0.3,optimal,4,8,3,0.3333333333333333,4,9,3,0.3333333333333333,4,15,0,2.3333333333333335,0.0,0.0,0.0
61,4,0.3,optimal,4,7,4,0.0,4,7,4,0.0,4,14,0,2.3333333333333335,0.0,0.0,0.0
62,4,0.3,optimal,4,7,4,0.0,4,7,4,0.0,4,16,0,2.6666666666666665,0.0,0.0,0.00099945068359375
63,4,0.3,optimal,4,7,4,0.0,4,7,4,0.0,4,13,0,2.0,0.0,0.0,0.0
64,4,0.3,optimal,4,6,4,0.0,4,6,4,0.0,4,14,0,2.0,0.0,0.0,0.0
65,4,0.3,optimal,4,7,4,0.0,4,7,4,0.0,4,14,0,2.0,0.0,0.0,0.0010018348693847656
66,4,0.3,optimal,4,8,3,0.6666666666666666,4,9,3,0.6666666666666666,4,12,0,1.3333333333333333,0.0,0.0009846687316894531,0.0
67,4,0.3,optimal,4,7,3,0.6666666666666666,4,10,3,0.6666666666666666,4,12,0,1.6666666666666667,0.0009992122650146484,0.0009961128234863281,0.0
68,4,0.3,optimal,4,6,3,0.3333333333333333,4,7,3,0.3333333333333333,4,13,0,2.0,0.0,0.0,0.0
69,4,0.3,optimal,4,5,4,0.0,4,5,4,0.0,4,15,0,3.0,0.0,0.0,0.0
70,4,0.3,optimal,4,7,3,0.3333333333333333,4,8,3,0.3333333333333333,4,12,0,1.3333333333333333,0.0,0.0010004043579101562,0.0
71,4,0.3,optimal,4,6,4,0.0,4,6,4,0.0,4,14,0,2.6666666666666665,0.0,0.0,0.0
72,4,0.3,optimal,4,7,3,0.3333333333333333,4,7,3,0.3333333333333333,4,15,0,2.3333333333333335,0.00103759765625,0.0010001659393310547,0.0010001659393310547
73,4,0.3,optimal,4,8,3,0.3333333333333333,4,8,3,0.3333333333333333,4,12,0,1.6666666666666667,0.0,0.0,0.0
74,4,0.3,optimal,4,7,4,0.0,4,8,4,0.0,4,14,0,2.0,0.0,0.0009999275207519531,0.0
75,4,0.3,optimal,4,7,3,0.6666666666666666,4,7,3,0.6666666666666666,4,15,0,2.3333333333333335,0.0009999275207519531,0.0010001659393310547,0.0009996891021728516
76,4,0.3,optimal,4,6,4,0.0,4,6,4,0.0,4,14,0,2.6666666666666665,0.0,0.0,0.0
77,4,0.3,optimal,4,7,3,0.3333333333333333,4,9,3,0.3333333333333333,4,13,0,1.6666666666666667,0.0,0.0,0.0
78,4,0.3,optimal,4,5,4,0.0,4,5,4,0.0,4,12,0,1.3333333333333333,0.0,0.0,0.0009999275207519531
79,4,0.3,optimal,4,4,4,0.0,4,6,4,0.0,4,13,0,1.6666666666666667,0.0010001659393310547,0.0009958744049072266,0.0010037422180175781
80,4,0.3,optimal,4,4,4,0.0,4,5,4,0.0,4,13,0,1.6666666666666667,0.0,0.0,0.0
81,4,0.3,optimal,4,7,4,0.0,4,8,4,0.0,4,13,0,1.6666666666666667,0.0,0.0009999275207519531,0.0
82,4,0.3,optimal,4,6,4,0.0,4,6,4,0.0,4,13,0,1.6666666666666667,0.0009999275207519531,0.0010001659393310547,0.0009996891021728516
83,4,0.3,optimal,4,7,3,0.6666666666666666,4,9,3,0.6666666666666666,4,13,0,2.0,0.0010006427764892578,0.0,0.0
84,4,0.3,optimal,4,8,3,0.6666666666666666,4,8,3,0.6666666666666666,4,12,0,1.6666666666666667,0.0,0.00099945068359375,0.0010328292846679688
85,4,0.3,optimal,4,6,4,0.0,4,7,4,0.0,4,15,0,2.3333333333333335,0.0,0.008562326431274414,0.0
86,4,0.3,optimal,4,9,2,1.0,4,11,2,1.0,4,13,0,1.6666666666666667,0.0,0.0,0.0
87,4,0.3,optimal,4,6,4,0.0,4,6,4,0.0,4,12,0,1.3333333333333333,0.0005109310150146484,0.0010094642639160156,0.0
88,4,0.3,optimal,4,9,3,0.6666666666666666,4,9,3,0.6666666666666666,4,14,0,2.3333333333333335,0.0009953975677490234,0.0010042190551757812,0.0010001659393310547
89,4,0.3,optimal,4,6,4,0.0,4,6,4,0.0,4,13,0,1.6666666666666667,0.0,0.0,0.0
90,4,0.3,optimal,4,9,3,0.3333333333333333,4,9,3,0.3333333333333333,4,12,0,1.3333333333333333,0.000993967056274414,0.0,0.0
91,4,0.3,optimal,4,10,3,0.6666666666666666,4,10,3,0.6666666666666666,4,14,0,2.0,0.0,0.0,0.0
92,4,0.3,optimal,4,4,4,0.0,4,5,4,0.0,4,13,0,2.0,0.0,0.0,0.0
93,4,0.3,optimal,4,8,3,0.6666666666666666,4,9,3,0.6666666666666666,4,14,0,2.3333333333333335,0.0,0.0,0.0
94,4,0.3,optimal,4,7,4,0.0,4,7,4,0.0,4,13,0,1.6666666666666667,0.0,0.0008778572082519531,0.0
95,4,0.3,optimal,4,9,3,0.6666666666666666,4,9,3,0.6666666666666666,4,13,1,1.6666666666666667,0.0010395050048828125,0.0009996891021728516,0.0
96,4,0.3,optimal,4,6,3,0.3333333333333333,4,8,3,0.3333333333333333,4,13,0,2.0,0.0,0.0,0.0
97,4,0.3,optimal,4,4,4,0.0,4,4,4,0.0,4,12,0,1.3333333333333333,0.0,0.0,0.0
98,4,0.3,optimal,4,6,4,0.0,4,7,4,0.0,4,13,0,1.6666666666666667,0.0010001659393310547,0.000995635986328125,0.0010037422180175781
99,4,0.3,optimal,4,6,3,0.6666666666666666,4,6,3,0.6666666666666666,4,13,0,1.6666666666666667,0.0009999275207519531,0.0,0.0
0,4,0.45,optimal,4,6,4,0.0,4,6,4,0.0,4,14,0,2.0,0.0,0.0010001659393310547,0.0010554790496826172
1,4,0.45,optimal,4,7,4,0.0,4,8,4,0.0,4,13,1,1.6666666666666667,0.0009958744049072266,0.0,0.0010061264038085938
2,4,0.45,optimal,4,6,3,0.3333333333333333,4,6,3,0.3333333333333333,4,11,0,1.3333333333333333,0.0,0.0,0.0
3,4,0.45,optimal,4,8,4,0.0,4,8,4,0.0,4,16,0,2.6666666666666665,0.0,0.0009989738464355469,0.0
4,4,0.45,optimal,4,6,4,0.0,4,6,4,0.0,4,13,0,1.6666666666666667,0.0,0.006674528121948242,0.0
5,4,0.45,optimal,4,5,4,0.0,4,5,4,0.0,4,14,0,2.0,0.0,0.0,0.0009996891021728516
6,4,0.45,optimal,4,5,4,0.0,4,6,4,0.0,4,14,0,2.3333333333333335,0.0,0.0009999275207519531,0.0010008811950683594
7,4,0.45,optimal,4,7,4,0.0,4,7,4,0.0,4,15,0,2.6666666666666665,0.0009999275207519531,0.000997781753540039,0.0
8,4,0.45,optimal,4,5,4,0.0,4,5,4,0.0,4,13,0,1.6666666666666667,0.006107807159423828,0.001470804214477539,0.0
9,4,0.45,optimal,4,6,4,0.0,4,6,4,0.0,4,14,0,2.0,0.0,0.0,0.0
10,4,0.45,optimal,4,8,4,0.0,4,8,4,0.0,4,12,0,1.3333333333333333,0.0,0.0,0.0
11,4,0.45,optimal,4,7,4,0.0,4,7,4,0.0,4,14,0,2.0,0.0028061866760253906,0.0009951591491699219,0.001003265380859375
12,4,0.45,optimal,4,6,4,0.0,4,7,4,0.0,4,14,0,2.0,0.0009987354278564453,0.0,0.0010001659393310547
13,4,0.45,optimal,4,6,4,0.0,4,8,4,0.0,4,13,0,2.0,0.0,0.0020084381103515625,0.0014166831970214844
14,4,0.45,optimal,4,4,4,0.0,4,7,4,0.0,4,13,0,1.6666666666666667,0.0010001659393310547,0.008036136627197266,0.0010004043579101562
15,4,0.45,optimal,4,6,4,0.0,4,7,4,0.0,4,12,0,2.0,0.0,0.0,0.0
16,4,0.45,optimal,4,7,3,0.6666666666666666,4,8,3,0.6666666666666666,4,13,0,2.3333333333333335,0.0,0.0,0.0
17,4,0.45,optimal,4,5,4,0.0,4,6,4,0.0,4,13,0,1.6666666666666667,0.0,0.0,0.0009996891021728516
18,4,0.45,optimal,4,9,3,0.3333333333333333,4,9,3,0.3333333333333333,4,13,0,1.6666666666666667,0.0,0.0009989738464355469,0.0010006427764892578
19,4,0.45,optimal,4,6,4,0.0,4,7,4,0.0,4,13,0,1.6666666666666667,0.0,0.0009982585906982422,0.0010001659393310547
20,4,0.45,optimal,4,6,4,0.0,4,7,4,0.0,4,14,0,2.0,0.0009992122650146484,0.0,0.0009970664978027344
21,4,0.45,optimal,4,6,4,0.0,4,7,4,0.0,4,15,0,2.3333333333333335,0.0,0.0,0.0
22,4,0.45,optimal,4,7,3,0.3333333333333333,4,9,3,0.3333333333333333,4,12,0,1.3333333333333333,0.0,0.008558988571166992,0.0009932518005371094
23,4,0.45,optimal,4,6,4,0.0,4,6,4,0.0,4,13,0,1.6666666666666667,0.0013704299926757812,0.0,0.0
24,4,0.45,optimal,4,8,4,0.0,4,8,4,0.0,4,15,0,2.3333333333333335,0.0,0.0,0.0
25,4,0.45,optimal,4,6,4,0.0,4,7,4,0.0,4,12,0,1.6666666666666667,0.001001119613647461,0.0,0.0009968280792236328
26,4,0.45,optimal,4,5,4,0.0,4,5,4,0.0,4,13,0,1.6666666666666667,0.0,0.001241922378540039,0.0
27,4,0.45,optimal,4,8,4,0.0,4,8,4,0.0,4,14,0,2.3333333333333335,0.0,0.0009980201721191406,0.0009999275207519531
28,4,0.45,optimal,4,4,4,0.0,4,7,4,0.0,4,15,0,2.6666666666666665,0.0012860298156738281,0.001001596450805664,0.0009965896606445312
29,4,0.45,optimal,4,7,3,0.6666666666666666,4,9,3,0.6666666666666666,4,12,0,1.6666666666666667,0.0,0.0,0.0
30,4,0.45,optimal,4,8,3,0.6666666666666666,4,9,3,0.6666666666666666,4,13,0,2.3333333333333335,0.0,0.0,0.0009844303131103516
31,4,0.45,optimal,4,7,4,0.0,4,7,4,0.0,4,15,0,3.0,0.0,0.0009996891021728516,0.0010001659393310547
32,4,0.45,optimal,4,5,4,0.0,4,7,4,0.0,4,12,0,2.3333333333333335,0.0,0.003004312515258789,0.0
33,4,0.45,optimal,4,4,4,0.0,4,4,4,0.0,4,16,0,2.6666666666666665,0.0009951591491699219,0.0,0.0
34,4,0.45,optimal,4,5,4,0.0,4,7,4,0.0,4,13,0,1.6666666666666667,0.0,0.0,0.0
35,4,0.45,optimal,4,5,4,0.0,4,6,4,0.0,4,15,0,2.3333333333333335,0.0009996891021728516,0.0010001659393310547,0.0
36,4,0.45,optimal,4,7,4,0.0,4,7,4,0.0,4,13,0,2.0,0.0,0.0009944438934326172,0.0010018348693847656
37,4,0.45,optimal,4,7,4,0.0,4,7,4,0.0,4,13,0,1.6666666666666667,0.0,0.0009999275207519531,0.0009999275207519531
38,4,0.45,optimal,4,6,4,0.0,4,7,4,0.0,4,15,0,2.6666666666666665,0.0,0.007619619369506836,0.0009996891021728516
39,4,0.45,optimal,4,8,3,0.3333333333333333,4,8,3,0.3333333333333333,4,12,0,1.6666666666666667,0.0,0.0,0.00099945068359375
40,4,0.45,optimal,4,7,4,0.0,4,8,4,0.0,4,14,0,2.0,0.0,0.0010004043579101562,0.0009982585906982422
41,4,0.45,optimal,4,6,4,0.0,4,7,4,0.0,4,14,0,2.3333333333333335,0.0009963512420654297,0.002034902572631836,0.0012977123260498047
42,4,0.45,optimal,4,5,4,0.0,4,6,4,0.0,4,12,0,1.3333333333333333,0.0,0.0009999275207519531,0.0
43,4,0.45,optimal,4,5,4,0.0,4,6,4,0.0,4,13,0,1.6666666666666667,0.0009965896606445312,0.000997304916381836,0.0
44,4,0.45,optimal,4,5,4,0.0,4,7,4,0.0,4,14,0,2.3333333333333335,0.0009999275207519531,0.0009999275207519531,0.0
45,4,0.45,optimal,4,6,4,0.0,4,7,4,0.0,4,14,0,2.0,0.0010001659393310547,0.00299835205078125,0.0009953975677490234
46,4,0.45,optimal,4,5,4,0.0,4,7,4,0.0,4,15,0,2.3333333333333335,0.0,0.0019960403442382812,0.0009953975677490234
47,4,0.45,optimal,4,5,4,0.0,4,7,4,0.0,4,14,0,2.0,0.0010001659393310547,0.002010345458984375,0.0014543533325195312
48,4,0.45,optimal,4,6,4,0.0,4,7,4,0.0,4,14,0,2.0,0.0,0.0,0.0
49,4,0.45,optimal,4,7,4,0.0,4,8,4,0.0,4,15,0,2.6666666666666665,0.0,0.0,0.0
50,4,0.45,optimal,4,5,4,0.0,4,5,4,0.0,4,15,0,2.6666666666666665,0.0,0.0,0.0010454654693603516
51,4,0.45,optimal,4,6,4,0.0,4,6,4,0.0,4,12,0,1.6666666666666667,0.0009996891021728516,0.0010001659393310547,0.0
52,4,0.45,optimal,4,6,4,0.0,4,6,4,0.0,4,13,0,2.0,0.0010001659393310547,0.0009996891021728516,0.0
53,4,0.45,optimal,4,8,4,0.0,4,8,4,0.0,4,16,0,3.0,0.0,0.0010128021240234375,0.0
54,4,0.45,optimal,4,5,4,0.0,4,8,4,0.0,4,14,0,2.0,0.0012466907501220703,0.00818324089050293,0.0010008811950683594
55,4,0.45,optimal,4,7,4,0.0,4,7,4,0.0,4,13,0,2.0,0.0009961128234863281,0.0,0.0
56,4,0.45,optimal,4,6,4,0.0,4,6,4,0.0,4,12,0,1.6666666666666667,0.0,0.0,0.0015091896057128906
57,4,0.45,optimal,4,6,4,0.0,4,8,4,0.0,4,13,0,1.6666666666666667,0.0,0.0029964447021484375,0.0
58,4,0.45,optimal,4,6,4,0.0,4,6,4,0.0,4,13,0,1.6666666666666667,0.0,0.0,0.0
59,4,0.45,optimal,4,5,4,0.0,4,8,4,0.0,4,13,0,1.6666666666666667,0.0011603832244873047,0.003488302230834961,0.0
60,4,0.45,optimal,4,7,4,0.0,4,8,4,0.0,4,14,0,2.0,0.0,0.0010132789611816406,0.001184701919555664
61,4,0.45,optimal,4,8,4,0.0,4,8,4,0.0,4,14,0,2.3333333333333335,0.0,0.0,0.0009987354278564453
62,4,0.45,optimal,4,7,4,0.0,4,7,4,0.0,4,16,0,2.6666666666666665,0.0,0.0009992122650146484,0.0
63,4,0.45,optimal,4,7,4,0.0,4,7,4,0.0,4,14,0,2.3333333333333335,0.0,0.0010001659393310547,0.0
64,4,0.45,optimal,4,5,4,0.0,4,6,4,0.0,4,15,0,2.3333333333333335,0.0009970664978027344,0.0009980201721191406,0.0
65,4,0.45,optimal,4,6,4,0.0,4,7,4,0.0,4,14,0,2.0,0.0,0.0030002593994140625,0.0
66,4,0.45,optimal,4,5,3,0.3333333333333333,4,7,3,0.3333333333333333,4,12,0,1.3333333333333333,0.0,0.0,0.0
67,4,0.45,optimal,4,7,4,0.0,4,7,4,0.0,4,13,0,2.0,0.0,0.001001119613647461,0.0009984970092773438
68,4,0.45,optimal,4,8,4,0.0,4,8,4,0.0,4,14,0,2.0,0.0010406970977783203,0.0010364055633544922,0.0010945796966552734
69,4,0.45,optimal,4,5,4,0.0,4,5,4,0.0,4,15,0,3.0,0.0,0.0009982585906982422,0.0
70,4,0.45,optimal,4,6,4,0.0,4,7,4,0.0,4,13,0,1.6666666666666667,0.0010001659393310547,0.0014278888702392578,0.0012629032135009766
71,4,0.45,optimal,4,6,4,0.0,4,7,4,0.0,4,14,1,2.0,0.0,0.0009984970092773438,0.0010006427764892578
72,4,0.45,optimal,4,8,3,0.6666666666666666,4,8,3,0.6666666666666666,4,15,0,2.3333333333333335,0.0009999275207519531,0.0,0.0
73,4,0.45,optimal,4,7,4,0.0,4,7,4,0.0,4,12,0,1.6666666666666667,0.0,0.0,0.0
74,4,0.45,optimal,4,7,4,0.0,4,8,4,0.0,4,14,0,2.0,0.0,0.000995635986328125,0.0010006427764892578
75,4,0.45,optimal,4,4,4,0.0,4,6,4,0.0,4,15,0,2.3333333333333335,0.0009961128234863281,0.0029976367950439453,0.0010099411010742188
76,4,0.45,optimal,4,6,4,0.0,4,7,4,0.0,4,15,0,2.6666666666666665,0.0,0.0009999275207519531,0.0010001659393310547
77,4,0.45,optimal,4,8,3,0.3333333333333333,4,9,3,0.3333333333333333,4,13,0,1.6666666666666667,0.0,0.00099945068359375,0.0010001659393310547
78,4,0.45,optimal,4,5,4,0.0,4,5,4,0.0,4,12,0,1.6666666666666667,0.0010004043579101562,0.0,0.0
79,4,0.45,optimal,4,6,4,0.0,4,7,4,0.0,4,15,0,2.3333333333333335,0.0010752677917480469,0.002092123031616211,0.0
80,4,0.45,optimal,4,6,4,0.0,4,7,4,0.0,4,13,0,2.0,0.0009984970092773438,0.0,0.0
81,4,0.45,optimal,4,5,4,0.0,4,6,4,0.0,4,13,0,1.6666666666666667,0.0,0.000990152359008789,0.0009987354278564453
82,4,0.45,optimal,4,7,4,0.0,4,7,4,0.0,4,13,0,1.6666666666666667,0.0009996891021728516,0.003014087677001953,0.0
83,4,0.45,optimal,4,7,4,0.0,4,8,4,0.0,4,14,0,2.3333333333333335,0.0,0.0009996891021728516,0.0010001659393310547
84,4,0.45,optimal,4,7,4,0.0,4,8,4,0.0,4,12,1,1.3333333333333333,0.0009999275207519531,0.0,0.0
85,4,0.45,optimal,4,7,4,0.0,4,8,4,0.0,4,15,0,2.3333333333333335,0.0009996891021728516,0.002000570297241211,0.0009856224060058594
86,4,0.45,optimal,4,6,4,0.0,4,6,4,0.0,4,13,0,2.0,0.001275777816772461,0.0,0.0
87,4,0.45,optimal,4,5,4,0.0,4,8,4,0.0,4,12,0,1.3333333333333333,0.0009996891021728516,0.0020055770874023438,0.0
88,4,0.45,optimal,4,7,4,0.0,4,8,4,0.0,4,14,0,2.3333333333333335,0.0,0.0,0.0
89,4,0.45,optimal,4,6,4,0.0,4,6,4,0.0,4,13,0,1.6666666666666667,0.0010001659393310547,0.003523111343383789,0.0009999275207519531
90,4,0.45,optimal,4,7,4,0.0,4,8,4,0.0,4,12,0,1.3333333333333333,0.0010039806365966797,0.0010030269622802734,0.0
91,4,0.45,optimal,4,5,4,0.0,4,8,4,0.0,4,14,0,2.3333333333333335,0.0,0.0030059814453125,0.0
92,4,0.45,optimal,4,6,4,0.0,4,6,4,0.0,4,14,0,2.0,0.0,0.0,0.0
93,4,0.45,optimal,4,7,4,0.0,4,8,4,0.0,4,15,0,2.3333333333333335,0.0009999275207519531,0.0009927749633789062,0.00099945068359375
94,4,0.45,optimal,4,7,4,0.0,4,8,4,0.0,4,13,0,1.6666666666666667,0.0010001659393310547,0.0020046234130859375,0.0010471343994140625
95,4,0.45,optimal,4,4,4,0.0,4,7,4,0.0,4,13,0,2.0,0.0,0.0009984970092773438,0.0
96,4,0.45,optimal,4,9,3,0.3333333333333333,4,9,3,0.3333333333333333,4,13,0,2.0,0.0010004043579101562,0.0,0.0
97,4,0.45,optimal,4,4,4,0.0,4,4,4,0.0,4,13,0,1.6666666666666667,0.0010018348693847656,0.0,0.001016378402709961
98,4,0.45,optimal,4,5,4,0.0,4,7,4,0.0,4,13,0,1.6666666666666667,0.0009992122650146484,0.0010006427764892578,0.0
99,4,0.45,optimal,4,6,3,0.3333333333333333,4,7,3,0.3333333333333333,4,13,0,1.6666666666666667,0.0,0.0009992122650146484,0.0
0,4,0.6,optimal,4,6,4,0.0,4,6,4,0.0,4,14,0,2.0,0.0010097026824951172,0.0,0.0
1,4,0.6,optimal,4,7,4,0.0,4,8,4,0.0,4,14,0,2.0,0.0010082721710205078,0.0040149688720703125,0.0
2,4,0.6,optimal,4,4,4,0.0,4,6,4,0.0,4,12,0,1.3333333333333333,0.0020012855529785156,0.0031664371490478516,0.0
3,4,0.6,optimal,4,8,4,0.0,4,8,4,0.0,4,16,0,2.6666666666666665,0.0,0.0,0.0
4,4,0.6,optimal,4,6,4,0.0,4,8,4,0.0,4,14,0,2.0,0.002000570297241211,0.0030167102813720703,0.0010464191436767578
5,4,0.6,optimal,4,5,4,0.0,4,7,4,0.0,4,14,0,2.0,0.0020003318786621094,0.003569364547729492,0.0010046958923339844
6,4,0.6,optimal,4,4,4,0.0,4,5,4,0.0,4,14,0,2.0,0.0010008811950683594,0.0019981861114501953,0.0009996891021728516
7,4,0.6,optimal,4,7,4,0.0,4,7,4,0.0,4,15,0,2.3333333333333335,0.0019931793212890625,0.0049474239349365234,0.0009982585906982422
8,4,0.6,optimal,4,4,4,0.0,4,7,4,0.0,4,13,0,1.6666666666666667,0.0009953975677490234,0.003997087478637695,0.0010004043579101562
9,4,0.6,optimal,4,6,4,0.0,4,7,4,0.0,4,14,0,2.0,0.0009999275207519531,0.0029926300048828125,0.0
10,4,0.6,optimal,4,7,4,0.0,4,8,4,0.0,4,13,0,1.6666666666666667,0.0,0.0,0.0010077953338623047
11,4,0.6,optimal,4,5,4,0.0,4,7,4,0.0,4,14,0,2.3333333333333335,0.002000093460083008,0.0019960403442382812,0.0
12,4,0.6,optimal,4,7,4,0.0,4,7,4,0.0,4,14,0,2.0,0.0010006427764892578,0.003007650375366211,0.0
13,4,0.6,optimal,4,8,4,0.0,4,8,4,0.0,4,13,0,2.0,0.0019998550415039062,0.0020008087158203125,0.0
14,4,0.6,optimal,4,6,4,0.0,4,8,4,0.0,4,14,0,2.0,0.0014147758483886719,0.001007080078125,0.0010249614715576172
15,4,0.6,optimal,4,6,4,0.0,4,7,4,0.0,4,12,0,1.6666666666666667,0.0010044574737548828,0.011661052703857422,0.0010073184967041016
16,4,0.6,optimal,4,8,3,0.6666666666666666,4,9,3,0.6666666666666666,4,14,0,2.0,0.0009982585906982422,0.000997304916381836,0.0
17,4,0.6,optimal,4,6,4,0.0,4,6,4,0.0,4,13,0,1.6666666666666667,0.0,0.0009970664978027344,0.0009961128234863281
18,4,0.6,optimal,4,10,3,0.6666666666666666,4,10,3,0.6666666666666666,4,13,0,1.6666666666666667,0.0009999275207519531,0.0,0.0
19,4,0.6,optimal,4,7,4,0.0,4,7,4,0.0,4,14,0,2.0,0.0010249614715576172,0.00099945068359375,0.0
20,4,0.6,optimal,4,6,4,0.0,4,7,4,0.0,4,14,0,2.3333333333333335,0.0009982585906982422,0.009327411651611328,0.0
21,4,0.6,optimal,4,6,4,0.0,4,7,4,0.0,4,14,0,2.0,0.0009922981262207031,0.0009913444519042969,0.0010035037994384766
22,4,0.6,optimal,4,7,4,0.0,4,8,4,0.0,4,12,0,1.3333333333333333,0.0,0.0029997825622558594,0.0
23,4,0.6,optimal,4,8,4,0.0,4,8,4,0.0,4,13,0,1.6666666666666667,0.000993967056274414,0.0009984970092773438,0.0
24,4,0.6,optimal,4,6,4,0.0,4,7,4,0.0,4,15,0,2.3333333333333335,0.0009999275207519531,0.0,0.0
25,4,0.6,optimal,4,6,4,0.0,4,7,4,0.0,4,12,0,1.6666666666666667,0.0012285709381103516,0.00351715087890625,0.0
26,4,0.6,optimal,4,5,4,0.0,4,5,4,0.0,4,14,0,2.0,0.0020983219146728516,0.004433631896972656,0.0010008811950683594
27,4,0.6,optimal,4,6,4,0.0,4,6,4,0.0,4,16,0,2.6666666666666665,0.0,0.0031435489654541016,0.0012180805206298828
28,4,0.6,optimal,4,6,4,0.0,4,7,4,0.0,4,15,0,2.3333333333333335,0.0010418891906738281,0.001997232437133789,0.0
29,4,0.6,optimal,4,7,3,0.6666666666666666,4,8,3,0.6666666666666666,4,12,0,1.3333333333333333,0.0009970664978027344,0.0009999275207519531,0.0
30,4,0.6,optimal,4,6,4,0.0,4,7,4,0.0,4,14,0,2.3333333333333335,0.0010712146759033203,0.0,0.0010101795196533203
31,4,0.6,optimal,4,6,4,0.0,4,7,4,0.0,4,15,0,2.6666666666666665,0.0013544559478759766,0.0020055770874023438,0.0
32,4,0.6,optimal,4,5,4,0.0,4,7,4,0.0,4,13,0,2.3333333333333335,0.001997232437133789,0.001003265380859375,0.0
33,4,0.6,optimal,4,5,4,0.0,4,5,4,0.0,4,16,0,2.6666666666666665,0.0010008811950683594,0.0010004043579101562,0.0010001659393310547
34,4,0.6,optimal,4,6,4,0.0,4,8,4,0.0,4,13,0,1.6666666666666667,0.0025060176849365234,0.005650997161865234,0.0010454654693603516
35,4,0.6,optimal,4,6,4,0.0,4,6,4,0.0,4,16,0,2.6666666666666665,0.004361867904663086,0.011035680770874023,0.0010149478912353516
36,4,0.6,optimal,4,6,4,0.0,4,8,4,0.0,4,13,0,1.6666666666666667,0.0010368824005126953,0.003112316131591797,0.0
37,4,0.6,optimal,4,6,4,0.0,4,8,4,0.0,4,14,0,2.3333333333333335,0.000995635986328125,0.0009996891021728516,0.0
38,4,0.6,optimal,4,6,4,0.0,4,8,4,0.0,4,15,0,2.6666666666666665,0.0010004043579101562,0.0009999275207519531,0.0
39,4,0.6,optimal,4,6,4,0.0,4,7,4,0.0,4,12,0,1.6666666666666667,0.0,0.0010001659393310547,0.0
40,4,0.6,optimal,4,7,4,0.0,4,8,4,0.0,4,14,0,2.0,0.000997304916381836,0.0010001659393310547,0.0010075569152832031
41,4,0.6,optimal,4,7,4,0.0,4,7,4,0.0,4,14,0,2.0,0.0019991397857666016,0.002997159957885742,0.0
42,4,0.6,optimal,4,7,4,0.0,4,8,4,0.0,4,13,0,1.6666666666666667,0.002000093460083008,0.0049822330474853516,0.0010068416595458984
43,4,0.6,optimal,4,6,4,0.0,4,6,4,0.0,4,13,0,1.6666666666666667,0.001986980438232422,0.0031805038452148438,0.000993490219116211
44,4,0.6,optimal,4,6,4,0.0,4,7,4,0.0,4,15,0,2.3333333333333335,0.0015332698822021484,0.0029799938201904297,0.0
45,4,0.6,optimal,4,6,4,0.0,4,7,4,0.0,4,15,0,2.3333333333333335,0.002000093460083008,0.002999544143676758,0.0010013580322265625
46,4,0.6,optimal,4,6,4,0.0,4,7,4,0.0,4,15,0,2.6666666666666665,0.0,0.0029952526092529297,0.0
47,4,0.6,optimal,4,4,4,0.0,4,7,4,0.0,4,14,0,2.0,0.002972841262817383,0.004316806793212891,0.0020503997802734375
48,4,0.6,optimal,4,6,4,0.0,4,6,4,0.0,4,15,0,2.3333333333333335,0.0009965896606445312,0.0009996891021728516,0.0009963512420654297
49,4,0.6,optimal,4,7,4,0.0,4,8,4,0.0,4,15,0,2.6666666666666665,0.0,0.0009925365447998047,0.0009953975677490234
50,4,0.6,optimal,4,5,4,0.0,4,6,4,0.0,4,15,0,2.3333333333333335,0.0,0.000995635986328125,0.0
51,4,0.6,optimal,4,6,4,0.0,4,6,4,0.0,4,13,0,1.6666666666666667,0.0,0.0010001659393310547,0.0009999275207519531
52,4,0.6,optimal,4,5,4,0.0,4,6,4,0.0,4,14,0,2.3333333333333335,0.0009911060333251953,0.004016876220703125,0.000993967056274414
53,4,0.6,optimal,4,7,4,0.0,4,7,4,0.0,4,16,0,2.6666666666666665,0.0010013580322265625,0.0010030269622802734,0.0010292530059814453
54,4,0.6,optimal,4,5,4,0.0,4,8,4,0.0,4,14,0,2.0,0.0020360946655273438,0.0019767284393310547,0.0013644695281982422
55,4,0.6,optimal,4,6,4,0.0,4,7,4,0.0,4,13,0,2.0,0.0010120868682861328,0.0030145645141601562,0.0
56,4,0.6,optimal,4,6,4,0.0,4,7,4,0.0,4,12,0,1.3333333333333333,0.0,0.0010056495666503906,0.0009980201721191406
57,4,0.6,optimal,4,6,4,0.0,4,8,4,0.0,4,14,0,2.0,0.0019762516021728516,0.004998683929443359,0.002004384994506836
58,4,0.6,optimal,4,6,4,0.0,4,7,4,0.0,4,13,0,1.6666666666666667,0.0010039806365966797,0.0029747486114501953,0.0
59,4,0.6,optimal,4,6,4,0.0,4,8,4,0.0,4,13,0,2.0,0.0011096000671386719,0.002996206283569336,0.0
60,4,0.6,optimal,4,7,4,0.0,4,8,4,0.0,4,14,0,2.0,0.0009996891021728516,0.003000020980834961,0.0
61,4,0.6,optimal,4,8,4,0.0,4,8,4,0.0,4,14,0,2.3333333333333335,0.0014042854309082031,0.0019991397857666016,0.0009872913360595703
62,4,0.6,optimal,4,7,4,0.0,4,8,4,0.0,4,16,0,2.6666666666666665,0.0010001659393310547,0.0010154247283935547,0.0
63,4,0.6,optimal,4,6,4,0.0,4,7,4,0.0,4,15,0,2.3333333333333335,0.000997781753540039,0.00299835205078125,0.001001119613647461
64,4,0.6,optimal,4,5,4,0.0,4,5,4,0.0,4,15,0,2.3333333333333335,0.0,0.0009999275207519531,0.0
65,4,0.6,optimal,4,8,4,0.0,4,8,4,0.0,4,14,0,2.0,0.0009996891021728516,0.002004384994506836,0.0009996891021728516
66,4,0.6,optimal,4,5,4,0.0,4,5,4,0.0,4,12,0,1.6666666666666667,0.0,0.000978708267211914,0.0013802051544189453
67,4,0.6,optimal,4,6,4,0.0,4,7,4,0.0,4,15,0,2.3333333333333335,0.0,0.0009970664978027344,0.0
68,4,0.6,optimal,4,8,4,0.0,4,8,4,0.0,4,14,0,2.0,0.001997232437133789,0.0010373592376708984,0.0010037422180175781
69,4,0.6,optimal,4,5,4,0.0,4,5,4,0.0,4,16,0,3.0,0.0010044574737548828,0.0,0.0020003318786621094
70,4,0.6,optimal,4,7,4,0.0,4,7,4,0.0,4,12,0,1.6666666666666667,0.001997232437133789,0.000507354736328125,0.0010116100311279297
71,4,0.6,optimal,4,6,4,0.0,4,7,4,0.0,4,15,0,2.3333333333333335,0.0009999275207519531,0.003000020980834961,0.0009996891021728516
72,4,0.6,optimal,4,5,4,0.0,4,7,4,0.0,4,16,0,2.6666666666666665,0.0009999275207519531,0.0009999275207519531,0.0
73,4,0.6,optimal,4,6,4,0.0,4,6,4,0.0,4,12,0,1.6666666666666667,0.0010004043579101562,0.005486726760864258,0.0009992122650146484
74,4,0.6,optimal,4,7,4,0.0,4,8,4,0.0,4,14,0,2.0,0.0020308494567871094,0.0010027885437011719,0.0010159015655517578
75,4,0.6,optimal,4,4,4,0.0,4,6,4,0.0,4,16,0,2.6666666666666665,0.0009984970092773438,0.003000974655151367,0.0039980411529541016
76,4,0.6,optimal,4,5,4,0.0,4,7,4,0.0,4,15,0,2.6666666666666665,0.0010037422180175781,0.0030002593994140625,0.0009937286376953125
77,4,0.6,optimal,4,6,4,0.0,4,7,4,0.0,4,13,0,2.0,0.0009949207305908203,0.0009982585906982422,0.0
78,4,0.6,optimal,4,6,4,0.0,4,7,4,0.0,4,12,0,1.3333333333333333,0.001013040542602539,0.0010058879852294922,0.0009996891021728516
79,4,0.6,optimal,4,5,4,0.0,4,7,4,0.0,4,15,0,2.3333333333333335,0.0020084381103515625,0.0033206939697265625,0.0010166168212890625
80,4,0.6,optimal,4,6,4,0.0,4,7,4,0.0,4,13,0,2.0,0.0009996891021728516,0.005162715911865234,0.0
81,4,0.6,optimal,4,4,4,0.0,4,7,4,0.0,4,13,0,1.6666666666666667,0.0012633800506591797,0.004660606384277344,0.0010721683502197266
82,4,0.6,optimal,4,6,4,0.0,4,7,4,0.0,4,13,0,1.6666666666666667,0.001998424530029297,0.0020008087158203125,0.0009889602661132812
83,4,0.6,optimal,4,7,4,0.0,4,8,4,0.0,4,14,0,2.3333333333333335,0.0019996166229248047,0.0010046958923339844,0.0
84,4,0.6,optimal,4,7,4,0.0,4,8,4,0.0,4,12,1,1.3333333333333333,0.0,0.002000093460083008,0.0009999275207519531
85,4,0.6,optimal,4,7,4,0.0,4,8,4,0.0,4,15,0,2.3333333333333335,0.0009996891021728516,0.0020012855529785156,0.0
86,4,0.6,optimal,4,6,4,0.0,4,7,4,0.0,4,14,0,2.0,0.0010068416595458984,0.0,0.0009982585906982422
87,4,0.6,optimal,4,7,4,0.0,4,8,4,0.0,4,12,0,1.3333333333333333,0.000997304916381836,0.0029969215393066406,0.0
88,4,0.6,optimal,4,7,4,0.0,4,8,4,0.0,4,14,0,2.3333333333333335,0.0009932518005371094,0.001001119613647461,0.0010063648223876953
89,4,0.6,optimal,4,5,4,0.0,4,6,4,0.0,4,13,0,1.6666666666666667,0.0009996891021728516,0.0020020008087158203,0.0010325908660888672
90,4,0.6,optimal,4,6,4,0.0,4,8,4,0.0,4,12,0,1.3333333333333333,0.0,0.003002166748046875,0.0009944438934326172
91,4,0.6,optimal,4,6,4,0.0,4,8,4,0.0,4,15,0,2.3333333333333335,0.001998424530029297,0.005057573318481445,0.000993490219116211
92,4,0.6,optimal,4,5,4,0.0,4,7,4,0.0,4,14,0,2.0,0.0010001659393310547,0.000997304916381836,0.0
93,4,0.6,optimal,4,8,4,0.0,4,8,4,0.0,4,15,0,2.3333333333333335,0.0020170211791992188,0.0010023117065429688,0.0009982585906982422
94,4,0.6,optimal,4,7,4,0.0,4,8,4,0.0,4,14,0,2.0,0.0010001659393310547,0.005223989486694336,0.001001119613647461
95,4,0.6,optimal,4,5,4,0.0,4,7,4,0.0,4,14,0,2.0,0.001003265380859375,0.0009992122650146484,0.0
96,4,0.6,optimal,4,8,4,0.0,4,8,4,0.0,4,14,0,2.0,0.0009999275207519531,0.003999948501586914,0.0010128021240234375
97,4,0.6,optimal,4,5,4,0.0,4,7,4,0.0,4,13,0,1.6666666666666667,0.0010001659393310547,0.0010025501251220703,0.0010111331939697266
98,4,0.6,optimal,4,5,4,0.0,4,6,4,0.0,4,13,0,1.6666666666666667,0.0011973381042480469,0.001028299331665039,0.0010039806365966797
99,4,0.6,optimal,4,6,4,0.0,4,6,4,0.0,4,13,0,1.6666666666666667,0.0009968280792236328,0.0010082721710205078,0.001004934310913086
0,7,0.3,optimal,7,16,5,1.3333333333333333,7,16,5,1.3333333333333333,7,22,0,2.6666666666666665,0.0009779930114746094,0.0011820793151855469,0.0
1,7,0.3,optimal,7,15,5,1.0,7,15,5,1.0,7,23,0,3.0,0.002000093460083008,0.0009999275207519531,0.0009889602661132812
2,7,0.3,optimal,7,10,5,0.6666666666666666,7,11,5,0.6666666666666666,7,20,0,2.0,0.0010042190551757812,0.0,0.0
3,7,0.3,optimal,7,14,5,1.3333333333333333,7,14,5,1.3333333333333333,7,24,0,3.6666666666666665,0.0010328292846679688,0.0,0.0009999275207519531
4,7,0.3,optimal,7,12,5,1.3333333333333333,7,16,5,1.3333333333333333,7,23,0,3.0,0.004464387893676758,0.0029985904693603516,0.0
5,7,0.3,optimal,7,14,4,1.3333333333333333,7,17,4,1.3333333333333333,7,22,0,3.0,0.0010035037994384766,0.0020020008087158203,0.0009970664978027344
6,7,0.3,optimal,7,15,5,1.3333333333333333,7,15,5,1.3333333333333333,7,23,0,3.3333333333333335,0.0009982585906982422,0.007416248321533203,0.0015368461608886719
7,7,0.3,optimal,7,15,5,1.3333333333333333,7,16,5,1.3333333333333333,7,23,0,3.0,0.013946533203125,0.001997232437133789,0.0
8,7,0.3,optimal,7,11,5,0.6666666666666666,7,12,5,0.6666666666666666,7,22,0,2.6666666666666665,0.0,0.0009989738464355469,0.0
9,7,0.3,optimal,7,12,5,1.3333333333333333,7,14,5,1.0,7,22,0,2.6666666666666665,0.0029821395874023438,0.00401759147644043,0.0014107227325439453
10,7,0.3,optimal,7,15,4,1.3333333333333333,7,16,4,1.3333333333333333,7,19,0,2.0,0.0010001659393310547,0.0009987354278564453,0.0009510517120361328
11,7,0.3,optimal,7,18,4,1.6666666666666667,7,18,4,1.6666666666666667,7,21,1,3.0,0.0029973983764648438,0.002002239227294922,0.0
12,7,0.3,optimal,7,12,5,0.6666666666666666,7,13,5,0.6666666666666666,7,19,0,2.3333333333333335,0.0010004043579101562,0.0029990673065185547,0.0
13,7,0.3,optimal,7,15,4,1.3333333333333333,7,15,4,1.3333333333333333,7,22,0,2.6666666666666665,0.0009996891021728516,0.0009992122650146484,0.0009958744049072266
14,7,0.3,optimal,7,14,5,1.3333333333333333,7,17,5,1.3333333333333333,7,23,0,3.0,0.003986358642578125,0.003512144088745117,0.0
15,7,0.3,optimal,7,17,4,1.6666666666666667,7,17,4,1.6666666666666667,7,22,0,3.0,0.0009999275207519531,0.0009980201721191406,0.0
16,7,0.3,optimal,7,14,5,1.3333333333333333,7,14,5,1.3333333333333333,7,21,1,3.0,0.0,0.0,0.0
17,7,0.3,optimal,7,12,5,0.6666666666666666,7,13,5,0.6666666666666666,7,21,0,2.3333333333333335,0.00099945068359375,0.0,0.0009996891021728516
18,7,0.3,optimal,7,15,5,1.0,7,15,5,1.0,7,21,0,2.6666666666666665,0.0,0.0009984970092773438,0.0009999275207519531
19,7,0.3,optimal,7,12,5,1.0,7,14,5,1.0,7,21,0,2.6666666666666665,0.0009987354278564453,0.0009992122650146484,0.0009970664978027344
20,7,0.3,optimal,7,12,5,1.0,7,14,5,1.0,7,23,0,3.0,0.0009999275207519531,0.0020008087158203125,0.0009999275207519531
21,7,0.3,optimal,7,14,5,1.3333333333333333,7,14,5,1.3333333333333333,7,23,0,3.3333333333333335,0.0,0.0009989738464355469,0.0
22,7,0.3,optimal,7,13,4,1.0,7,15,4,1.0,7,21,0,2.3333333333333335,0.0009739398956298828,0.0020148754119873047,0.0014615058898925781
23,7,0.3,optimal,7,14,5,1.0,7,16,5,1.0,7,22,0,3.0,0.0,0.002977609634399414,0.0
24,7,0.3,optimal,7,14,4,1.3333333333333333,7,17,4,1.3333333333333333,7,23,0,3.3333333333333335,0.0,0.0020024776458740234,0.0
25,7,0.3,optimal,7,12,5,0.6666666666666666,7,13,5,0.6666666666666666,7,21,0,2.3333333333333335,0.00099945068359375,0.0,0.0
26,7,0.3,optimal,7,12,5,1.3333333333333333,7,14,5,1.3333333333333333,7,21,0,2.6666666666666665,0.002996683120727539,0.002996206283569336,0.000985860824584961
27,7,0.3,optimal,7,13,5,1.0,7,14,5,1.0,7,25,0,3.6666666666666665,0.0009975433349609375,0.0,0.0010328292846679688
28,7,0.3,optimal,7,14,5,1.6666666666666667,7,17,5,1.3333333333333333,7,24,0,3.3333333333333335,0.0029976367950439453,0.002981424331665039,0.0010080337524414062
29,7,0.3,optimal,7,15,5,1.0,7,16,5,1.0,7,21,0,2.3333333333333335,0.0009984970092773438,0.0029947757720947266,0.0010008811950683594
30,7,0.3,optimal,7,11,5,1.3333333333333333,7,14,5,1.3333333333333333,7,23,0,3.3333333333333335,0.0029802322387695312,0.008950948715209961,0.0009872913360595703
31,7,0.3,optimal,7,17,5,1.6666666666666667,7,17,5,1.6666666666666667,7,25,1,3.6666666666666665,0.0,0.0,0.0
32,7,0.3,optimal,7,12,5,1.3333333333333333,7,14,5,1.0,7,20,0,2.6666666666666665,0.003988027572631836,0.004395484924316406,0.0
33,7,0.3,optimal,7,14,5,1.3333333333333333,7,14,5,1.3333333333333333,7,24,0,3.6666666666666665,0.0,0.0,0.0
34,7,0.3,optimal,7,14,4,1.3333333333333333,7,16,4,1.3333333333333333,7,20,0,2.3333333333333335,0.0009989738464355469,0.0009815692901611328,0.0
35,7,0.3,optimal,7,13,5,1.0,7,14,5,1.0,7,23,0,3.0,0.0,0.0010001659393310547,0.0
36,7,0.3,optimal,7,17,4,1.6666666666666667,7,17,4,1.6666666666666667,7,22,0,3.0,0.0,0.000997781753540039,0.0010008811950683594
37,7,0.3,optimal,7,16,5,1.3333333333333333,7,17,5,1.3333333333333333,7,21,2,2.3333333333333335,0.006001710891723633,0.004018545150756836,0.0020024776458740234
38,7,0.3,optimal,7,18,4,2.0,7,19,4,2.0,7,24,0,3.6666666666666665,0.0019996166229248047,0.002003192901611328,0.000997781753540039
39,7,0.3,optimal,7,14,4,1.0,7,15,4,1.0,7,20,1,2.3333333333333335,0.0009999275207519531,0.0,0.0
40,7,0.3,optimal,7,16,5,1.0,7,16,5,1.0,7,22,0,3.0,0.0,0.0009984970092773438,0.0
41,7,0.3,optimal,7,15,5,1.3333333333333333,7,16,5,1.3333333333333333,7,22,0,3.3333333333333335,0.003000020980834961,0.003996372222900391,0.0
42,7,0.3,optimal,7,14,5,1.0,7,15,5,1.0,7,21,0,2.6666666666666665,0.002004861831665039,0.0020029544830322266,0.0009992122650146484
43,7,0.3,optimal,7,13,4,1.0,7,16,4,1.0,7,20,0,2.0,0.00125885009765625,0.0010001659393310547,0.0010004043579101562
44,7,0.3,optimal,7,13,5,1.3333333333333333,7,14,5,1.3333333333333333,7,22,0,3.0,0.002559661865234375,0.002527952194213867,0.0
45,7,0.3,optimal,7,16,4,2.0,7,16,4,2.0,7,22,1,3.0,0.0013527870178222656,0.009138345718383789,0.0
46,7,0.3,optimal,7,14,5,1.3333333333333333,7,16,5,1.3333333333333333,7,25,0,4.0,0.0021452903747558594,0.0049932003021240234,0.0010030269622802734
47,7,0.3,optimal,7,16,5,1.0,7,16,5,1.0,7,23,0,3.3333333333333335,0.0066182613372802734,0.00696110725402832,0.0009968280792236328
48,7,0.3,optimal,7,15,5,1.3333333333333333,7,16,5,1.0,7,23,0,3.3333333333333335,0.001001119613647461,0.0010271072387695312,0.0013928413391113281
49,7,0.3,optimal,7,16,5,1.6666666666666667,7,16,5,1.6666666666666667,7,23,0,3.6666666666666665,0.001008749008178711,0.0019998550415039062,0.0
50,7,0.3,optimal,7,13,5,1.3333333333333333,7,13,5,1.3333333333333333,7,23,0,3.3333333333333335,0.0,0.0010380744934082031,0.0
51,7,0.3,optimal,7,13,5,1.0,7,14,5,1.0,7,22,0,2.6666666666666665,0.004045248031616211,0.0019986629486083984,0.0
52,7,0.3,optimal,7,12,5,0.6666666666666666,7,13,5,0.6666666666666666,7,21,0,3.0,0.0025162696838378906,0.005288124084472656,0.0
53,7,0.3,optimal,7,18,5,1.6666666666666667,7,18,5,1.6666666666666667,7,24,0,3.3333333333333335,0.004536628723144531,0.0009818077087402344,0.0
54,7,0.3,optimal,7,15,5,1.3333333333333333,7,15,5,1.3333333333333333,7,23,0,3.0,0.004031181335449219,0.004512310028076172,0.0010113716125488281
55,7,0.3,optimal,7,15,5,1.0,7,15,5,1.0,7,22,0,2.6666666666666665,0.0037763118743896484,0.0071239471435546875,0.0010061264038085938
56,7,0.3,optimal,7,14,5,1.0,7,15,5,1.0,7,22,0,2.6666666666666665,0.0019805431365966797,0.0050432682037353516,0.0
57,7,0.3,optimal,7,15,5,1.3333333333333333,7,16,5,1.0,7,22,0,2.6666666666666665,0.0,0.002004384994506836,0.0010051727294921875
58,7,0.3,optimal,7,15,4,1.6666666666666667,7,17,4,1.3333333333333333,7,22,0,2.6666666666666665,0.0010001659393310547,0.00398564338684082,0.000993490219116211
59,7,0.3,optimal,7,12,5,1.0,7,12,5,1.0,7,21,0,3.0,0.0,0.0009987354278564453,0.0
60,7,0.3,optimal,7,15,5,1.0,7,15,5,1.0,7,23,0,3.3333333333333335,0.0009992122650146484,0.0009989738464355469,0.0
61,7,0.3,optimal,7,16,5,1.6666666666666667,7,16,5,1.6666666666666667,7,22,0,3.3333333333333335,0.0030117034912109375,0.0030024051666259766,0.0
62,7,0.3,optimal,7,17,5,1.6666666666666667,7,17,5,1.6666666666666667,7,25,0,3.6666666666666665,0.0,0.0009999275207519531,0.0010426044464111328
63,7,0.3,optimal,7,14,5,1.3333333333333333,7,16,5,1.0,7,22,0,3.3333333333333335,0.0020046234130859375,0.0009996891021728516,0.0
64,7,0.3,optimal,7,13,5,1.3333333333333333,7,16,5,1.3333333333333333,7,23,0,3.6666666666666665,0.002986907958984375,0.003033161163330078,0.0
65,7,0.3,optimal,7,14,5,1.3333333333333333,7,16,5,1.3333333333333333,7,23,0,3.3333333333333335,0.003007650375366211,0.0019948482513427734,0.0
66,7,0.3,optimal,7,14,3,1.6666666666666667,7,16,3,1.6666666666666667,7,21,0,2.3333333333333335,0.0,0.0036268234252929688,0.0
67,7,0.3,optimal,7,16,5,1.3333333333333333,7,16,5,1.3333333333333333,7,21,1,2.6666666666666665,0.000995635986328125,0.001984119415283203,0.0009965896606445312
68,7,0.3,optimal,7,14,5,1.0,7,14,5,1.0,7,22,0,2.6666666666666665,0.0010309219360351562,0.0025644302368164062,0.0019731521606445312
69,7,0.3,optimal,7,15,5,1.6666666666666667,7,16,5,1.6666666666666667,7,24,0,3.6666666666666665,0.00500178337097168,0.0020203590393066406,0.001016855239868164
70,7,0.3,optimal,7,14,5,1.0,7,15,5,1.0,7,21,1,2.3333333333333335,0.0036308765411376953,0.0009999275207519531,0.0010001659393310547
71,7,0.3,optimal,7,14,5,1.3333333333333333,7,14,5,1.3333333333333333,7,21,0,3.6666666666666665,0.004657745361328125,0.0027904510498046875,0.0010039806365966797
72,7,0.3,optimal,7,14,5,1.3333333333333333,7,14,5,1.3333333333333333,7,23,0,3.0,0.0010020732879638672,0.0009961128234863281,0.0
73,7,0.3,optimal,7,13,5,1.0,7,14,5,1.0,7,21,0,2.6666666666666665,0.0,0.0020024776458740234,0.0010001659393310547
74,7,0.3,optimal,7,17,5,1.6666666666666667,7,17,5,1.6666666666666667,7,22,0,3.3333333333333335,0.0030083656311035156,0.003498554229736328,0.0010085105895996094
75,7,0.3,optimal,7,14,5,1.3333333333333333,7,14,5,1.3333333333333333,7,25,0,3.6666666666666665,0.0035037994384765625,0.00200653076171875,0.000997304916381836
76,7,0.3,optimal,7,17,5,1.6666666666666667,7,17,5,1.6666666666666667,7,23,0,3.6666666666666665,0.004019021987915039,0.0020012855529785156,0.0009739398956298828
77,7,0.3,optimal,7,14,5,0.6666666666666666,7,15,5,0.6666666666666666,7,20,2,2.3333333333333335,0.0,0.0009999275207519531,0.0010001659393310547
78,7,0.3,optimal,7,12,5,1.0,7,14,5,1.0,7,21,0,2.3333333333333335,0.003002166748046875,0.0041980743408203125,0.0012385845184326172
79,7,0.3,optimal,7,13,5,1.0,7,14,5,1.0,7,22,1,2.6666666666666665,0.003519773483276367,0.001016855239868164,0.0009984970092773438
80,7,0.3,optimal,7,13,5,1.0,7,15,5,1.0,7,22,0,2.6666666666666665,0.0029926300048828125,0.00552678108215332,0.0010080337524414062
81,7,0.3,optimal,7,14,5,1.3333333333333333,7,14,5,1.3333333333333333,7,21,0,2.3333333333333335,0.0,0.0010335445404052734,0.0009996891021728516
82,7,0.3,optimal,7,15,5,1.0,7,15,5,1.0,7,21,0,2.6666666666666665,0.004679679870605469,0.002317190170288086,0.0
83,7,0.3,optimal,7,14,5,1.3333333333333333,7,14,5,1.3333333333333333,7,22,0,3.3333333333333335,0.000993967056274414,0.0,0.001016855239868164
84,7,0.3,optimal,7,14,5,1.3333333333333333,7,14,5,1.3333333333333333,7,21,1,2.6666666666666665,0.0009946823120117188,0.0010519027709960938,0.0
85,7,0.3,optimal,7,15,5,1.3333333333333333,7,17,5,1.3333333333333333,7,23,0,3.0,0.002991914749145508,0.001997232437133789,0.0
86,7,0.3,optimal,7,15,4,1.6666666666666667,7,18,4,1.6666666666666667,7,22,0,2.6666666666666665,0.003003358840942383,0.0035276412963867188,0.0
87,7,0.3,optimal,7,13,5,0.6666666666666666,7,14,5,0.6666666666666666,7,20,0,2.0,0.0040740966796875,0.0019905567169189453,0.0010018348693847656
88,7,0.3,optimal,7,14,4,1.6666666666666667,7,17,4,1.6666666666666667,7,24,0,3.3333333333333335,0.0030126571655273438,0.00487828254699707,0.0
89,7,0.3,optimal,7,16,4,1.3333333333333333,7,16,4,1.3333333333333333,7,22,0,2.6666666666666665,0.0009965896606445312,0.003788471221923828,0.0
90,7,0.3,optimal,7,12,5,0.6666666666666666,7,14,5,0.6666666666666666,7,20,0,2.0,0.0009882450103759766,0.0,0.000978708267211914
91,7,0.3,optimal,7,16,5,1.3333333333333333,7,17,5,1.3333333333333333,7,22,0,3.0,0.0021758079528808594,0.002002239227294922,0.0010190010070800781
92,7,0.3,optimal,7,13,5,1.0,7,14,5,1.0,7,22,0,3.0,0.0015125274658203125,0.0020258426666259766,0.0
93,7,0.3,optimal,7,16,5,1.6666666666666667,7,16,5,1.6666666666666667,7,24,0,3.6666666666666665,0.0,0.0009987354278564453,0.0
94,7,0.3,optimal,7,17,4,2.0,7,18,4,2.0,7,22,1,3.0,0.00354766845703125,0.003011465072631836,0.0009982585906982422
95,7,0.3,optimal,7,14,5,1.0,7,14,5,1.0,7,24,1,3.3333333333333335,0.0,0.0011303424835205078,0.0
96,7,0.3,optimal,7,12,5,1.3333333333333333,7,15,5,1.3333333333333333,7,22,0,3.0,0.002999544143676758,0.0035026073455810547,0.0009992122650146484
97,7,0.3,optimal,7,13,5,1.0,7,13,5,1.0,7,20,0,2.3333333333333335,0.003005504608154297,0.005504608154296875,0.0
98,7,0.3,optimal,7,15,5,1.0,7,15,5,1.0,7,22,0,2.6666666666666665,0.002012491226196289,0.004115104675292969,0.0010797977447509766
99,7,0.3,optimal,7,13,4,1.3333333333333333,7,16,4,1.3333333333333333,7,21,1,2.3333333333333335,0.0,0.002003908157348633,0.0
0,7,0.45,optimal,7,16,5,1.3333333333333333,7,16,5,1.3333333333333333,7,22,0,2.6666666666666665,0.009984970092773438,0.004529237747192383,0.0
1,7,0.45,optimal,7,13,5,1.3333333333333333,7,18,5,1.3333333333333333,7,23,1,3.0,0.003535747528076172,0.0029954910278320312,0.0
2,7,0.45,optimal,7,12,5,0.6666666666666666,7,12,5,0.6666666666666666,7,20,0,2.0,0.0010006427764892578,0.003117084503173828,0.0010058879852294922
3,7,0.45,optimal,7,16,5,1.6666666666666667,7,17,5,1.6666666666666667,7,24,0,3.6666666666666665,0.003000497817993164,0.0020301342010498047,0.0
4,7,0.45,optimal,7,14,5,1.3333333333333333,7,16,5,1.3333333333333333,7,23,0,3.0,0.005104780197143555,0.002071857452392578,0.0031595230102539062
5,7,0.45,optimal,7,14,5,1.3333333333333333,7,16,5,1.3333333333333333,7,23,0,3.0,0.0029785633087158203,0.004481315612792969,0.0040056705474853516
6,7,0.45,optimal,7,15,5,1.3333333333333333,7,17,5,1.3333333333333333,7,23,0,3.3333333333333335,0.003003835678100586,0.00307464599609375,0.0010023117065429688
7,7,0.45,optimal,7,16,5,1.3333333333333333,7,17,5,1.3333333333333333,7,24,0,3.6666666666666665,0.004527568817138672,0.0020599365234375,0.001043081283569336
8,7,0.45,optimal,7,14,5,1.0,7,14,5,1.0,7,22,0,2.6666666666666665,0.0032389163970947266,0.0035076141357421875,0.0010004043579101562
9,7,0.45,optimal,7,15,5,1.3333333333333333,7,15,5,1.3333333333333333,7,23,0,3.0,0.003047943115234375,0.003999948501586914,0.001430511474609375
10,7,0.45,optimal,7,14,5,1.0,7,16,5,1.0,7,22,0,2.6666666666666665,0.005444526672363281,0.003366231918334961,0.0
11,7,0.45,optimal,7,16,5,1.3333333333333333,7,17,5,1.3333333333333333,7,22,0,3.0,0.0035152435302734375,0.0030019283294677734,0.0009927749633789062
12,7,0.45,optimal,7,14,5,1.3333333333333333,7,16,5,1.3333333333333333,7,23,0,3.0,0.0030677318572998047,0.007126808166503906,0.0014064311981201172
13,7,0.45,optimal,7,12,5,1.0,7,15,5,1.0,7,23,0,3.0,0.003195047378540039,0.0030007362365722656,0.0014545917510986328
14,7,0.45,optimal,7,15,5,1.3333333333333333,7,17,5,1.3333333333333333,7,23,0,3.0,0.002999544143676758,0.005576133728027344,0.0032477378845214844
15,7,0.45,optimal,7,16,5,1.3333333333333333,7,16,5,1.3333333333333333,7,22,0,3.0,0.0037577152252197266,0.004034757614135742,0.001529693603515625
16,7,0.45,optimal,7,12,5,1.3333333333333333,7,16,5,1.3333333333333333,7,23,0,3.3333333333333335,0.004552125930786133,0.0040171146392822266,0.008575677871704102
17,7,0.45,optimal,7,12,5,1.0,7,15,5,1.0,7,21,1,2.3333333333333335,0.0029795169830322266,0.0040819644927978516,0.0010001659393310547
18,7,0.45,optimal,7,14,5,0.6666666666666666,7,14,5,0.6666666666666666,7,22,0,2.6666666666666665,0.0009982585906982422,0.0014128684997558594,0.0
19,7,0.45,optimal,7,12,5,1.3333333333333333,7,15,5,1.0,7,22,0,3.3333333333333335,0.0025568008422851562,0.003997325897216797,0.0035686492919921875
20,7,0.45,optimal,7,14,5,1.6666666666666667,7,16,5,1.6666666666666667,7,24,0,3.3333333333333335,0.0033659934997558594,0.004996538162231445,0.005009889602661133
21,7,0.45,optimal,7,16,5,1.3333333333333333,7,16,5,1.3333333333333333,7,24,0,3.3333333333333335,0.003947019577026367,0.00403141975402832,0.0010504722595214844
22,7,0.45,optimal,7,13,5,0.6666666666666666,7,14,5,0.6666666666666666,7,21,0,2.3333333333333335,0.004007101058959961,0.0029981136322021484,0.0009996891021728516
23,7,0.45,optimal,7,14,5,1.3333333333333333,7,16,5,1.0,7,22,0,2.6666666666666665,0.0056607723236083984,0.0040361881256103516,0.0009970664978027344
24,7,0.45,optimal,7,17,5,1.3333333333333333,7,18,5,1.3333333333333333,7,24,0,3.3333333333333335,0.003512859344482422,0.0045070648193359375,0.0
25,7,0.45,optimal,7,13,5,1.0,7,15,5,1.0,7,21,0,2.6666666666666665,0.003547191619873047,0.004008293151855469,0.0010013580322265625
26,7,0.45,optimal,7,12,5,1.3333333333333333,7,15,5,1.3333333333333333,7,22,1,2.6666666666666665,0.005025625228881836,0.005899667739868164,0.0009999275207519531
27,7,0.45,optimal,7,13,5,1.3333333333333333,7,15,5,1.0,7,24,0,3.6666666666666665,0.003340005874633789,0.003996372222900391,0.0009999275207519531
28,7,0.45,optimal,7,14,5,1.6666666666666667,7,18,5,1.6666666666666667,7,25,0,3.6666666666666665,0.0029876232147216797,0.0030126571655273438,0.0009970664978027344
29,7,0.45,optimal,7,12,5,1.0,7,16,5,1.0,7,21,0,2.3333333333333335,0.003568410873413086,0.0049932003021240234,0.0020139217376708984
30,7,0.45,optimal,7,13,5,1.3333333333333333,7,17,5,1.3333333333333333,7,24,0,3.3333333333333335,0.003297567367553711,0.0030057430267333984,0.0020294189453125
31,7,0.45,optimal,7,16,5,1.6666666666666667,7,17,5,1.6666666666666667,7,26,0,4.0,0.0029883384704589844,0.0035698413848876953,0.0
32,7,0.45,optimal,7,12,5,1.3333333333333333,7,16,5,1.3333333333333333,7,22,0,3.3333333333333335,0.003992795944213867,0.0035533905029296875,0.0
33,7,0.45,optimal,7,14,5,1.6666666666666667,7,15,5,1.6666666666666667,7,26,0,4.0,0.0030367374420166016,0.003514528274536133,0.0050961971282958984
34,7,0.45,optimal,7,13,5,1.0,7,14,5,1.0,7,22,0,2.6666666666666665,0.0010056495666503906,0.002980470657348633,0.0010085105895996094
35,7,0.45,optimal,7,14,5,1.3333333333333333,7,16,5,1.3333333333333333,7,25,0,3.6666666666666665,0.005442619323730469,0.005033969879150391,0.0009999275207519531
36,7,0.45,optimal,7,14,5,1.3333333333333333,7,17,5,1.0,7,22,0,3.0,0.004002571105957031,0.0067708492279052734,0.0
37,7,0.45,optimal,7,17,5,1.3333333333333333,7,17,5,1.3333333333333333,7,23,0,3.3333333333333335,0.0035228729248046875,0.003014802932739258,0.0010044574737548828
38,7,0.45,optimal,7,16,5,1.3333333333333333,7,17,5,1.3333333333333333,7,25,0,3.6666666666666665,0.0030107498168945312,0.0030035972595214844,0.0010116100311279297
39,7,0.45,optimal,7,12,5,0.6666666666666666,7,14,5,0.6666666666666666,7,21,0,2.6666666666666665,0.0009999275207519531,0.0010018348693847656,0.001032114028930664
40,7,0.45,optimal,7,16,5,1.3333333333333333,7,17,5,1.3333333333333333,7,23,0,3.0,0.0058553218841552734,0.003982067108154297,0.0005121231079101562
41,7,0.45,optimal,7,16,5,1.3333333333333333,7,17,5,1.3333333333333333,7,24,0,3.3333333333333335,0.004563093185424805,0.005015850067138672,0.002044200897216797
42,7,0.45,optimal,7,15,5,1.0,7,15,5,1.0,7,21,0,2.6666666666666665,0.0024454593658447266,0.003919839859008789,0.0010333061218261719
43,7,0.45,optimal,7,12,5,1.0,7,15,5,1.0,7,22,0,2.6666666666666665,0.004489898681640625,0.004024505615234375,0.004152536392211914
44,7,0.45,optimal,7,15,5,1.3333333333333333,7,17,5,1.3333333333333333,7,25,0,3.6666666666666665,0.0040318965911865234,0.005711793899536133,0.001001596450805664
45,7,0.45,optimal,7,14,5,1.3333333333333333,7,16,5,1.3333333333333333,7,24,0,3.3333333333333335,0.0029783248901367188,0.00478816032409668,0.0040302276611328125
46,7,0.45,optimal,7,14,5,1.3333333333333333,7,18,5,1.3333333333333333,7,25,0,3.6666666666666665,0.0020360946655273438,0.006832599639892578,0.0020651817321777344
47,7,0.45,optimal,7,16,5,1.3333333333333333,7,17,5,1.3333333333333333,7,24,0,3.3333333333333335,0.0035066604614257812,0.009007692337036133,0.0
48,7,0.45,optimal,7,17,4,2.0,7,18,4,1.6666666666666667,7,24,0,3.3333333333333335,0.0029985904693603516,0.001997232437133789,0.004002094268798828
49,7,0.45,optimal,7,15,5,1.6666666666666667,7,16,5,1.6666666666666667,7,24,0,3.3333333333333335,0.0071523189544677734,0.0030128955841064453,0.0009953975677490234
50,7,0.45,optimal,7,14,5,1.3333333333333333,7,14,5,1.3333333333333333,7,25,0,4.0,0.00400090217590332,0.001994609832763672,0.0009968280792236328
51,7,0.45,optimal,7,11,5,1.0,7,14,5,1.0,7,22,0,2.6666666666666665,0.005002021789550781,0.0030062198638916016,0.0
52,7,0.45,optimal,7,14,5,1.0,7,15,5,1.0,7,22,0,3.3333333333333335,0.003004312515258789,0.002997159957885742,0.0010061264038085938
53,7,0.45,optimal,7,16,5,1.6666666666666667,7,19,5,1.6666666666666667,7,25,0,4.333333333333333,0.0030002593994140625,0.002004384994506836,0.0
54,7,0.45,optimal,7,12,5,1.3333333333333333,7,17,5,1.3333333333333333,7,23,0,3.0,0.0030035972595214844,0.003996610641479492,0.0010039806365966797
55,7,0.45,optimal,7,17,5,1.3333333333333333,7,17,5,1.3333333333333333,7,23,0,3.0,0.003000020980834961,0.003004312515258789,0.0010111331939697266
56,7,0.45,optimal,7,15,5,1.0,7,15,5,1.0,7,23,0,3.0,0.0040013790130615234,0.003987312316894531,0.0030083656311035156
57,7,0.45,optimal,7,13,5,1.3333333333333333,7,16,5,1.3333333333333333,7,22,0,3.0,0.0030002593994140625,0.005000114440917969,0.0010001659393310547
58,7,0.45,optimal,7,12,5,1.3333333333333333,7,17,5,1.3333333333333333,7,23,0,3.0,0.0030083656311035156,0.003997087478637695,0.001003265380859375
59,7,0.45,optimal,7,16,5,1.3333333333333333,7,17,5,1.3333333333333333,7,22,0,2.6666666666666665,0.003997802734375,0.004004955291748047,0.004282474517822266
60,7,0.45,optimal,7,16,5,1.6666666666666667,7,17,5,1.6666666666666667,7,23,0,3.3333333333333335,0.003000974655151367,0.005507707595825195,0.00099945068359375
61,7,0.45,optimal,7,15,5,1.6666666666666667,7,17,5,1.6666666666666667,7,22,0,3.3333333333333335,0.004531145095825195,0.005117654800415039,0.004632472991943359
62,7,0.45,optimal,7,16,5,1.6666666666666667,7,18,5,1.6666666666666667,7,25,0,3.6666666666666665,0.003000020980834961,0.004022836685180664,0.003004312515258789
63,7,0.45,optimal,7,14,5,1.3333333333333333,7,18,5,1.3333333333333333,7,24,0,3.3333333333333335,0.005000591278076172,0.005016803741455078,0.0032842159271240234
64,7,0.45,optimal,7,13,5,1.3333333333333333,7,16,5,1.3333333333333333,7,23,0,3.0,0.004349708557128906,0.0030319690704345703,0.001035451889038086
65,7,0.45,optimal,7,16,5,1.3333333333333333,7,17,5,1.3333333333333333,7,24,0,3.3333333333333335,0.003000497817993164,0.002985239028930664,0.0
66,7,0.45,optimal,7,11,5,1.0,7,13,5,1.0,7,22,0,2.6666666666666665,0.0009932518005371094,0.00099945068359375,0.0
67,7,0.45,optimal,7,13,5,1.3333333333333333,7,16,5,1.3333333333333333,7,22,0,2.6666666666666665,0.002997875213623047,0.003997325897216797,0.0009989738464355469
68,7,0.45,optimal,7,15,5,1.3333333333333333,7,15,5,1.3333333333333333,7,23,0,3.0,0.0,0.003000497817993164,0.003002643585205078
69,7,0.45,optimal,7,14,5,1.6666666666666667,7,17,5,1.6666666666666667,7,25,0,4.333333333333333,0.005129098892211914,0.003020048141479492,0.003999233245849609
70,7,0.45,optimal,7,13,5,1.0,7,16,5,1.0,7,22,0,2.6666666666666665,0.004356861114501953,0.004002094268798828,0.0009996891021728516
71,7,0.45,optimal,7,17,5,1.6666666666666667,7,18,5,1.6666666666666667,7,22,0,3.0,0.00399470329284668,0.033579349517822266,0.0019998550415039062
72,7,0.45,optimal,7,13,5,1.0,7,13,5,1.0,7,24,0,3.3333333333333335,0.0060002803802490234,0.007554054260253906,0.0009999275207519531
73,7,0.45,optimal,7,14,5,1.0,7,14,5,1.0,7,21,0,2.3333333333333335,0.006448984146118164,0.008213043212890625,0.001001596450805664
74,7,0.45,optimal,7,16,5,1.6666666666666667,7,18,5,1.6666666666666667,7,24,0,3.3333333333333335,0.0038454532623291016,0.004687309265136719,0.0
75,7,0.45,optimal,7,15,5,1.3333333333333333,7,17,5,1.3333333333333333,7,25,0,3.6666666666666665,0.0050013065338134766,0.0043103694915771484,0.0029985904693603516
76,7,0.45,optimal,7,17,5,1.6666666666666667,7,18,5,1.6666666666666667,7,23,0,3.3333333333333335,0.005295276641845703,0.00598907470703125,0.0009777545928955078
77,7,0.45,optimal,7,15,4,1.6666666666666667,7,17,4,1.6666666666666667,7,21,1,2.3333333333333335,0.001112222671508789,0.003059864044189453,0.0009999275207519531
78,7,0.45,optimal,7,13,5,1.0,7,15,5,1.0,7,21,0,2.6666666666666665,0.004981279373168945,0.0032117366790771484,0.0
79,7,0.45,optimal,7,15,5,1.3333333333333333,7,18,5,1.3333333333333333,7,24,0,3.3333333333333335,0.003586292266845703,0.00421905517578125,0.0009951591491699219
80,7,0.45,optimal,7,16,5,1.3333333333333333,7,18,5,1.3333333333333333,7,23,0,3.0,0.004048347473144531,0.006731271743774414,0.001024484634399414
81,7,0.45,optimal,7,14,5,1.3333333333333333,7,15,5,1.3333333333333333,7,22,0,3.0,0.0064697265625,0.0059282779693603516,0.004983663558959961
82,7,0.45,optimal,7,15,5,1.0,7,17,5,1.0,7,21,0,2.6666666666666665,0.003981590270996094,0.004365444183349609,0.0
83,7,0.45,optimal,7,13,5,1.3333333333333333,7,16,5,1.3333333333333333,7,23,0,3.3333333333333335,0.004613399505615234,0.004503726959228516,0.0010704994201660156
84,7,0.45,optimal,7,15,5,1.3333333333333333,7,17,5,1.3333333333333333,7,22,1,2.6666666666666665,0.0046558380126953125,0.004098653793334961,0.0
85,7,0.45,optimal,7,17,5,1.3333333333333333,7,17,5,1.3333333333333333,7,25,0,3.6666666666666665,0.003980875015258789,0.0033636093139648438,0.0
86,7,0.45,optimal,7,17,5,1.3333333333333333,7,17,5,1.3333333333333333,7,23,0,3.0,0.0040950775146484375,0.006002187728881836,0.0010006427764892578
87,7,0.45,optimal,7,15,5,0.6666666666666666,7,16,5,0.6666666666666666,7,20,0,2.0,0.0039975643157958984,0.002996683120727539,0.0
88,7,0.45,optimal,7,15,5,1.3333333333333333,7,15,5,1.3333333333333333,7,24,0,3.3333333333333335,0.0032901763916015625,0.0039827823638916016,0.0030107498168945312
89,7,0.45,optimal,7,14,5,1.0,7,15,5,1.0,7,22,0,2.6666666666666665,0.00400090217590332,0.0022575855255126953,0.0009951591491699219
90,7,0.45,optimal,7,13,5,0.6666666666666666,7,16,5,0.6666666666666666,7,20,1,2.0,0.0044972896575927734,0.003011941909790039,0.0009953975677490234
91,7,0.45,optimal,7,14,5,1.3333333333333333,7,17,5,1.3333333333333333,7,23,0,3.3333333333333335,0.0029997825622558594,0.004028797149658203,0.001220703125
92,7,0.45,optimal,7,14,5,1.3333333333333333,7,17,5,1.3333333333333333,7,23,0,3.0,0.002002716064453125,0.005006551742553711,0.0029914379119873047
93,7,0.45,optimal,7,16,5,1.6666666666666667,7,19,5,1.6666666666666667,7,25,0,3.6666666666666665,0.0039937496185302734,0.0061321258544921875,0.00398707389831543
94,7,0.45,optimal,7,14,5,1.3333333333333333,7,17,5,1.3333333333333333,7,22,0,2.6666666666666665,0.003987312316894531,0.004010200500488281,0.0010006427764892578
95,7,0.45,optimal,7,15,4,2.0,7,18,4,1.6666666666666667,7,24,0,3.6666666666666665,0.003148794174194336,0.0027687549591064453,0.0033066272735595703
96,7,0.45,optimal,7,17,5,1.3333333333333333,7,18,5,1.3333333333333333,7,23,0,3.0,0.003190755844116211,0.004011631011962891,0.003003358840942383
97,7,0.45,optimal,7,11,5,1.0,7,14,5,1.0,7,22,0,2.6666666666666665,0.003984928131103516,0.002022266387939453,0.0
98,7,0.45,optimal,7,13,5,1.0,7,15,5,1.0,7,22,0,2.6666666666666665,0.003998994827270508,0.003988027572631836,0.0013391971588134766
99,7,0.45,optimal,7,14,5,1.0,7,14,5,1.0,7,22,0,2.6666666666666665,0.003983736038208008,0.002193927764892578,0.0009987354278564453
0,7,0.6,optimal,7,16,5,1.3333333333333333,7,17,5,1.3333333333333333,7,23,0,3.0,0.003976345062255859,0.0035097599029541016,0.001512765884399414
1,7,0.6,optimal,7,14,5,1.3333333333333333,7,18,5,1.3333333333333333,7,24,0,3.3333333333333335,0.0039958953857421875,0.003995180130004883,0.0039861202239990234
2,7,0.6,optimal,7,11,5,0.6666666666666666,7,14,5,0.6666666666666666,7,21,0,2.3333333333333335,0.0040035247802734375,0.00383758544921875,0.0035157203674316406
3,7,0.6,optimal,7,18,5,1.6666666666666667,7,18,5,1.6666666666666667,7,24,0,3.6666666666666665,0.00400996208190918,0.002016305923461914,0.0020003318786621094
4,7,0.6,optimal,7,18,5,1.3333333333333333,7,18,5,1.3333333333333333,7,23,0,3.0,0.003518342971801758,0.004006624221801758,0.003077268600463867
5,7,0.6,optimal,7,13,5,1.3333333333333333,7,17,5,1.3333333333333333,7,23,0,3.0,0.003000020980834961,0.004054069519042969,0.0034062862396240234
6,7,0.6,optimal,7,13,5,1.3333333333333333,7,17,5,1.3333333333333333,7,23,0,3.3333333333333335,0.0059986114501953125,0.006003379821777344,0.0048770904541015625
7,7,0.6,optimal,7,15,5,1.3333333333333333,7,18,5,1.3333333333333333,7,24,0,3.6666666666666665,0.005999088287353516,0.004407405853271484,0.0026857852935791016
8,7,0.6,optimal,7,12,5,1.0,7,14,5,1.0,7,22,0,2.6666666666666665,0.006884336471557617,0.005795001983642578,0.004615068435668945
9,7,0.6,optimal,7,13,5,1.3333333333333333,7,16,5,1.3333333333333333,7,23,0,3.0,0.008313655853271484,0.009804964065551758,0.0038843154907226562
10,7,0.6,optimal,7,16,5,1.0,7,17,5,1.0,7,22,0,2.6666666666666665,0.004026889801025391,0.00489354133605957,0.0033118724822998047
11,7,0.6,optimal,7,15,5,1.3333333333333333,7,17,5,1.3333333333333333,7,23,0,3.0,0.0032002925872802734,0.0039904117584228516,0.0050084590911865234
12,7,0.6,optimal,7,13,5,1.3333333333333333,7,17,5,1.3333333333333333,7,23,0,3.0,0.0030498504638671875,0.004452943801879883,0.0042858123779296875
13,7,0.6,optimal,7,14,5,1.3333333333333333,7,18,5,1.3333333333333333,7,23,0,3.0,0.004462003707885742,0.005003929138183594,0.0031731128692626953
14,7,0.6,optimal,7,15,5,1.3333333333333333,7,18,5,1.3333333333333333,7,23,0,3.0,0.0051670074462890625,0.0040569305419921875,0.0040149688720703125
15,7,0.6,optimal,7,16,5,1.3333333333333333,7,17,5,1.3333333333333333,7,22,0,2.6666666666666665,0.003980159759521484,0.0039861202239990234,0.003994464874267578
16,7,0.6,optimal,7,16,5,1.3333333333333333,7,16,5,1.3333333333333333,7,24,0,3.3333333333333335,0.004998922348022461,0.00499725341796875,0.003395557403564453
17,7,0.6,optimal,7,13,5,1.0,7,15,5,1.0,7,22,0,2.6666666666666665,0.004012584686279297,0.008011102676391602,0.003507852554321289
18,7,0.6,optimal,7,15,5,1.0,7,17,5,1.0,7,22,0,2.6666666666666665,0.005832195281982422,0.0058727264404296875,0.0036771297454833984
19,7,0.6,optimal,7,12,5,1.3333333333333333,7,16,5,1.3333333333333333,7,23,0,3.0,0.0034875869750976562,0.004023313522338867,0.0033638477325439453
20,7,0.6,optimal,7,14,5,1.6666666666666667,7,18,5,1.6666666666666667,7,24,0,3.3333333333333335,0.004000663757324219,0.004683256149291992,0.004001617431640625
21,7,0.6,optimal,7,13,5,1.0,7,15,5,1.0,7,23,0,3.3333333333333335,0.003974199295043945,0.013792037963867188,0.004002571105957031
22,7,0.6,optimal,7,14,5,0.6666666666666666,7,16,5,0.6666666666666666,7,21,0,2.3333333333333335,0.002995014190673828,0.0015189647674560547,0.004003047943115234
23,7,0.6,optimal,7,17,5,1.3333333333333333,7,18,5,1.3333333333333333,7,23,0,3.0,0.004174232482910156,0.0041866302490234375,0.003405332565307617
24,7,0.6,optimal,7,16,5,1.3333333333333333,7,18,5,1.3333333333333333,7,24,0,3.3333333333333335,0.003999471664428711,0.004991054534912109,0.004001140594482422
25,7,0.6,optimal,7,12,5,1.0,7,16,5,0.6666666666666666,7,21,0,2.6666666666666665,0.0033609867095947266,0.002518177032470703,0.0
26,7,0.6,optimal,7,14,5,1.3333333333333333,7,15,5,1.3333333333333333,7,23,0,3.0,0.0033369064331054688,0.008558511734008789,0.0032300949096679688
27,7,0.6,optimal,7,14,5,1.6666666666666667,7,17,5,1.6666666666666667,7,25,0,3.6666666666666665,0.0031337738037109375,0.0047795772552490234,0.0023894309997558594
28,7,0.6,optimal,7,13,5,1.6666666666666667,7,19,5,1.6666666666666667,7,25,0,3.6666666666666665,0.0040035247802734375,0.005939960479736328,0.003981590270996094
29,7,0.6,optimal,7,13,5,1.0,7,16,5,1.0,7,21,0,2.6666666666666665,0.003997325897216797,0.004001140594482422,0.004099130630493164
30,7,0.6,optimal,7,14,5,1.3333333333333333,7,17,5,1.3333333333333333,7,25,0,3.6666666666666665,0.0042536258697509766,0.005019664764404297,0.0029897689819335938
31,7,0.6,optimal,7,15,5,1.6666666666666667,7,18,5,1.6666666666666667,7,27,0,4.333333333333333,0.004251718521118164,0.003481626510620117,0.0026977062225341797
32,7,0.6,optimal,7,12,5,1.3333333333333333,7,16,5,1.3333333333333333,7,24,0,3.3333333333333335,0.001998424530029297,0.003998279571533203,0.0032188892364501953
33,7,0.6,optimal,7,14,5,1.6666666666666667,7,16,5,1.6666666666666667,7,26,0,4.0,0.003997802734375,0.004051685333251953,0.0042705535888671875
34,7,0.6,optimal,7,15,5,1.0,7,16,5,1.0,7,22,0,2.6666666666666665,0.00411677360534668,0.002980470657348633,0.0030493736267089844
35,7,0.6,optimal,7,14,5,1.3333333333333333,7,18,5,1.3333333333333333,7,25,0,3.6666666666666665,0.0030579566955566406,0.004172325134277344,0.004006862640380859
36,7,0.6,optimal,7,13,5,1.3333333333333333,7,17,5,1.3333333333333333,7,23,0,3.0,0.005007743835449219,0.0034570693969726562,0.0030982494354248047
37,7,0.6,optimal,7,13,5,1.3333333333333333,7,18,5,1.3333333333333333,7,24,0,3.3333333333333335,0.0040018558502197266,0.005225181579589844,0.00403285026550293
38,7,0.6,optimal,7,15,5,1.3333333333333333,7,18,5,1.3333333333333333,7,25,0,3.6666666666666665,0.003683328628540039,0.0052716732025146484,0.003997325897216797
39,7,0.6,optimal,7,13,5,1.0,7,15,5,1.0,7,22,0,2.6666666666666665,0.003997802734375,0.005005359649658203,0.002016782760620117
40,7,0.6,optimal,7,16,5,1.3333333333333333,7,18,5,1.3333333333333333,7,23,0,3.0,0.0035309791564941406,0.004125356674194336,0.002003192901611328
41,7,0.6,optimal,7,13,5,1.3333333333333333,7,17,5,1.3333333333333333,7,24,0,3.3333333333333335,0.004483938217163086,0.0030035972595214844,0.003023386001586914
42,7,0.6,optimal,7,14,5,1.0,7,16,5,1.0,7,22,0,2.6666666666666665,0.003999233245849609,0.003008127212524414,0.004336118698120117
43,7,0.6,optimal,7,13,5,1.0,7,15,5,1.0,7,22,0,2.6666666666666665,0.0030002593994140625,0.0039958953857421875,0.002998828887939453
44,7,0.6,optimal,7,15,5,1.3333333333333333,7,18,5,1.3333333333333333,7,25,0,3.6666666666666665,0.003979921340942383,0.005584716796875,0.0039823055267333984
45,7,0.6,optimal,7,15,5,1.3333333333333333,7,18,5,1.3333333333333333,7,24,0,3.3333333333333335,0.003000020980834961,0.003981113433837891,0.004486083984375
46,7,0.6,optimal,7,14,5,1.3333333333333333,7,18,5,1.3333333333333333,7,25,0,3.6666666666666665,0.003002643585205078,0.004004716873168945,0.002844095230102539
47,7,0.6,optimal,7,15,5,1.3333333333333333,7,17,5,1.3333333333333333,7,24,0,3.3333333333333335,0.003993988037109375,0.004284381866455078,0.003015756607055664
48,7,0.6,optimal,7,15,5,1.3333333333333333,7,17,5,1.3333333333333333,7,24,0,3.3333333333333335,0.003019571304321289,0.003998994827270508,0.004216194152832031
49,7,0.6,optimal,7,14,5,1.6666666666666667,7,18,5,1.6666666666666667,7,24,0,3.3333333333333335,0.004374504089355469,0.004179239273071289,0.003021717071533203
50,7,0.6,optimal,7,14,5,1.3333333333333333,7,16,5,1.3333333333333333,7,26,0,4.0,0.00400090217590332,0.0030002593994140625,0.0033996105194091797
51,7,0.6,optimal,7,15,5,1.0,7,16,5,1.0,7,22,0,2.6666666666666665,0.0029985904693603516,0.006556987762451172,0.004036903381347656
52,7,0.6,optimal,7,16,5,1.3333333333333333,7,17,5,1.3333333333333333,7,23,0,3.3333333333333335,0.003995418548583984,0.005009889602661133,0.003175973892211914
53,7,0.6,optimal,7,16,5,1.6666666666666667,7,19,5,1.6666666666666667,7,26,0,4.333333333333333,0.005023956298828125,0.004391670227050781,0.0026917457580566406
54,7,0.6,optimal,7,13,5,1.3333333333333333,7,18,5,1.3333333333333333,7,23,0,3.0,0.005033969879150391,0.0030164718627929688,0.00199127197265625
55,7,0.6,optimal,7,16,5,1.3333333333333333,7,17,5,1.3333333333333333,7,23,0,3.0,0.004000186920166016,0.0038874149322509766,0.0033080577850341797
56,7,0.6,optimal,7,16,5,1.3333333333333333,7,16,5,1.3333333333333333,7,23,0,3.0,0.003000020980834961,0.004004240036010742,0.004596233367919922
57,7,0.6,optimal,7,14,5,1.3333333333333333,7,17,5,1.3333333333333333,7,23,0,3.0,0.003408670425415039,0.002998828887939453,0.0029997825622558594
58,7,0.6,optimal,7,13,5,1.3333333333333333,7,18,5,1.3333333333333333,7,23,0,3.0,0.003983497619628906,0.0041332244873046875,0.0009975433349609375
59,7,0.6,optimal,7,17,5,1.3333333333333333,7,17,5,1.3333333333333333,7,23,0,3.0,0.003007173538208008,0.003998517990112305,0.0030221939086914062
60,7,0.6,optimal,7,17,5,1.6666666666666667,7,19,5,1.6666666666666667,7,24,0,3.3333333333333335,0.0049915313720703125,0.00399017333984375,0.004240274429321289
61,7,0.6,optimal,7,17,5,1.6666666666666667,7,18,5,1.6666666666666667,7,24,0,3.3333333333333335,0.004021644592285156,0.0039920806884765625,0.003087759017944336
62,7,0.6,optimal,7,17,5,1.6666666666666667,7,19,5,1.6666666666666667,7,25,0,3.6666666666666665,0.003981828689575195,0.004483699798583984,0.004166603088378906
63,7,0.6,optimal,7,15,5,1.3333333333333333,7,18,5,1.3333333333333333,7,24,0,3.3333333333333335,0.003996849060058594,0.004590511322021484,0.0030670166015625
64,7,0.6,optimal,7,13,5,1.3333333333333333,7,16,5,1.3333333333333333,7,24,0,3.3333333333333335,0.003991127014160156,0.0029964447021484375,0.003996372222900391
65,7,0.6,optimal,7,16,5,1.3333333333333333,7,18,5,1.3333333333333333,7,24,0,3.3333333333333335,0.00400090217590332,0.004000663757324219,0.0009915828704833984
66,7,0.6,optimal,7,12,5,1.0,7,13,5,1.0,7,22,0,2.6666666666666665,0.00099945068359375,0.002004861831665039,0.001009225845336914
67,7,0.6,optimal,7,15,5,1.3333333333333333,7,18,5,1.3333333333333333,7,24,0,3.3333333333333335,0.0044138431549072266,0.005191802978515625,0.0030052661895751953
68,7,0.6,optimal,7,14,5,1.3333333333333333,7,17,5,1.3333333333333333,7,23,0,3.0,0.0035238265991210938,0.00377655029296875,0.0009958744049072266
69,7,0.6,optimal,7,13,5,1.6666666666666667,7,17,5,1.6666666666666667,7,26,0,4.333333333333333,0.00399017333984375,0.004982709884643555,0.0031042098999023438
70,7,0.6,optimal,7,14,5,1.0,7,16,5,1.0,7,22,0,2.6666666666666665,0.003998756408691406,0.004127025604248047,0.004207611083984375
71,7,0.6,optimal,7,15,5,1.6666666666666667,7,18,5,1.6666666666666667,7,23,0,3.3333333333333335,0.0030586719512939453,0.0030007362365722656,0.0030035972595214844
72,7,0.6,optimal,7,16,5,1.6666666666666667,7,18,5,1.6666666666666667,7,24,0,3.3333333333333335,0.0039751529693603516,0.0030145645141601562,0.0
73,7,0.6,optimal,7,14,5,1.0,7,15,5,1.0,7,21,0,2.6666666666666665,0.0020008087158203125,0.003061532974243164,0.0009996891021728516
74,7,0.6,optimal,7,17,5,1.6666666666666667,7,18,5,1.6666666666666667,7,24,0,3.3333333333333335,0.004110574722290039,0.0044672489166259766,0.004735231399536133
75,7,0.6,optimal,7,13,5,1.3333333333333333,7,17,5,1.3333333333333333,7,25,0,3.6666666666666665,0.003995180130004883,0.00415492057800293,0.003369569778442383
76,7,0.6,optimal,7,17,5,1.6666666666666667,7,18,5,1.6666666666666667,7,25,0,3.6666666666666665,0.003976345062255859,0.0035643577575683594,0.003042936325073242
77,7,0.6,optimal,7,15,5,1.3333333333333333,7,16,5,1.0,7,23,0,3.0,0.0039806365966796875,0.004609823226928711,0.0030164718627929688
78,7,0.6,optimal,7,15,5,1.0,7,16,5,1.0,7,21,0,2.6666666666666665,0.004003047943115234,0.00452423095703125,0.003096342086791992
79,7,0.6,optimal,7,15,5,1.3333333333333333,7,18,5,1.3333333333333333,7,24,0,3.3333333333333335,0.004517078399658203,0.004266023635864258,0.003925323486328125
80,7,0.6,optimal,7,14,5,1.3333333333333333,7,18,5,1.3333333333333333,7,23,0,3.0,0.002997875213623047,0.0037682056427001953,0.0029850006103515625
81,7,0.6,optimal,7,14,5,1.3333333333333333,7,16,5,1.3333333333333333,7,22,0,3.0,0.004979848861694336,0.0043032169342041016,0.0029997825622558594
82,7,0.6,optimal,7,13,5,1.0,7,17,5,1.0,7,21,0,2.3333333333333335,0.0030059814453125,0.004001617431640625,0.0039937496185302734
83,7,0.6,optimal,7,13,5,1.3333333333333333,7,16,5,1.3333333333333333,7,23,0,3.3333333333333335,0.004984855651855469,0.005001068115234375,0.003992795944213867
84,7,0.6,optimal,7,17,5,1.3333333333333333,7,18,5,1.3333333333333333,7,22,1,2.6666666666666665,0.0029964447021484375,0.004007101058959961,0.004010677337646484
85,7,0.6,optimal,7,16,5,1.3333333333333333,7,18,5,1.3333333333333333,7,25,0,3.6666666666666665,0.0042266845703125,0.004941701889038086,0.004004001617431641
86,7,0.6,optimal,7,14,5,1.3333333333333333,7,17,5,1.3333333333333333,7,23,0,3.0,0.0029909610748291016,0.003980398178100586,0.0030345916748046875
87,7,0.6,optimal,7,12,5,0.6666666666666666,7,16,5,0.6666666666666666,7,21,0,2.3333333333333335,0.0039975643157958984,0.0029997825622558594,0.002990245819091797
88,7,0.6,optimal,7,15,5,1.3333333333333333,7,17,5,1.3333333333333333,7,24,0,3.3333333333333335,0.003999471664428711,0.00501251220703125,0.0030059814453125
89,7,0.6,optimal,7,14,5,1.0,7,15,5,1.0,7,22,0,2.6666666666666665,0.003995180130004883,0.005002260208129883,0.003995180130004883
90,7,0.6,optimal,7,14,5,0.6666666666666666,7,16,5,0.6666666666666666,7,20,0,2.3333333333333335,0.0030264854431152344,0.005029916763305664,0.004007101058959961
91,7,0.6,optimal,7,16,5,1.3333333333333333,7,17,5,1.3333333333333333,7,24,0,3.3333333333333335,0.0049855709075927734,0.004991054534912109,0.004102468490600586
92,7,0.6,optimal,7,14,5,1.3333333333333333,7,18,5,1.3333333333333333,7,23,0,3.0,0.003640890121459961,0.004248142242431641,0.0033659934997558594
93,7,0.6,optimal,7,16,5,1.6666666666666667,7,19,5,1.6666666666666667,7,25,0,3.6666666666666665,0.004004240036010742,0.004453182220458984,0.0035147666931152344
94,7,0.6,optimal,7,15,5,1.3333333333333333,7,18,5,1.3333333333333333,7,23,0,3.3333333333333335,0.003008127212524414,0.0054035186767578125,0.0030035972595214844
95,7,0.6,optimal,7,15,5,1.3333333333333333,7,16,5,1.3333333333333333,7,25,0,3.6666666666666665,0.004683017730712891,0.007145404815673828,0.003025531768798828
96,7,0.6,optimal,7,15,5,1.3333333333333333,7,18,5,1.3333333333333333,7,23,0,3.0,0.0049893856048583984,0.004998445510864258,0.005472421646118164
97,7,0.6,optimal,7,14,5,1.0,7,16,5,1.0,7,22,0,2.6666666666666665,0.001989603042602539,0.004003286361694336,0.0029985904693603516
98,7,0.6,optimal,7,13,5,1.0,7,16,5,1.0,7,22,0,2.6666666666666665,0.00854182243347168,0.004995822906494141,0.0020067691802978516
99,7,0.6,optimal,7,13,5,1.0,7,17,5,1.0,7,22,0,2.6666666666666665,0.00855875015258789,0.004323482513427734,0.003004789352416992
0,10,0.3,optimal,10,23,5,2.3333333333333335,10,26,5,2.3333333333333335,10,31,0,4.0,0.002995729446411133,0.0020186901092529297,0.0033974647521972656
1,10,0.3,optimal,10,24,5,2.6666666666666665,10,27,5,2.6666666666666665,10,31,0,4.0,0.003994464874267578,0.005015373229980469,0.0010268688201904297
2,10,0.3,optimal,10,19,5,1.6666666666666667,10,23,5,1.6666666666666667,10,28,1,2.6666666666666665,0.0040056705474853516,0.004007577896118164,0.000997304916381836
3,10,0.3,optimal,10,21,5,2.6666666666666665,10,26,5,2.6666666666666665,10,32,1,4.333333333333333,0.004009723663330078,0.00400233268737793,0.0010004043579101562
4,10,0.3,optimal,10,19,5,2.3333333333333335,10,25,5,2.3333333333333335,10,31,0,4.0,0.0030002593994140625,0.0020051002502441406,0.0009949207305908203
5,10,0.3,optimal,10,22,5,2.3333333333333335,10,24,5,2.3333333333333335,10,30,0,3.3333333333333335,0.0010035037994384766,0.001994609832763672,0.000997304916381836
6,10,0.3,optimal,10,23,5,2.6666666666666665,10,26,5,2.6666666666666665,10,31,1,3.6666666666666665,0.003470897674560547,0.0035371780395507812,0.0009996891021728516
7,10,0.3,optimal,10,25,5,3.0,10,27,5,3.0,10,31,0,4.0,0.0030088424682617188,0.003029346466064453,0.0009953975677490234
8,10,0.3,optimal,10,19,5,2.0,10,24,5,2.0,10,30,0,3.3333333333333335,0.004304409027099609,0.005744457244873047,0.0
9,10,0.3,optimal,10,22,5,2.3333333333333335,10,26,5,2.3333333333333335,10,28,1,3.0,0.0040073394775390625,0.003232717514038086,0.0
10,10,0.3,optimal,10,21,5,2.0,10,23,5,2.0,10,27,1,2.6666666666666665,0.000997781753540039,0.004003047943115234,0.0014276504516601562
11,10,0.3,optimal,10,23,5,2.6666666666666665,10,26,5,2.3333333333333335,10,30,0,4.0,0.0040204524993896484,0.002245664596557617,0.0
12,10,0.3,optimal,10,21,5,2.0,10,23,5,2.0,10,28,0,3.0,0.0040798187255859375,0.004546165466308594,0.0010023117065429688
13,10,0.3,optimal,10,22,5,2.3333333333333335,10,26,5,2.3333333333333335,10,29,0,3.6666666666666665,0.0030176639556884766,0.003985404968261719,0.003149747848510742
14,10,0.3,optimal,10,24,5,2.3333333333333335,10,27,5,2.3333333333333335,10,31,0,3.6666666666666665,0.0030083656311035156,0.0030024051666259766,0.0010020732879638672
15,10,0.3,optimal,10,25,4,2.6666666666666665,10,26,4,2.6666666666666665,10,30,1,3.6666666666666665,0.004945039749145508,0.0020008087158203125,0.0009949207305908203
16,10,0.3,optimal,10,24,5,2.6666666666666665,10,24,5,2.6666666666666665,10,30,0,4.0,0.005003690719604492,0.004737377166748047,0.003000020980834961
17,10,0.3,optimal,10,22,5,2.0,10,24,5,2.0,10,30,0,3.3333333333333335,0.0040073394775390625,0.003067493438720703,0.0011754035949707031
18,10,0.3,optimal,10,24,4,2.0,10,24,4,2.0,10,27,1,3.0,0.0,0.0019998550415039062,0.0
19,10,0.3,optimal,10,21,5,2.6666666666666665,10,24,5,2.6666666666666665,10,30,0,3.6666666666666665,0.004006624221801758,0.005976676940917969,0.0
20,10,0.3,optimal,10,24,5,2.6666666666666665,10,25,5,2.6666666666666665,10,32,0,4.0,0.0029952526092529297,0.004009246826171875,0.0029959678649902344
21,10,0.3,optimal,10,26,5,2.6666666666666665,10,27,5,2.6666666666666665,10,33,0,4.333333333333333,0.004063606262207031,0.0043528079986572266,0.0014929771423339844
22,10,0.3,optimal,10,19,5,1.6666666666666667,10,21,5,1.6666666666666667,10,30,0,3.3333333333333335,0.003994464874267578,0.002001523971557617,0.000993967056274414
23,10,0.3,optimal,10,20,5,2.3333333333333335,10,26,5,2.3333333333333335,10,30,1,3.6666666666666665,0.004000663757324219,0.003992319107055664,0.0014491081237792969
24,10,0.3,optimal,10,21,5,2.3333333333333335,10,24,5,2.3333333333333335,10,32,0,4.333333333333333,0.004002809524536133,0.004000186920166016,0.0010013580322265625
25,10,0.3,optimal,10,21,5,2.0,10,23,5,2.0,10,30,0,3.6666666666666665,0.0029981136322021484,0.00499725341796875,0.0009937286376953125
26,10,0.3,optimal,10,21,5,2.3333333333333335,10,24,5,2.3333333333333335,10,27,2,3.0,0.0030117034912109375,0.005118370056152344,0.0009987354278564453
27,10,0.3,optimal,10,23,5,3.0,10,23,5,3.0,10,32,0,4.666666666666667,0.0029985904693603516,0.0019965171813964844,0.0
28,10,0.3,optimal,10,25,5,3.0,10,28,5,3.0,10,31,0,4.0,0.004012107849121094,0.0050029754638671875,0.0010914802551269531
29,10,0.3,optimal,10,22,5,2.0,10,25,5,2.0,10,30,0,3.6666666666666665,0.0039997100830078125,0.002990245819091797,0.0020017623901367188
30,10,0.3,optimal,10,23,5,2.6666666666666665,10,25,5,2.3333333333333335,10,32,0,4.333333333333333,0.002996683120727539,0.003513336181640625,0.0010068416595458984
31,10,0.3,optimal,10,31,5,3.6666666666666665,10,31,5,3.6666666666666665,10,33,0,4.333333333333333,0.003999948501586914,0.003008127212524414,0.0010051727294921875
32,10,0.3,optimal,10,22,5,2.6666666666666665,10,25,5,2.6666666666666665,10,30,0,4.0,0.003740072250366211,0.0061147212982177734,0.0029981136322021484
33,10,0.3,optimal,10,23,5,3.3333333333333335,10,25,5,3.3333333333333335,10,33,0,4.666666666666667,0.003991603851318359,0.003000020980834961,0.003999948501586914
34,10,0.3,optimal,10,20,5,2.0,10,24,5,2.0,10,29,0,3.3333333333333335,0.0029916763305664062,0.002920389175415039,0.0
35,10,0.3,optimal,10,23,5,3.0,10,24,5,3.0,10,32,0,4.0,0.004614353179931641,0.004461765289306641,0.0
36,10,0.3,optimal,10,23,5,2.6666666666666665,10,26,5,2.3333333333333335,10,31,0,3.6666666666666665,0.002604961395263672,0.0019974708557128906,0.0009999275207519531
37,10,0.3,optimal,10,21,5,2.6666666666666665,10,26,5,2.6666666666666665,10,29,0,4.0,0.004990577697753906,0.005013227462768555,0.0010001659393310547
38,10,0.3,optimal,10,25,5,3.0,10,28,5,3.0,10,32,0,4.333333333333333,0.0029947757720947266,0.003995656967163086,0.0019986629486083984
39,10,0.3,optimal,10,21,5,1.6666666666666667,10,23,5,1.6666666666666667,10,29,1,3.3333333333333335,0.0,0.0020008087158203125,0.001993894577026367
40,10,0.3,optimal,10,23,5,2.3333333333333335,10,26,5,2.3333333333333335,10,29,1,3.3333333333333335,0.00400543212890625,0.003038167953491211,0.0010058879852294922
41,10,0.3,optimal,10,22,5,2.6666666666666665,10,27,5,2.6666666666666665,10,31,0,4.333333333333333,0.003995180130004883,0.004997968673706055,0.000990152359008789
42,10,0.3,optimal,10,21,5,2.0,10,25,5,2.0,10,30,0,3.6666666666666665,0.0019998550415039062,0.003374338150024414,0.001047372817993164
43,10,0.3,optimal,10,21,5,2.0,10,26,5,2.0,10,29,2,3.0,0.004007577896118164,0.0042073726654052734,0.0010020732879638672
44,10,0.3,optimal,10,23,5,3.0,10,24,5,3.0,10,31,0,3.6666666666666665,0.0039958953857421875,0.004004955291748047,0.0
45,10,0.3,optimal,10,24,4,3.0,10,28,4,3.0,10,30,2,3.6666666666666665,0.0029954910278320312,0.003998517990112305,0.0009961128234863281
46,10,0.3,optimal,10,26,5,3.3333333333333335,10,27,5,3.3333333333333335,10,33,0,4.333333333333333,0.004002809524536133,0.003005504608154297,0.0009958744049072266
47,10,0.3,optimal,10,23,5,2.6666666666666665,10,24,5,2.6666666666666665,10,30,0,3.6666666666666665,0.0040035247802734375,0.004004478454589844,0.0011112689971923828
48,10,0.3,optimal,10,23,5,2.6666666666666665,10,26,5,2.3333333333333335,10,31,1,3.6666666666666665,0.003999471664428711,0.004004478454589844,0.000997304916381836
49,10,0.3,optimal,10,24,5,3.0,10,26,5,3.0,10,33,0,4.333333333333333,0.003000497817993164,0.004012584686279297,0.0
50,10,0.3,optimal,10,23,5,3.3333333333333335,10,23,5,3.3333333333333335,10,32,1,4.333333333333333,0.0030074119567871094,0.002997159957885742,0.0030031204223632812
51,10,0.3,optimal,10,20,5,2.0,10,25,5,2.0,10,31,0,3.6666666666666665,0.002996206283569336,0.002000570297241211,0.002993345260620117
52,10,0.3,optimal,10,21,5,2.3333333333333335,10,24,5,2.3333333333333335,10,31,0,4.0,0.004018306732177734,0.0019969940185546875,0.0013501644134521484
53,10,0.3,optimal,10,27,5,3.6666666666666665,10,28,5,3.6666666666666665,10,33,0,4.333333333333333,0.0030105113983154297,0.005012989044189453,0.0009891986846923828
54,10,0.3,optimal,10,21,5,2.3333333333333335,10,26,5,2.3333333333333335,10,32,0,4.0,0.003999948501586914,0.0021474361419677734,0.0010004043579101562
55,10,0.3,optimal,10,22,5,2.3333333333333335,10,26,5,2.3333333333333335,10,30,0,3.3333333333333335,0.0040018558502197266,0.0024116039276123047,0.0
56,10,0.3,optimal,10,21,5,2.3333333333333335,10,24,5,2.3333333333333335,10,29,1,3.6666666666666665,0.002994060516357422,0.005998849868774414,0.00099945068359375
57,10,0.3,optimal,10,21,5,2.3333333333333335,10,23,5,2.3333333333333335,10,30,0,3.6666666666666665,0.0015079975128173828,0.004000186920166016,0.001001119613647461
58,10,0.3,optimal,10,23,5,2.3333333333333335,10,27,5,2.3333333333333335,10,29,0,3.3333333333333335,0.0029954910278320312,0.002000093460083008,0.0
59,10,0.3,optimal,10,21,5,2.3333333333333335,10,24,5,2.3333333333333335,10,30,0,3.3333333333333335,0.0039980411529541016,0.002004861831665039,0.0010023117065429688
60,10,0.3,optimal,10,24,5,2.6666666666666665,10,26,5,2.6666666666666665,10,31,0,4.0,0.003517627716064453,0.0030460357666015625,0.0009999275207519531
61,10,0.3,optimal,10,22,5,2.6666666666666665,10,27,5,2.6666666666666665,10,30,1,4.0,0.00399327278137207,0.004003286361694336,0.0009989738464355469
62,10,0.3,optimal,10,26,5,3.0,10,29,5,3.0,10,33,0,4.333333333333333,0.0029993057250976562,0.002008676528930664,0.0009989738464355469
63,10,0.3,optimal,10,23,5,2.6666666666666665,10,26,5,2.6666666666666665,10,31,0,4.0,0.0039958953857421875,0.003998994827270508,0.0010058879852294922
64,10,0.3,optimal,10,22,5,3.0,10,26,5,2.6666666666666665,10,31,0,4.333333333333333,0.00499415397644043,0.004996538162231445,0.0009980201721191406
65,10,0.3,optimal,10,23,5,2.6666666666666665,10,26,5,2.6666666666666665,10,32,0,4.333333333333333,0.003981828689575195,0.002099275588989258,0.0
66,10,0.3,optimal,10,20,5,2.0,10,23,5,2.0,10,30,0,3.3333333333333335,0.003997325897216797,0.004991054534912109,0.0009963512420654297
67,10,0.3,optimal,10,24,5,2.6666666666666665,10,26,5,2.6666666666666665,10,32,0,4.333333333333333,0.003997325897216797,0.002031087875366211,0.0
68,10,0.3,optimal,10,21,5,2.3333333333333335,10,26,5,2.3333333333333335,10,31,1,3.6666666666666665,0.003995180130004883,0.004021644592285156,0.0009996891021728516
69,10,0.3,optimal,10,24,5,3.3333333333333335,10,26,5,3.3333333333333335,10,32,0,4.333333333333333,0.003345966339111328,0.008605480194091797,0.0010411739349365234
70,10,0.3,optimal,10,23,5,2.0,10,25,5,2.0,10,30,0,3.3333333333333335,0.003997802734375,0.0039882659912109375,0.0015163421630859375
71,10,0.3,optimal,10,25,5,3.0,10,26,5,3.0,10,30,1,4.0,0.003997087478637695,0.005335092544555664,0.0010144710540771484
72,10,0.3,optimal,10,24,5,2.6666666666666665,10,24,5,2.6666666666666665,10,32,0,4.0,0.0010006427764892578,0.0010001659393310547,0.0
73,10,0.3,optimal,10,21,5,2.0,10,23,5,2.0,10,29,1,3.0,0.0029981136322021484,0.0030014514923095703,0.0009958744049072266
74,10,0.3,optimal,10,23,5,2.6666666666666665,10,26,5,2.6666666666666665,10,31,0,4.0,0.003008127212524414,0.002001047134399414,0.0018351078033447266
75,10,0.3,optimal,10,23,5,3.0,10,27,5,3.0,10,33,0,4.666666666666667,0.003030538558959961,0.0030031204223632812,0.0014433860778808594
76,10,0.3,optimal,10,24,5,3.0,10,26,5,3.0,10,31,0,4.333333333333333,0.003000020980834961,0.003998279571533203,0.0014834403991699219
77,10,0.3,optimal,10,22,5,2.0,10,23,5,2.0,10,30,1,3.3333333333333335,0.002996683120727539,0.005024433135986328,0.001004934310913086
78,10,0.3,optimal,10,19,5,2.0,10,25,5,2.0,10,30,1,3.3333333333333335,0.002466917037963867,0.002001047134399414,0.000997304916381836
79,10,0.3,optimal,10,24,5,2.6666666666666665,10,25,5,2.6666666666666665,10,30,1,3.3333333333333335,0.004029512405395508,0.003013134002685547,0.0012125968933105469
80,10,0.3,optimal,10,21,5,2.3333333333333335,10,25,5,2.3333333333333335,10,31,0,3.6666666666666665,0.0029981136322021484,0.002001047134399414,0.002997875213623047
81,10,0.3,optimal,10,24,5,2.3333333333333335,10,24,5,2.3333333333333335,10,28,1,2.6666666666666665,0.002980470657348633,0.0035130977630615234,0.0027692317962646484
82,10,0.3,optimal,10,22,5,2.0,10,24,5,2.0,10,29,1,3.0,0.004000425338745117,0.003000497817993164,0.0
83,10,0.3,optimal,10,24,5,2.6666666666666665,10,24,5,2.6666666666666665,10,30,0,4.0,0.0019991397857666016,0.004057168960571289,0.0
84,10,0.3,optimal,10,21,4,2.6666666666666665,10,25,4,2.6666666666666665,10,30,0,3.3333333333333335,0.0030012130737304688,0.004002094268798828,0.0010271072387695312
85,10,0.3,optimal,10,26,5,3.0,10,29,5,3.0,10,31,1,3.6666666666666665,0.0040013790130615234,0.003000497817993164,0.0010144710540771484
86,10,0.3,optimal,10,21,5,2.3333333333333335,10,24,5,2.3333333333333335,10,29,0,3.3333333333333335,0.0030007362365722656,0.004021167755126953,0.0012416839599609375
87,10,0.3,optimal,10,18,5,1.6666666666666667,10,23,5,1.6666666666666667,10,28,0,3.0,0.003980159759521484,0.0033957958221435547,0.0010182857513427734
88,10,0.3,optimal,10,24,5,2.6666666666666665,10,27,5,2.6666666666666665,10,33,0,4.333333333333333,0.0030968189239501953,0.003034353256225586,0.0009999275207519531
89,10,0.3,optimal,10,22,5,2.0,10,25,5,2.0,10,31,0,3.6666666666666665,0.0029861927032470703,0.002594470977783203,0.0
90,10,0.3,optimal,10,20,5,1.6666666666666667,10,24,5,1.6666666666666667,10,28,1,2.6666666666666665,0.0020024776458740234,0.0039997100830078125,0.00099945068359375
91,10,0.3,optimal,10,24,5,2.6666666666666665,10,27,5,2.6666666666666665,10,30,0,3.6666666666666665,0.003997325897216797,0.003351449966430664,0.0
92,10,0.3,optimal,10,22,5,2.3333333333333335,10,24,5,2.3333333333333335,10,31,0,4.0,0.0039904117584228516,0.004557132720947266,0.0009951591491699219
93,10,0.3,optimal,10,25,5,3.0,10,28,5,3.0,10,31,1,4.0,0.003998756408691406,0.0019998550415039062,0.002986431121826172
94,10,0.3,optimal,10,25,5,2.6666666666666665,10,27,5,2.6666666666666665,10,31,1,4.0,0.0030002593994140625,0.004053831100463867,0.0011262893676757812
95,10,0.3,optimal,10,24,5,3.0,10,25,5,3.0,10,33,1,4.333333333333333,0.003995656967163086,0.0039997100830078125,0.002994537353515625
96,10,0.3,optimal,10,23,5,2.3333333333333335,10,26,5,2.3333333333333335,10,31,0,3.6666666666666665,0.00400853157043457,0.0029985904693603516,0.0029942989349365234
97,10,0.3,optimal,10,19,5,2.0,10,23,5,2.0,10,29,1,3.0,0.0029976367950439453,0.0029997825622558594,0.0009982585906982422
98,10,0.3,optimal,10,22,5,2.0,10,24,5,2.0,10,30,0,3.3333333333333335,0.0029985904693603516,0.0020058155059814453,0.0009987354278564453
99,10,0.3,optimal,10,22,5,2.0,10,26,5,2.0,10,30,1,3.3333333333333335,0.00399327278137207,0.002000570297241211,0.0
0,10,0.45,optimal,10,22,5,2.3333333333333335,10,26,5,2.3333333333333335,10,31,0,3.6666666666666665,0.0039980411529541016,0.004003286361694336,0.003995180130004883
1,10,0.45,optimal,10,24,5,2.6666666666666665,10,28,5,2.6666666666666665,10,32,0,4.0,0.004001617431640625,0.004137754440307617,0.0029985904693603516
2,10,0.45,optimal,10,19,5,1.6666666666666667,10,23,5,1.6666666666666667,10,29,0,3.0,0.00435638427734375,0.004373311996459961,0.0034978389739990234
3,10,0.45,optimal,10,25,5,3.0,10,27,5,3.0,10,32,0,4.0,0.004006147384643555,0.0050084590911865234,0.00299835205078125
4,10,0.45,optimal,10,21,5,2.3333333333333335,10,26,5,2.3333333333333335,10,32,0,4.0,0.003991603851318359,0.002996683120727539,0.0029969215393066406
5,10,0.45,optimal,10,20,5,2.3333333333333335,10,26,5,2.3333333333333335,10,32,0,4.0,0.0050013065338134766,0.0039997100830078125,0.004003047943115234
6,10,0.45,optimal,10,24,5,2.6666666666666665,10,27,5,2.6666666666666665,10,31,0,4.333333333333333,0.003006458282470703,0.004996776580810547,0.002996683120727539
7,10,0.45,optimal,10,23,5,3.0,10,28,5,3.0,10,33,0,4.333333333333333,0.0030007362365722656,0.0050046443939208984,0.0030045509338378906
8,10,0.45,optimal,10,20,5,2.0,10,26,5,2.0,10,31,0,3.6666666666666665,0.003995656967163086,0.003985404968261719,0.00420689582824707
9,10,0.45,optimal,10,21,5,2.3333333333333335,10,27,5,2.3333333333333335,10,32,0,4.0,0.0040073394775390625,0.0043926239013671875,0.004086732864379883
10,10,0.45,optimal,10,21,5,2.0,10,26,5,2.0,10,31,0,3.6666666666666665,0.003004312515258789,0.0022079944610595703,0.004248857498168945
11,10,0.45,optimal,10,22,5,2.6666666666666665,10,26,5,2.3333333333333335,10,31,0,4.333333333333333,0.004007577896118164,0.002999544143676758,0.0010023117065429688
12,10,0.45,optimal,10,22,5,2.3333333333333335,10,27,5,2.3333333333333335,10,32,0,4.0,0.004010915756225586,0.0040051937103271484,0.0032825469970703125
13,10,0.45,optimal,10,22,5,2.3333333333333335,10,27,5,2.3333333333333335,10,31,0,4.0,0.0043413639068603516,0.0033998489379882812,0.004376649856567383
14,10,0.45,optimal,10,23,5,2.3333333333333335,10,27,5,2.3333333333333335,10,32,0,4.0,0.0039942264556884766,0.0030002593994140625,0.0039997100830078125
15,10,0.45,optimal,10,23,5,2.3333333333333335,10,26,5,2.3333333333333335,10,32,0,4.0,0.00501251220703125,0.005379915237426758,0.006834506988525391
16,10,0.45,optimal,10,21,5,2.6666666666666665,10,27,5,2.6666666666666665,10,31,0,4.333333333333333,0.005354881286621094,0.0040094852447509766,0.0041387081146240234
17,10,0.45,optimal,10,21,5,2.0,10,26,5,2.0,10,30,1,3.3333333333333335,0.004531383514404297,0.003978252410888672,0.003536224365234375
18,10,0.45,optimal,10,23,5,2.0,10,26,5,2.0,10,30,0,3.3333333333333335,0.0054814815521240234,0.0063931941986083984,0.003002643585205078
19,10,0.45,optimal,10,21,5,2.6666666666666665,10,26,5,2.6666666666666665,10,32,0,4.333333333333333,0.003006458282470703,0.005667686462402344,0.003929615020751953
20,10,0.45,optimal,10,21,5,2.6666666666666665,10,26,5,2.6666666666666665,10,33,0,4.333333333333333,0.003997802734375,0.0039958953857421875,0.0029959678649902344
21,10,0.45,optimal,10,24,5,2.6666666666666665,10,27,5,2.6666666666666665,10,33,0,4.333333333333333,0.004004240036010742,0.0029828548431396484,0.002997875213623047
22,10,0.45,optimal,10,19,5,1.6666666666666667,10,23,5,1.6666666666666667,10,30,0,3.3333333333333335,0.006150960922241211,0.0034513473510742188,0.0030879974365234375
23,10,0.45,optimal,10,23,5,2.3333333333333335,10,26,5,2.3333333333333335,10,31,0,4.0,0.0039942264556884766,0.005995750427246094,0.004703521728515625
24,10,0.45,optimal,10,24,5,2.6666666666666665,10,28,5,2.6666666666666665,10,33,0,4.333333333333333,0.00399470329284668,0.0039980411529541016,0.003999471664428711
25,10,0.45,optimal,10,19,5,2.0,10,25,5,2.0,10,30,0,3.3333333333333335,0.0040318965911865234,0.004488468170166016,0.004331350326538086
26,10,0.45,optimal,10,23,5,2.3333333333333335,10,26,5,2.3333333333333335,10,30,0,3.6666666666666665,0.00503230094909668,0.0042650699615478516,0.009676933288574219
27,10,0.45,optimal,10,23,5,3.0,10,27,5,3.0,10,33,0,4.666666666666667,0.006003141403198242,0.004998683929443359,0.005110502243041992
28,10,0.45,optimal,10,26,5,3.0,10,28,5,3.0,10,32,0,4.333333333333333,0.003990650177001953,0.004997730255126953,0.002997159957885742
29,10,0.45,optimal,10,23,5,2.0,10,25,5,2.0,10,30,0,3.6666666666666665,0.002999544143676758,0.004514932632446289,0.003957986831665039
30,10,0.45,optimal,10,24,5,3.0,10,28,5,3.0,10,34,0,4.666666666666667,0.004007577896118164,0.005109310150146484,0.0029969215393066406
31,10,0.45,optimal,10,29,5,3.6666666666666665,10,31,5,3.6666666666666665,10,35,0,5.0,0.003512144088745117,0.0050029754638671875,0.0029969215393066406
32,10,0.45,optimal,10,26,5,2.6666666666666665,10,26,5,2.6666666666666665,10,32,0,4.333333333333333,0.004980802536010742,0.003995418548583984,0.0039997100830078125
33,10,0.45,optimal,10,22,5,3.3333333333333335,10,28,5,3.3333333333333335,10,34,1,4.666666666666667,0.0029973983764648438,0.005001544952392578,0.004004240036010742
34,10,0.45,optimal,10,18,5,2.0,10,25,5,2.0,10,30,0,3.3333333333333335,0.0036334991455078125,0.0034956932067871094,0.00299072265625
35,10,0.45,optimal,10,25,5,3.0,10,27,5,3.0,10,34,0,4.666666666666667,0.005005836486816406,0.004805326461791992,0.004011392593383789
36,10,0.45,optimal,10,21,5,2.6666666666666665,10,27,5,2.6666666666666665,10,32,0,4.333333333333333,0.0041217803955078125,0.0034134387969970703,0.0040094852447509766
37,10,0.45,optimal,10,21,5,2.6666666666666665,10,27,5,2.6666666666666665,10,32,0,4.333333333333333,0.0039958953857421875,0.004003286361694336,0.002996683120727539
38,10,0.45,optimal,10,27,5,3.0,10,29,5,3.0,10,33,0,4.333333333333333,0.004000663757324219,0.003347635269165039,0.0034971237182617188
39,10,0.45,optimal,10,23,5,2.0,10,24,5,2.0,10,30,0,3.6666666666666665,0.003995180130004883,0.003003358840942383,0.0030069351196289062
40,10,0.45,optimal,10,23,5,2.3333333333333335,10,27,5,2.3333333333333335,10,32,0,4.0,0.002999544143676758,0.003983259201049805,0.00401759147644043
41,10,0.45,optimal,10,23,5,2.6666666666666665,10,28,5,2.6666666666666665,10,33,0,4.333333333333333,0.00399327278137207,0.0040323734283447266,0.004509925842285156
42,10,0.45,optimal,10,22,5,2.0,10,24,5,2.0,10,30,0,3.6666666666666665,0.0019969940185546875,0.004001140594482422,0.0029959678649902344
43,10,0.45,optimal,10,22,5,2.0,10,25,5,2.0,10,31,0,3.6666666666666665,0.0030045509338378906,0.008434534072875977,0.00399327278137207
44,10,0.45,optimal,10,22,5,3.0,10,27,5,3.0,10,33,0,4.333333333333333,0.003511190414428711,0.004063606262207031,0.0025053024291992188
45,10,0.45,optimal,10,22,5,2.6666666666666665,10,28,5,2.6666666666666665,10,32,0,4.333333333333333,0.00499725341796875,0.0029942989349365234,0.0029990673065185547
46,10,0.45,optimal,10,24,5,3.3333333333333335,10,30,5,3.3333333333333335,10,34,0,4.666666666666667,0.005154848098754883,0.004700899124145508,0.0035028457641601562
47,10,0.45,optimal,10,21,5,2.6666666666666665,10,26,5,2.6666666666666665,10,32,1,4.0,0.0029981136322021484,0.0045206546783447266,0.0032491683959960938
48,10,0.45,optimal,10,23,5,2.6666666666666665,10,27,5,2.6666666666666665,10,33,0,4.333333333333333,0.004006147384643555,0.0030002593994140625,0.0029997825622558594
49,10,0.45,optimal,10,25,5,3.0,10,27,5,3.0,10,33,0,4.333333333333333,0.004010200500488281,0.004258632659912109,0.0040738582611083984
50,10,0.45,optimal,10,24,5,3.3333333333333335,10,28,5,3.3333333333333335,10,33,0,4.666666666666667,0.00400233268737793,0.004003763198852539,0.003981351852416992
51,10,0.45,optimal,10,21,5,2.0,10,25,5,2.0,10,31,0,3.6666666666666665,0.0029969215393066406,0.004000663757324219,0.002998828887939453
52,10,0.45,optimal,10,22,5,2.6666666666666665,10,25,5,2.3333333333333335,10,31,0,4.0,0.004769563674926758,0.00500178337097168,0.00099945068359375
53,10,0.45,optimal,10,25,5,3.6666666666666665,10,30,5,3.6666666666666665,10,34,1,5.0,0.00400543212890625,0.004016399383544922,0.003468751907348633
54,10,0.45,optimal,10,23,5,2.3333333333333335,10,27,5,2.3333333333333335,10,32,0,4.0,0.006003618240356445,0.006917476654052734,0.003947019577026367
55,10,0.45,optimal,10,22,5,2.3333333333333335,10,27,5,2.3333333333333335,10,32,0,4.0,0.0030307769775390625,0.003994941711425781,0.004200935363769531
56,10,0.45,optimal,10,22,5,2.3333333333333335,10,25,5,2.3333333333333335,10,32,0,4.0,0.0040013790130615234,0.004992485046386719,0.0029952526092529297
57,10,0.45,optimal,10,22,5,2.3333333333333335,10,26,5,2.3333333333333335,10,31,1,3.6666666666666665,0.003991603851318359,0.003997325897216797,0.0030050277709960938
58,10,0.45,optimal,10,20,5,2.3333333333333335,10,27,5,2.3333333333333335,10,32,0,4.0,0.0029997825622558594,0.004707813262939453,0.0041408538818359375
59,10,0.45,optimal,10,24,5,2.3333333333333335,10,27,5,2.3333333333333335,10,31,0,3.6666666666666665,0.004004716873168945,0.004422903060913086,0.0031659603118896484
60,10,0.45,optimal,10,23,5,2.6666666666666665,10,27,5,2.6666666666666665,10,32,0,4.333333333333333,0.004517316818237305,0.00740504264831543,0.007997989654541016
61,10,0.45,optimal,10,24,5,2.6666666666666665,10,27,5,2.6666666666666665,10,31,1,4.0,0.003997325897216797,0.005072355270385742,0.004044771194458008
62,10,0.45,optimal,10,27,5,3.0,10,29,5,3.0,10,34,0,4.666666666666667,0.00400233268737793,0.0029916763305664062,0.004006624221801758
63,10,0.45,optimal,10,23,5,2.6666666666666665,10,28,5,2.6666666666666665,10,33,0,4.333333333333333,0.0039920806884765625,0.004007816314697266,0.003998756408691406
64,10,0.45,optimal,10,22,5,3.0,10,26,5,3.0,10,31,0,4.666666666666667,0.004997730255126953,0.005996227264404297,0.003002166748046875
65,10,0.45,optimal,10,22,5,2.6666666666666665,10,28,5,2.6666666666666665,10,33,0,4.333333333333333,0.004000186920166016,0.004006624221801758,0.003507375717163086
66,10,0.45,optimal,10,19,5,2.0,10,25,5,2.0,10,31,0,3.6666666666666665,0.004000663757324219,0.003998994827270508,0.00400996208190918
67,10,0.45,optimal,10,21,5,2.6666666666666665,10,27,5,2.3333333333333335,10,31,1,3.6666666666666665,0.0042760372161865234,0.005104780197143555,0.0013833045959472656
68,10,0.45,optimal,10,22,5,2.3333333333333335,10,26,5,2.3333333333333335,10,32,0,4.0,0.004223823547363281,0.0030045509338378906,0.0030069351196289062
69,10,0.45,optimal,10,23,5,3.6666666666666665,10,28,5,3.6666666666666665,10,34,0,4.666666666666667,0.004994869232177734,0.004004478454589844,0.0036153793334960938
70,10,0.45,optimal,10,21,5,2.0,10,25,5,2.0,10,31,0,3.6666666666666665,0.005001544952392578,0.00399470329284668,0.0009996891021728516
71,10,0.45,optimal,10,23,5,3.0,10,28,5,3.0,10,32,0,4.333333333333333,0.003993034362792969,0.003996133804321289,0.004006862640380859
72,10,0.45,optimal,10,23,5,3.0,10,25,5,2.6666666666666665,10,33,0,4.333333333333333,0.004804134368896484,0.005394935607910156,0.0040018558502197266
73,10,0.45,optimal,10,20,5,2.0,10,24,5,2.0,10,31,0,3.6666666666666665,0.003000020980834961,0.004008769989013672,0.004116058349609375
74,10,0.45,optimal,10,23,5,2.6666666666666665,10,27,5,2.6666666666666665,10,32,0,4.0,0.005011081695556641,0.0030062198638916016,0.002991199493408203
75,10,0.45,optimal,10,24,5,3.0,10,29,5,3.0,10,34,0,4.666666666666667,0.0035059452056884766,0.0040090084075927734,0.004827737808227539
76,10,0.45,optimal,10,26,5,3.0,10,28,5,3.0,10,32,0,4.333333333333333,0.004004001617431641,0.005525112152099609,0.003001689910888672
77,10,0.45,optimal,10,21,5,2.3333333333333335,10,25,5,2.3333333333333335,10,30,0,3.3333333333333335,0.003327608108520508,0.00846242904663086,0.005006313323974609
78,10,0.45,optimal,10,23,5,2.0,10,26,5,2.0,10,31,0,3.6666666666666665,0.004998445510864258,0.005015850067138672,0.0029993057250976562
79,10,0.45,optimal,10,23,5,2.6666666666666665,10,28,5,2.6666666666666665,10,32,0,4.0,0.0039865970611572266,0.003994464874267578,0.004995584487915039
80,10,0.45,optimal,10,21,5,2.3333333333333335,10,27,5,2.3333333333333335,10,32,0,4.0,0.0039975643157958984,0.003997087478637695,0.003005504608154297
81,10,0.45,optimal,10,21,5,2.3333333333333335,10,25,5,2.3333333333333335,10,31,0,4.0,0.0039958953857421875,0.004997968673706055,0.002996683120727539
82,10,0.45,optimal,10,23,5,2.0,10,26,5,2.0,10,29,0,3.3333333333333335,0.004429817199707031,0.004061460494995117,0.0029921531677246094
83,10,0.45,optimal,10,24,5,2.6666666666666665,10,26,5,2.6666666666666665,10,31,1,4.0,0.003518342971801758,0.0039980411529541016,0.0034227371215820312
84,10,0.45,optimal,10,23,5,2.3333333333333335,10,27,5,2.3333333333333335,10,31,1,3.6666666666666665,0.003996849060058594,0.0049974918365478516,0.004004955291748047
85,10,0.45,optimal,10,25,5,3.0,10,29,5,3.0,10,33,0,4.666666666666667,0.005002498626708984,0.004724979400634766,0.0033617019653320312
86,10,0.45,optimal,10,22,5,2.3333333333333335,10,26,5,2.3333333333333335,10,31,0,3.6666666666666665,0.0039942264556884766,0.004000663757324219,0.003997087478637695
87,10,0.45,optimal,10,19,5,1.6666666666666667,10,25,5,1.6666666666666667,10,29,0,3.0,0.004002809524536133,0.005112171173095703,0.0031211376190185547
88,10,0.45,optimal,10,24,5,2.6666666666666665,10,27,5,2.6666666666666665,10,33,0,4.333333333333333,0.004026889801025391,0.0045757293701171875,0.0025658607482910156
89,10,0.45,optimal,10,23,5,2.0,10,26,5,2.0,10,31,0,3.6666666666666665,0.003000020980834961,0.004001140594482422,0.003140687942504883
90,10,0.45,optimal,10,18,5,1.6666666666666667,10,25,5,1.6666666666666667,10,29,0,3.3333333333333335,0.003994941711425781,0.003997087478637695,0.004015684127807617
91,10,0.45,optimal,10,23,5,2.6666666666666665,10,28,5,2.6666666666666665,10,32,0,4.333333333333333,0.003994464874267578,0.0030007362365722656,0.0029973983764648438
92,10,0.45,optimal,10,22,5,2.3333333333333335,10,27,5,2.3333333333333335,10,32,0,4.0,0.003002166748046875,0.003994464874267578,0.003999948501586914
93,10,0.45,optimal,10,24,5,3.0,10,29,5,3.0,10,32,1,4.333333333333333,0.004000186920166016,0.0043528079986572266,0.004006147384643555
94,10,0.45,optimal,10,24,5,2.6666666666666665,10,27,5,2.6666666666666665,10,31,1,4.0,0.004008769989013672,0.0030002593994140625,0.0035247802734375
95,10,0.45,optimal,10,22,5,3.0,10,28,5,3.0,10,33,1,4.333333333333333,0.004546642303466797,0.004002809524536133,0.002892017364501953
96,10,0.45,optimal,10,24,5,2.3333333333333335,10,27,5,2.3333333333333335,10,32,0,4.0,0.0050051212310791016,0.004078865051269531,0.00401616096496582
97,10,0.45,optimal,10,20,5,2.0,10,25,5,2.0,10,31,0,3.6666666666666665,0.0039958953857421875,0.0039975643157958984,0.002996206283569336
98,10,0.45,optimal,10,21,5,2.0,10,25,5,2.0,10,31,0,3.6666666666666665,0.004012346267700195,0.003007173538208008,0.005009889602661133
99,10,0.45,optimal,10,23,5,2.0,10,26,5,2.0,10,31,0,3.6666666666666665,0.003998994827270508,0.004034757614135742,0.002986431121826172
0,10,0.6,optimal,10,21,5,2.3333333333333335,10,26,5,2.3333333333333335,10,32,0,4.0,0.0039920806884765625,0.004431724548339844,0.003993511199951172
1,10,0.6,optimal,10,25,5,2.6666666666666665,10,28,5,2.6666666666666665,10,33,0,4.333333333333333,0.0029976367950439453,0.0049991607666015625,0.0029993057250976562
2,10,0.6,optimal,10,19,5,1.6666666666666667,10,25,5,1.6666666666666667,10,30,0,3.3333333333333335,0.010219335556030273,0.00499272346496582,0.0035026073455810547
3,10,0.6,optimal,10,27,5,3.0,10,28,5,3.0,10,32,0,4.333333333333333,0.003997802734375,0.003998994827270508,0.0029828548431396484
4,10,0.6,optimal,10,22,5,2.3333333333333335,10,27,5,2.3333333333333335,10,32,0,4.0,0.003167867660522461,0.004024982452392578,0.003523588180541992
5,10,0.6,optimal,10,21,5,2.3333333333333335,10,27,5,2.3333333333333335,10,32,0,4.0,0.004015445709228516,0.005095005035400391,0.004173994064331055
6,10,0.6,optimal,10,23,5,2.6666666666666665,10,28,5,2.6666666666666665,10,32,0,4.333333333333333,0.004003286361694336,0.004534721374511719,0.0031201839447021484
7,10,0.6,optimal,10,26,5,3.0,10,29,5,3.0,10,33,0,4.333333333333333,0.004000663757324219,0.004538536071777344,0.0039920806884765625
8,10,0.6,optimal,10,18,5,2.0,10,26,5,2.0,10,31,0,3.6666666666666665,0.0040035247802734375,0.004998683929443359,0.002997875213623047
9,10,0.6,optimal,10,25,5,2.3333333333333335,10,27,5,2.3333333333333335,10,32,0,4.0,0.004998207092285156,0.004998445510864258,0.003998994827270508
10,10,0.6,optimal,10,20,5,2.0,10,26,5,2.0,10,31,0,3.6666666666666665,0.0049991607666015625,0.006993293762207031,0.0030014514923095703
11,10,0.6,optimal,10,23,5,2.6666666666666665,10,27,5,2.6666666666666665,10,33,0,4.333333333333333,0.004000425338745117,0.0050106048583984375,0.012001514434814453
12,10,0.6,optimal,10,22,5,2.3333333333333335,10,27,5,2.3333333333333335,10,32,0,4.0,0.004008054733276367,0.005025148391723633,0.003064870834350586
13,10,0.6,optimal,10,20,5,2.3333333333333335,10,27,5,2.3333333333333335,10,32,0,4.0,0.003996610641479492,0.005446672439575195,0.00404047966003418
14,10,0.6,optimal,10,20,5,2.3333333333333335,10,27,5,2.3333333333333335,10,32,0,4.0,0.0040874481201171875,0.0040073394775390625,0.002997159957885742
15,10,0.6,optimal,10,24,5,2.3333333333333335,10,27,5,2.3333333333333335,10,32,0,4.0,0.004995822906494141,0.004999876022338867,0.00399470329284668
16,10,0.6,optimal,10,19,5,2.6666666666666665,10,28,5,2.6666666666666665,10,33,0,4.333333333333333,0.003994941711425781,0.005002737045288086,0.003995180130004883
17,10,0.6,optimal,10,21,5,2.0,10,26,5,2.0,10,31,0,3.6666666666666665,0.003998994827270508,0.005000591278076172,0.004993438720703125
18,10,0.6,optimal,10,23,5,2.0,10,26,5,2.0,10,30,0,3.3333333333333335,0.004999637603759766,0.0060100555419921875,0.00399327278137207
19,10,0.6,optimal,10,22,5,2.6666666666666665,10,28,5,2.6666666666666665,10,33,0,4.333333333333333,0.004996061325073242,0.004993438720703125,0.0039975643157958984
20,10,0.6,optimal,10,20,5,2.6666666666666665,10,28,5,2.6666666666666665,10,33,0,4.333333333333333,0.007578372955322266,0.004160881042480469,0.004004478454589844
21,10,0.6,optimal,10,25,5,2.6666666666666665,10,27,5,2.6666666666666665,10,33,0,4.333333333333333,0.00401616096496582,0.004005908966064453,0.0040056705474853516
22,10,0.6,optimal,10,20,5,1.6666666666666667,10,25,5,1.6666666666666667,10,30,0,3.3333333333333335,0.004996538162231445,0.004000425338745117,0.003997087478637695
23,10,0.6,optimal,10,23,5,2.3333333333333335,10,27,5,2.3333333333333335,10,32,0,4.0,0.003909111022949219,0.0050067901611328125,0.00301361083984375
24,10,0.6,optimal,10,24,5,2.6666666666666665,10,28,5,2.6666666666666665,10,33,0,4.333333333333333,0.005004167556762695,0.00501251220703125,0.00400090217590332
25,10,0.6,optimal,10,22,5,2.0,10,25,5,2.0,10,30,0,3.3333333333333335,0.004515171051025391,0.0039958953857421875,0.004456043243408203
26,10,0.6,optimal,10,21,5,2.3333333333333335,10,27,5,2.3333333333333335,10,32,0,4.0,0.0039997100830078125,0.004438161849975586,0.004333019256591797
27,10,0.6,optimal,10,25,5,3.0,10,27,5,3.0,10,34,0,4.666666666666667,0.0050084590911865234,0.004038333892822266,0.004530429840087891
28,10,0.6,optimal,10,25,5,3.0,10,29,5,3.0,10,32,1,4.333333333333333,0.005012035369873047,0.00450587272644043,0.00501704216003418
29,10,0.6,optimal,10,23,5,2.0,10,25,5,2.0,10,30,0,3.6666666666666665,0.006006002426147461,0.004002809524536133,0.003509998321533203
30,10,0.6,optimal,10,21,5,3.0,10,29,5,3.0,10,34,0,4.666666666666667,0.003993988037109375,0.004992246627807617,0.0029993057250976562
31,10,0.6,optimal,10,26,5,3.6666666666666665,10,31,5,3.6666666666666665,10,35,0,5.0,0.0039942264556884766,0.0050048828125,0.003997802734375
32,10,0.6,optimal,10,22,5,2.6666666666666665,10,27,5,2.6666666666666665,10,33,0,4.333333333333333,0.005026578903198242,0.0050013065338134766,0.004013776779174805
33,10,0.6,optimal,10,23,5,3.3333333333333335,10,29,5,3.3333333333333335,10,35,0,5.0,0.00400996208190918,0.005239963531494141,0.0044116973876953125
34,10,0.6,optimal,10,22,5,2.0,10,26,5,2.0,10,31,0,3.6666666666666665,0.0050046443939208984,0.004007816314697266,0.003414630889892578
35,10,0.6,optimal,10,25,5,3.0,10,29,5,3.0,10,34,0,4.666666666666667,0.004308938980102539,0.004007816314697266,0.0030074119567871094
36,10,0.6,optimal,10,24,5,2.6666666666666665,10,27,5,2.6666666666666665,10,32,0,4.0,0.003998756408691406,0.003981590270996094,0.00614166259765625
37,10,0.6,optimal,10,20,5,2.6666666666666665,10,28,5,2.6666666666666665,10,33,0,4.333333333333333,0.004996299743652344,0.006002187728881836,0.003995656967163086
38,10,0.6,optimal,10,26,5,3.0,10,29,5,3.0,10,34,0,4.666666666666667,0.003997802734375,0.005997180938720703,0.0025763511657714844
39,10,0.6,optimal,10,22,5,2.0,10,26,5,2.0,10,31,0,3.6666666666666665,0.004998683929443359,0.0039958953857421875,0.0040013790130615234
40,10,0.6,optimal,10,22,5,2.3333333333333335,10,27,5,2.3333333333333335,10,32,0,4.0,0.004306316375732422,0.0049970149993896484,0.005152702331542969
41,10,0.6,optimal,10,23,5,2.6666666666666665,10,28,5,2.6666666666666665,10,33,0,4.333333333333333,0.004000186920166016,0.00499725341796875,0.0033025741577148438
42,10,0.6,optimal,10,21,5,2.0,10,25,5,2.0,10,31,0,3.6666666666666665,0.0019991397857666016,0.009009599685668945,0.0049896240234375
43,10,0.6,optimal,10,21,5,2.0,10,25,5,2.0,10,31,0,3.6666666666666665,0.006420135498046875,0.005440473556518555,0.005004405975341797
44,10,0.6,optimal,10,23,5,3.0,10,29,5,3.0,10,33,0,4.333333333333333,0.0039975643157958984,0.005393266677856445,0.003034353256225586
45,10,0.6,optimal,10,24,5,2.6666666666666665,10,28,5,2.6666666666666665,10,32,0,4.0,0.003997087478637695,0.0059969425201416016,0.004077434539794922
46,10,0.6,optimal,10,23,5,3.3333333333333335,10,30,5,3.3333333333333335,10,35,0,5.0,0.006035804748535156,0.0073163509368896484,0.007097482681274414
47,10,0.6,optimal,10,22,5,2.6666666666666665,10,27,5,2.6666666666666665,10,33,0,4.333333333333333,0.004369497299194336,0.006367206573486328,0.0029973983764648438
48,10,0.6,optimal,10,21,5,2.6666666666666665,10,28,5,2.6666666666666665,10,33,0,4.333333333333333,0.004998922348022461,0.003999471664428711,0.0039975643157958984
49,10,0.6,optimal,10,25,5,3.0,10,29,5,3.0,10,34,0,4.666666666666667,0.004984378814697266,0.006016969680786133,0.006011247634887695
50,10,0.6,optimal,10,20,5,3.3333333333333335,10,29,5,3.3333333333333335,10,34,0,4.666666666666667,0.006169557571411133,0.0052144527435302734,0.0034253597259521484
51,10,0.6,optimal,10,22,5,2.0,10,26,5,2.0,10,31,0,3.6666666666666665,0.005698442459106445,0.0046460628509521484,0.00488591194152832
52,10,0.6,optimal,10,25,5,2.6666666666666665,10,28,5,2.6666666666666665,10,33,0,4.333333333333333,0.00633549690246582,0.004910945892333984,0.004160642623901367
53,10,0.6,optimal,10,28,5,3.6666666666666665,10,31,5,3.6666666666666665,10,35,1,5.0,0.0059967041015625,0.006559848785400391,0.004078865051269531
54,10,0.6,optimal,10,21,5,2.3333333333333335,10,27,5,2.3333333333333335,10,32,0,4.0,0.004003286361694336,0.005220651626586914,0.0040225982666015625
55,10,0.6,optimal,10,23,5,2.3333333333333335,10,27,5,2.3333333333333335,10,32,0,4.0,0.0049822330474853516,0.005027055740356445,0.004027605056762695
56,10,0.6,optimal,10,19,5,2.3333333333333335,10,27,5,2.3333333333333335,10,32,0,4.0,0.004992485046386719,0.003985881805419922,0.004001617431640625
57,10,0.6,optimal,10,20,5,2.3333333333333335,10,27,5,2.3333333333333335,10,32,0,4.0,0.007009983062744141,0.00417637825012207,0.004438877105712891
58,10,0.6,optimal,10,20,5,2.3333333333333335,10,27,5,2.3333333333333335,10,32,0,4.0,0.020995140075683594,0.01800227165222168,0.013762950897216797
59,10,0.6,optimal,10,24,5,2.3333333333333335,10,27,5,2.3333333333333335,10,32,0,4.0,0.010039567947387695,0.009908199310302734,0.007044553756713867
60,10,0.6,optimal,10,25,5,2.6666666666666665,10,28,5,2.6666666666666665,10,33,0,4.333333333333333,0.0069959163665771484,0.0073320865631103516,0.00399327278137207
61,10,0.6,optimal,10,23,5,2.6666666666666665,10,28,5,2.6666666666666665,10,33,0,4.333333333333333,0.006491184234619141,0.005823373794555664,0.003063678741455078
62,10,0.6,optimal,10,24,5,3.0,10,29,5,3.0,10,34,0,4.666666666666667,0.004990577697753906,0.005152225494384766,0.005136728286743164
63,10,0.6,optimal,10,25,5,2.6666666666666665,10,28,5,2.6666666666666665,10,33,0,4.333333333333333,0.005341768264770508,0.0040056705474853516,0.005244016647338867
64,10,0.6,optimal,10,21,5,3.0,10,28,5,3.0,10,33,0,4.333333333333333,0.004010200500488281,0.0050868988037109375,0.0030210018157958984
65,10,0.6,optimal,10,24,5,2.6666666666666665,10,28,5,2.6666666666666665,10,33,0,4.333333333333333,0.004439592361450195,0.004255056381225586,0.003000497817993164
66,10,0.6,optimal,10,20,5,2.0,10,25,5,2.0,10,31,0,3.6666666666666665,0.007031917572021484,0.007516384124755859,0.004000186920166016
67,10,0.6,optimal,10,26,5,2.6666666666666665,10,28,5,2.6666666666666665,10,33,0,4.333333333333333,0.0050008296966552734,0.0050008296966552734,0.004992246627807617
68,10,0.6,optimal,10,24,5,2.3333333333333335,10,27,5,2.3333333333333335,10,32,0,4.0,0.0039825439453125,0.0040628910064697266,0.00302886962890625
69,10,0.6,optimal,10,26,5,3.6666666666666665,10,29,5,3.6666666666666665,10,35,0,5.0,0.004530668258666992,0.005081653594970703,0.003000974655151367
70,10,0.6,optimal,10,23,5,2.0,10,25,5,2.0,10,31,0,3.6666666666666665,0.005995273590087891,0.0039958953857421875,0.004999399185180664
71,10,0.6,optimal,10,25,5,3.0,10,28,5,3.0,10,33,0,4.333333333333333,0.003981351852416992,0.004564046859741211,0.0031218528747558594
72,10,0.6,optimal,10,26,5,3.0,10,29,5,3.0,10,33,0,4.333333333333333,0.006008625030517578,0.00402379035949707,0.003996372222900391
73,10,0.6,optimal,10,23,5,2.0,10,25,5,2.0,10,31,0,3.6666666666666665,0.004989147186279297,0.004994630813598633,0.006006717681884766
74,10,0.6,optimal,10,24,5,2.6666666666666665,10,28,5,2.6666666666666665,10,33,0,4.333333333333333,0.0030660629272460938,0.00529932975769043,0.005018949508666992
75,10,0.6,optimal,10,25,5,3.0,10,29,5,3.0,10,34,0,4.666666666666667,0.0050182342529296875,0.008387088775634766,0.004261493682861328
76,10,0.6,optimal,10,22,5,3.0,10,28,5,3.0,10,34,0,4.666666666666667,0.003988504409790039,0.006152153015136719,0.0043108463287353516
77,10,0.6,optimal,10,22,5,2.3333333333333335,10,27,5,2.3333333333333335,10,32,0,4.0,0.004005908966064453,0.004607439041137695,0.004483222961425781
78,10,0.6,optimal,10,22,5,2.0,10,26,5,2.0,10,31,0,3.6666666666666665,0.005995273590087891,0.0059986114501953125,0.003998994827270508
79,10,0.6,optimal,10,24,5,2.6666666666666665,10,28,5,2.6666666666666665,10,33,0,4.333333333333333,0.005001068115234375,0.005196809768676758,0.004000663757324219
80,10,0.6,optimal,10,22,5,2.3333333333333335,10,27,5,2.3333333333333335,10,32,0,4.0,0.0049936771392822266,0.00500178337097168,0.003998517990112305
81,10,0.6,optimal,10,21,5,2.3333333333333335,10,25,5,2.3333333333333335,10,31,0,4.0,0.004511117935180664,0.006002902984619141,0.0049896240234375
82,10,0.6,optimal,10,22,5,2.0,10,26,5,2.0,10,30,0,3.3333333333333335,0.005257368087768555,0.005486011505126953,0.0033922195434570312
83,10,0.6,optimal,10,24,5,2.6666666666666665,10,26,5,2.6666666666666665,10,32,0,4.333333333333333,0.004000663757324219,0.004526615142822266,0.004012584686279297
84,10,0.6,optimal,10,25,5,2.3333333333333335,10,27,5,2.3333333333333335,10,31,1,3.6666666666666665,0.0039844512939453125,0.006003856658935547,0.004014015197753906
85,10,0.6,optimal,10,24,5,3.0,10,29,5,3.0,10,34,0,4.666666666666667,0.005002260208129883,0.003999471664428711,0.00400853157043457
86,10,0.6,optimal,10,25,5,2.3333333333333335,10,26,5,2.3333333333333335,10,32,0,4.0,0.003993511199951172,0.004996538162231445,0.00400996208190918
87,10,0.6,optimal,10,20,5,1.6666666666666667,10,25,5,1.6666666666666667,10,30,0,3.3333333333333335,0.003998279571533203,0.0049953460693359375,0.0051517486572265625
88,10,0.6,optimal,10,23,5,2.6666666666666665,10,28,5,2.6666666666666665,10,33,0,4.333333333333333,0.003994941711425781,0.006012678146362305,0.0039980411529541016
89,10,0.6,optimal,10,21,5,2.0,10,26,5,2.0,10,31,0,3.6666666666666665,0.00500035285949707,0.0040111541748046875,0.0029976367950439453
90,10,0.6,optimal,10,18,5,1.6666666666666667,10,25,5,1.6666666666666667,10,29,1,3.0,0.004997968673706055,0.014216899871826172,0.006003856658935547
91,10,0.6,optimal,10,22,5,2.6666666666666665,10,28,5,2.6666666666666665,10,33,0,4.333333333333333,0.003180980682373047,0.004972696304321289,0.0030014514923095703
92,10,0.6,optimal,10,22,5,2.3333333333333335,10,27,5,2.3333333333333335,10,32,0,4.0,0.003986358642578125,0.005659818649291992,0.004313230514526367
93,10,0.6,optimal,10,26,5,3.0,10,29,5,3.0,10,33,0,4.666666666666667,0.005004405975341797,0.005017280578613281,0.005297183990478516
94,10,0.6,optimal,10,24,5,2.6666666666666665,10,27,5,2.6666666666666665,10,32,0,4.333333333333333,0.004014253616333008,0.0050160884857177734,0.005024433135986328
95,10,0.6,optimal,10,22,5,3.0,10,29,5,3.0,10,34,0,4.666666666666667,0.00445866584777832,0.005397796630859375,0.004575967788696289
96,10,0.6,optimal,10,22,5,2.3333333333333335,10,27,5,2.3333333333333335,10,32,0,4.0,0.004360675811767578,0.004004478454589844,0.004191160202026367
97,10,0.6,optimal,10,22,5,2.0,10,26,5,2.0,10,31,0,3.6666666666666665,0.004751682281494141,0.01659226417541504,0.008239269256591797
98,10,0.6,optimal,10,21,5,2.0,10,25,5,2.0,10,31,0,3.6666666666666665,0.005301713943481445,0.004784345626831055,0.004142045974731445
99,10,0.6,optimal,10,20,5,2.0,10,26,5,2.0,10,31,0,3.6666666666666665,0.004003286361694336,0.0049915313720703125,0.0029985904693603516
