seed,availability_probability,suitability_probability,status,quantity_assignments,quantity_assignment_value,quantity_highest_priority,quantity_secondary_priority,quality_assignments,quality_assignment_value,quality_highest_priority,quality_secondary_priority,aggregate_value_assignments,aggregate_value_assignment_value,aggregate_value_highest_priority,aggregate_value_secondary_priority,quantity_time,quality_time,aggregate_value_time
0,0.3,0.3,optimal,7,12,5,1.3333333333333333,7,13,5,1.3333333333333333,7,20,0,3.0,0.0009982585906982422,0.0009984970092773438,0.000997781753540039
1,0.3,0.3,optimal,7,13,5,1.0,7,13,5,1.0,7,21,0,3.0,0.004998922348022461,0.0029959678649902344,0.0010073184967041016
2,0.3,0.3,optimal,7,10,5,0.6666666666666666,7,10,5,0.6666666666666666,7,17,0,1.6666666666666667,0.0015075206756591797,0.001001119613647461,0.0010509490966796875
3,0.3,0.3,optimal,7,14,5,1.3333333333333333,7,14,5,1.3333333333333333,7,24,0,3.6666666666666665,0.0009806156158447266,0.0019953250885009766,0.0
4,0.3,0.3,optimal,7,12,5,1.3333333333333333,7,14,5,1.3333333333333333,7,21,0,3.0,0.010778188705444336,0.002548694610595703,0.0
5,0.3,0.3,optimal,7,12,4,1.3333333333333333,7,14,4,1.3333333333333333,7,20,0,3.0,0.0011572837829589844,0.0013287067413330078,0.0
6,0.3,0.3,optimal,7,13,5,1.3333333333333333,7,13,5,1.3333333333333333,7,21,0,3.0,0.0010030269622802734,0.0034935474395751953,0.0
7,0.3,0.3,optimal,7,12,5,1.3333333333333333,7,12,5,1.3333333333333333,7,21,0,3.3333333333333335,0.013514995574951172,0.0040018558502197266,0.0022623538970947266
8,0.3,0.3,optimal,7,11,5,0.6666666666666666,7,12,5,0.6666666666666666,7,21,0,2.6666666666666665,0.0,0.0009996891021728516,0.0
9,0.3,0.3,optimal,7,11,5,1.3333333333333333,7,12,5,1.0,7,20,0,2.3333333333333335,0.00374603271484375,0.003003358840942383,0.0
10,0.3,0.3,optimal,7,13,4,1.3333333333333333,7,14,4,1.3333333333333333,7,17,1,1.6666666666666667,0.0010001659393310547,0.0029768943786621094,0.0
11,0.3,0.3,optimal,7,16,4,1.6666666666666667,7,17,4,1.6666666666666667,7,20,1,3.0,0.0030002593994140625,0.002000093460083008,0.0010149478912353516
12,0.3,0.3,optimal,7,11,5,0.6666666666666666,7,12,5,0.6666666666666666,7,19,0,2.6666666666666665,0.0010018348693847656,0.004048347473144531,0.0
13,0.3,0.3,optimal,7,13,4,1.3333333333333333,7,14,4,1.3333333333333333,7,20,0,2.3333333333333335,0.0,0.0019998550415039062,0.0
14,0.3,0.3,optimal,7,14,5,1.3333333333333333,7,15,5,1.3333333333333333,7,21,0,2.3333333333333335,0.002980470657348633,0.010538578033447266,0.0010023117065429688
15,0.3,0.3,optimal,7,14,4,1.6666666666666667,7,16,4,1.3333333333333333,7,21,0,2.6666666666666665,0.0009984970092773438,0.0,0.0
16,0.3,0.3,optimal,7,12,5,1.3333333333333333,7,12,5,1.3333333333333333,7,21,0,3.3333333333333335,0.0,0.0,0.0010797977447509766
17,0.3,0.3,optimal,7,12,5,0.6666666666666666,7,12,5,0.6666666666666666,7,20,0,2.3333333333333335,0.0010733604431152344,0.0,0.0
18,0.3,0.3,optimal,7,12,5,1.0,7,12,5,1.0,7,20,0,2.6666666666666665,0.0010004043579101562,0.0,0.0
19,0.3,0.3,optimal,7,12,5,1.0,7,13,5,1.0,7,19,0,2.3333333333333335,0.0,0.0020024776458740234,0.0
20,0.3,0.3,optimal,7,12,5,1.0,7,14,5,1.0,7,22,0,3.0,0.0010199546813964844,0.0020020008087158203,0.0009989738464355469
21,0.3,0.3,optimal,7,12,5,1.3333333333333333,7,12,5,1.3333333333333333,7,22,0,3.0,0.001001596450805664,0.0010008811950683594,0.003020048141479492
22,0.3,0.3,optimal,7,11,4,1.0,7,14,4,1.0,7,20,0,2.3333333333333335,0.000989675521850586,0.0019855499267578125,0.00099945068359375
23,0.3,0.3,optimal,7,13,5,1.0,7,14,5,1.0,7,21,0,3.0,0.0005028247833251953,0.003905057907104492,0.0009980201721191406
24,0.3,0.3,optimal,7,12,4,1.3333333333333333,7,15,4,1.3333333333333333,7,22,0,3.3333333333333335,0.0,0.0009987354278564453,0.0009953975677490234
25,0.3,0.3,optimal,7,10,5,0.6666666666666666,7,11,5,0.6666666666666666,7,20,0,2.3333333333333335,0.0009996891021728516,0.0,0.00099945068359375
26,0.3,0.3,optimal,7,11,5,1.3333333333333333,7,12,5,1.3333333333333333,7,20,0,2.6666666666666665,0.003981113433837891,0.003011465072631836,0.0009772777557373047
27,0.3,0.3,optimal,7,12,5,1.0,7,13,5,1.0,7,21,0,3.6666666666666665,0.0,0.006586551666259766,0.001004934310913086
28,0.3,0.3,optimal,7,13,5,1.6666666666666667,7,15,5,1.6666666666666667,7,21,0,3.0,0.0052623748779296875,0.003311634063720703,0.0
29,0.3,0.3,optimal,7,13,5,1.0,7,15,5,1.0,7,20,1,2.0,0.0009975433349609375,0.006682157516479492,0.0009980201721191406
30,0.3,0.3,optimal,7,11,5,1.3333333333333333,7,13,5,1.3333333333333333,7,23,0,3.3333333333333335,0.002996683120727539,0.0040056705474853516,0.0
31,0.3,0.3,optimal,7,15,5,1.6666666666666667,7,15,5,1.6666666666666667,7,22,0,3.3333333333333335,0.0,0.0009999275207519531,0.0
32,0.3,0.3,optimal,7,12,5,1.3333333333333333,7,12,5,1.3333333333333333,7,19,0,2.6666666666666665,0.004001140594482422,0.0034637451171875,0.0009958744049072266
33,0.3,0.3,optimal,7,13,5,1.3333333333333333,7,13,5,1.3333333333333333,7,21,1,3.0,0.0,0.0009996891021728516,0.0010046958923339844
34,0.3,0.3,optimal,7,13,4,1.3333333333333333,7,14,4,1.3333333333333333,7,20,0,2.3333333333333335,0.0,0.002001047134399414,0.00099945068359375
35,0.3,0.3,optimal,7,11,5,1.0,7,11,5,1.0,7,21,0,3.3333333333333335,0.0,0.0009999275207519531,0.0
36,0.3,0.3,optimal,7,16,4,1.6666666666666667,7,16,4,1.6666666666666667,7,20,1,2.6666666666666665,0.0010006427764892578,0.0,0.0
37,0.3,0.3,optimal,7,15,5,1.3333333333333333,7,17,5,1.3333333333333333,7,19,1,3.0,0.004386425018310547,0.003387451171875,0.0
38,0.3,0.3,optimal,7,16,4,2.0,7,18,4,2.0,7,22,0,3.0,0.0010006427764892578,0.0030219554901123047,0.0009982585906982422
39,0.3,0.3,optimal,7,14,4,1.0,7,15,4,1.0,7,20,1,2.3333333333333335,0.0009996891021728516,0.0010004043579101562,0.0
40,0.3,0.3,optimal,7,13,5,1.0,7,13,5,1.0,7,20,0,2.6666666666666665,0.0010018348693847656,0.0,0.0009999275207519531
41,0.3,0.3,optimal,7,13,5,1.3333333333333333,7,14,5,1.3333333333333333,7,21,0,3.0,0.0039827823638916016,0.003014802932739258,0.0009980201721191406
42,0.3,0.3,optimal,7,12,5,1.0,7,13,5,1.0,7,20,0,2.3333333333333335,0.003281116485595703,0.0030059814453125,0.0
43,0.3,0.3,optimal,7,11,4,1.0,7,13,4,1.0,7,17,0,1.6666666666666667,0.0010004043579101562,0.0010004043579101562,0.0
44,0.3,0.3,optimal,7,13,5,1.3333333333333333,7,13,5,1.3333333333333333,7,19,0,3.0,0.0009958744049072266,0.001514434814453125,0.0
45,0.3,0.3,optimal,7,14,4,2.0,7,15,4,2.0,7,22,1,3.0,0.0,0.004586935043334961,0.001992464065551758
46,0.3,0.3,optimal,7,13,5,1.3333333333333333,7,14,5,1.3333333333333333,7,21,0,3.6666666666666665,0.0029802322387695312,0.007561683654785156,0.001010894775390625
47,0.3,0.3,optimal,7,13,5,1.0,7,13,5,1.0,7,22,0,3.3333333333333335,0.003020763397216797,0.003017425537109375,0.0
48,0.3,0.3,optimal,7,15,5,1.3333333333333333,7,16,5,1.0,7,21,1,3.0,0.0009999275207519531,0.0,0.0009822845458984375
49,0.3,0.3,optimal,7,15,5,1.6666666666666667,7,15,5,1.6666666666666667,7,23,0,3.6666666666666665,0.0010004043579101562,0.0019998550415039062,0.0
50,0.3,0.3,optimal,7,12,5,1.3333333333333333,7,13,5,1.3333333333333333,7,23,0,3.6666666666666665,0.0,0.0009996891021728516,0.0
51,0.3,0.3,optimal,7,11,5,1.0,7,12,5,1.0,7,18,0,2.3333333333333335,0.0028562545776367188,0.002006053924560547,0.000997304916381836
52,0.3,0.3,optimal,7,11,5,0.6666666666666666,7,12,5,0.6666666666666666,7,19,1,2.6666666666666665,0.003513336181640625,0.0029993057250976562,0.0010001659393310547
53,0.3,0.3,optimal,7,16,5,1.6666666666666667,7,16,5,1.6666666666666667,7,22,1,3.3333333333333335,0.002982616424560547,0.002008199691772461,0.0
54,0.3,0.3,optimal,7,15,5,1.3333333333333333,7,15,5,1.3333333333333333,7,20,0,2.6666666666666665,0.003000020980834961,0.003003358840942383,0.0
55,0.3,0.3,optimal,7,14,5,1.0,7,14,5,1.0,7,20,0,2.3333333333333335,0.0009996891021728516,0.002979755401611328,0.001003265380859375
56,0.3,0.3,optimal,7,14,5,1.0,7,14,5,1.0,7,19,0,2.0,0.0010113716125488281,0.003997325897216797,0.000997781753540039
57,0.3,0.3,optimal,7,14,5,1.3333333333333333,7,14,5,1.3333333333333333,7,21,0,2.6666666666666665,0.0009958744049072266,0.0009989738464355469,0.0
58,0.3,0.3,optimal,7,13,4,1.6666666666666667,7,14,4,1.3333333333333333,7,19,0,2.6666666666666665,0.0009984970092773438,0.0050008296966552734,0.0009920597076416016
59,0.3,0.3,optimal,7,11,5,1.0,7,11,5,1.0,7,20,0,2.6666666666666665,0.000997304916381836,0.0,0.0009827613830566406
60,0.3,0.3,optimal,7,14,5,1.0,7,14,5,1.0,7,23,0,3.3333333333333335,0.0009918212890625,0.0009989738464355469,0.0009984970092773438
61,0.3,0.3,optimal,7,13,5,1.6666666666666667,7,14,5,1.6666666666666667,7,21,0,3.3333333333333335,0.003034353256225586,0.00328826904296875,0.0009961128234863281
62,0.3,0.3,optimal,7,15,5,1.6666666666666667,7,15,5,1.6666666666666667,7,22,1,3.3333333333333335,0.0,0.0009999275207519531,0.0010004043579101562
63,0.3,0.3,optimal,7,14,5,1.3333333333333333,7,15,5,1.3333333333333333,7,22,0,3.3333333333333335,0.0030002593994140625,0.004036664962768555,0.0
64,0.3,0.3,optimal,7,11,5,1.3333333333333333,7,15,5,1.3333333333333333,7,21,0,2.6666666666666665,0.002055644989013672,0.0020029544830322266,0.0
65,0.3,0.3,optimal,7,13,5,1.3333333333333333,7,14,5,1.3333333333333333,7,22,1,3.0,0.00299835205078125,0.0010001659393310547,0.0009982585906982422
66,0.3,0.3,optimal,7,12,3,1.6666666666666667,7,14,3,1.6666666666666667,7,20,0,2.6666666666666665,0.0009965896606445312,0.003003835678100586,0.0009958744049072266
67,0.3,0.3,optimal,7,14,5,1.3333333333333333,7,14,5,1.3333333333333333,7,20,1,2.6666666666666665,0.0009999275207519531,0.0,0.0009999275207519531
68,0.3,0.3,optimal,7,14,5,1.0,7,14,5,1.0,7,22,0,3.0,0.0009844303131103516,0.0,0.0
69,0.3,0.3,optimal,7,14,5,1.6666666666666667,7,14,5,1.6666666666666667,7,24,0,4.0,0.0041637420654296875,0.004054546356201172,0.0009958744049072266
70,0.3,0.3,optimal,7,13,5,1.0,7,14,5,1.0,7,21,1,2.3333333333333335,0.002997159957885742,0.002032756805419922,0.000978231430053711
71,0.3,0.3,optimal,7,13,5,1.3333333333333333,7,13,5,1.3333333333333333,7,20,0,3.6666666666666665,0.0029878616333007812,0.0020308494567871094,0.0
72,0.3,0.3,optimal,7,13,5,1.3333333333333333,7,13,5,1.3333333333333333,7,21,0,3.0,0.0,0.0010356903076171875,0.0010001659393310547
73,0.3,0.3,optimal,7,12,5,1.0,7,13,5,1.0,7,21,0,2.6666666666666665,0.0009984970092773438,0.0020058155059814453,0.0
74,0.3,0.3,optimal,7,17,5,1.6666666666666667,7,17,5,1.6666666666666667,7,21,1,3.0,0.00400233268737793,0.002003192901611328,0.0
75,0.3,0.3,optimal,7,14,5,1.3333333333333333,7,14,5,1.3333333333333333,7,24,0,3.3333333333333335,0.00299072265625,0.0023679733276367188,0.0
76,0.3,0.3,optimal,7,16,5,1.6666666666666667,7,16,5,1.6666666666666667,7,22,0,3.3333333333333335,0.002000093460083008,0.0019998550415039062,0.0
77,0.3,0.3,optimal,7,13,5,0.6666666666666666,7,15,5,0.6666666666666666,7,19,1,2.3333333333333335,0.0009999275207519531,0.0,0.0
78,0.3,0.3,optimal,7,11,5,1.0,7,13,5,1.0,7,19,0,2.3333333333333335,0.002998828887939453,0.001999378204345703,0.0
79,0.3,0.3,optimal,7,12,5,1.0,7,13,5,1.0,7,21,1,2.3333333333333335,0.003000020980834961,0.0031325817108154297,0.0009913444519042969
80,0.3,0.3,optimal,7,11,5,1.0,7,13,5,1.0,7,21,0,2.6666666666666665,0.0040149688720703125,0.0019996166229248047,0.0009999275207519531
81,0.3,0.3,optimal,7,12,5,1.3333333333333333,7,13,5,1.3333333333333333,7,21,0,2.3333333333333335,0.0009980201721191406,0.0019989013671875,0.0
82,0.3,0.3,optimal,7,13,5,1.0,7,14,5,1.0,7,19,0,2.6666666666666665,0.0035126209259033203,0.002084016799926758,0.0
83,0.3,0.3,optimal,7,14,5,1.3333333333333333,7,14,5,1.3333333333333333,7,19,0,2.3333333333333335,0.0,0.0010004043579101562,0.00099945068359375
84,0.3,0.3,optimal,7,13,5,1.3333333333333333,7,13,5,1.3333333333333333,7,19,0,2.3333333333333335,0.0015332698822021484,0.0010340213775634766,0.0
85,0.3,0.3,optimal,7,15,5,1.3333333333333333,7,17,5,1.3333333333333333,7,22,1,2.6666666666666665,0.0043795108795166016,0.0033943653106689453,0.00147247314453125
86,0.3,0.3,optimal,7,13,4,1.6666666666666667,7,16,4,1.6666666666666667,7,21,0,2.6666666666666665,0.004003763198852539,0.0019800662994384766,0.0010223388671875
87,0.3,0.3,optimal,7,11,5,0.6666666666666666,7,13,5,0.6666666666666666,7,19,0,2.0,0.002999544143676758,0.0020058155059814453,0.0
88,0.3,0.3,optimal,7,13,4,1.6666666666666667,7,15,4,1.6666666666666667,7,23,0,3.3333333333333335,0.0030057430267333984,0.002996683120727539,0.0009953975677490234
89,0.3,0.3,optimal,7,15,4,1.3333333333333333,7,16,4,1.3333333333333333,7,20,0,2.6666666666666665,0.0,0.0030066967010498047,0.0009953975677490234
90,0.3,0.3,optimal,7,11,5,0.6666666666666666,7,12,5,0.6666666666666666,7,18,0,2.3333333333333335,0.0009984970092773438,0.0013856887817382812,0.0
91,0.3,0.3,optimal,7,16,5,1.3333333333333333,7,17,5,1.3333333333333333,7,21,1,2.6666666666666665,0.0030722618103027344,0.002271890640258789,0.0
92,0.3,0.3,optimal,7,13,5,1.0,7,14,5,1.0,7,21,0,3.0,0.0009946823120117188,0.0019969940185546875,0.0011301040649414062
93,0.3,0.3,optimal,7,14,5,1.6666666666666667,7,14,5,1.6666666666666667,7,22,0,3.6666666666666665,0.0,0.0,0.0
94,0.3,0.3,optimal,7,16,4,2.0,7,17,4,2.0,7,20,1,2.6666666666666665,0.003981590270996094,0.003000974655151367,0.0
95,0.3,0.3,optimal,7,14,5,1.0,7,14,5,1.0,7,22,0,3.3333333333333335,0.00099945068359375,0.0009942054748535156,0.0
96,0.3,0.3,optimal,7,12,5,1.3333333333333333,7,14,5,1.3333333333333333,7,20,0,2.6666666666666665,0.0030002593994140625,0.003000497817993164,0.0010347366333007812
97,0.3,0.3,optimal,7,12,5,1.0,7,12,5,1.0,7,20,0,2.0,0.003003358840942383,0.002382040023803711,0.0009965896606445312
98,0.3,0.3,optimal,7,13,5,1.0,7,13,5,1.0,7,21,0,2.6666666666666665,0.0030405521392822266,0.004060029983520508,0.0
99,0.3,0.3,optimal,7,13,4,1.3333333333333333,7,16,4,1.3333333333333333,7,21,1,2.3333333333333335,0.0009999275207519531,0.0009996891021728516,0.0
0,0.3,0.5,optimal,7,16,5,1.3333333333333333,7,16,5,1.3333333333333333,7,22,0,2.6666666666666665,0.0009999275207519531,0.0010039806365966797,0.0
1,0.3,0.5,optimal,7,15,5,1.0,7,15,5,1.0,7,23,0,3.0,0.0029730796813964844,0.0013077259063720703,0.0010302066802978516
2,0.3,0.5,optimal,7,10,5,0.6666666666666666,7,11,5,0.6666666666666666,7,20,0,2.0,0.0,0.0010194778442382812,0.0
3,0.3,0.5,optimal,7,14,5,1.3333333333333333,7,14,5,1.3333333333333333,7,24,0,3.6666666666666665,0.0010001659393310547,0.0009944438934326172,0.000990152359008789
4,0.3,0.5,optimal,7,12,5,1.3333333333333333,7,16,5,1.3333333333333333,7,23,0,3.0,0.0040035247802734375,0.002223968505859375,0.0009992122650146484
5,0.3,0.5,optimal,7,14,4,1.3333333333333333,7,17,4,1.3333333333333333,7,22,0,3.0,0.0010025501251220703,0.0,0.0009999275207519531
6,0.3,0.5,optimal,7,15,5,1.3333333333333333,7,15,5,1.3333333333333333,7,23,0,3.3333333333333335,0.0,0.002019166946411133,0.0010004043579101562
7,0.3,0.5,optimal,7,15,5,1.3333333333333333,7,16,5,1.3333333333333333,7,23,0,3.0,0.002995014190673828,0.001997709274291992,0.0
8,0.3,0.5,optimal,7,11,5,0.6666666666666666,7,12,5,0.6666666666666666,7,22,0,2.6666666666666665,0.0010001659393310547,0.0010001659393310547,0.0
9,0.3,0.5,optimal,7,12,5,1.3333333333333333,7,14,5,1.0,7,22,0,2.6666666666666665,0.0030007362365722656,0.004038333892822266,0.0010993480682373047
10,0.3,0.5,optimal,7,15,4,1.3333333333333333,7,16,4,1.3333333333333333,7,19,0,2.0,0.0010044574737548828,0.0009999275207519531,0.0009996891021728516
11,0.3,0.5,optimal,7,18,4,1.6666666666666667,7,18,4,1.6666666666666667,7,21,1,3.0,0.0029997825622558594,0.0030105113983154297,0.0010023117065429688
12,0.3,0.5,optimal,7,12,5,0.6666666666666666,7,13,5,0.6666666666666666,7,19,0,2.3333333333333335,0.0010035037994384766,0.0030024051666259766,0.0009982585906982422
13,0.3,0.5,optimal,7,15,4,1.3333333333333333,7,15,4,1.3333333333333333,7,22,0,2.6666666666666665,0.0,0.0020003318786621094,0.0
14,0.3,0.5,optimal,7,14,5,1.3333333333333333,7,17,5,1.3333333333333333,7,23,0,3.0,0.003997087478637695,0.004004240036010742,0.0
15,0.3,0.5,optimal,7,17,4,1.6666666666666667,7,17,4,1.6666666666666667,7,22,0,3.0,0.0010042190551757812,0.0009999275207519531,0.0
16,0.3,0.5,optimal,7,14,5,1.3333333333333333,7,14,5,1.3333333333333333,7,21,1,3.0,0.0,0.0009992122650146484,0.0
17,0.3,0.5,optimal,7,12,5,0.6666666666666666,7,13,5,0.6666666666666666,7,21,0,2.3333333333333335,0.0009999275207519531,0.0009999275207519531,0.0
18,0.3,0.5,optimal,7,15,5,1.0,7,15,5,1.0,7,21,0,2.6666666666666665,0.0009982585906982422,0.0014071464538574219,0.0014119148254394531
19,0.3,0.5,optimal,7,12,5,1.0,7,14,5,1.0,7,21,0,2.6666666666666665,0.0,0.0020008087158203125,0.0
20,0.3,0.5,optimal,7,12,5,1.0,7,14,5,1.0,7,23,0,3.0,0.0,0.0019943714141845703,0.0010001659393310547
21,0.3,0.5,optimal,7,14,5,1.3333333333333333,7,14,5,1.3333333333333333,7,23,0,3.3333333333333335,0.0009992122650146484,0.0,0.0
22,0.3,0.5,optimal,7,13,4,1.0,7,15,4,1.0,7,21,0,2.3333333333333335,0.0,0.0010006427764892578,0.0009999275207519531
23,0.3,0.5,optimal,7,14,5,1.0,7,16,5,1.0,7,22,0,3.0,0.0009837150573730469,0.004589557647705078,0.0009980201721191406
24,0.3,0.5,optimal,7,14,4,1.3333333333333333,7,17,4,1.3333333333333333,7,23,0,3.3333333333333335,0.0,0.001016855239868164,0.000993490219116211
25,0.3,0.5,optimal,7,12,5,0.6666666666666666,7,13,5,0.6666666666666666,7,21,0,2.3333333333333335,0.0009992122650146484,0.0010063648223876953,0.0
26,0.3,0.5,optimal,7,12,5,1.3333333333333333,7,14,5,1.3333333333333333,7,21,0,2.6666666666666665,0.003003835678100586,0.001999378204345703,0.0
27,0.3,0.5,optimal,7,13,5,1.0,7,14,5,1.0,7,25,0,3.6666666666666665,0.0010001659393310547,0.0010001659393310547,0.0
28,0.3,0.5,optimal,7,14,5,1.6666666666666667,7,17,5,1.3333333333333333,7,24,0,3.3333333333333335,0.004023075103759766,0.004009246826171875,0.00099945068359375
29,0.3,0.5,optimal,7,15,5,1.0,7,16,5,1.0,7,21,0,2.3333333333333335,0.0009992122650146484,0.003003358840942383,0.0009963512420654297
30,0.3,0.5,optimal,7,11,5,1.3333333333333333,7,14,5,1.3333333333333333,7,23,0,3.3333333333333335,0.0030002593994140625,0.0029997825622558594,0.0
31,0.3,0.5,optimal,7,17,5,1.6666666666666667,7,17,5,1.6666666666666667,7,25,1,3.6666666666666665,0.000986337661743164,0.0010058879852294922,0.0
32,0.3,0.5,optimal,7,12,5,1.3333333333333333,7,14,5,1.0,7,20,0,2.6666666666666665,0.003002166748046875,0.0029959678649902344,0.0009992122650146484
33,0.3,0.5,optimal,7,14,5,1.3333333333333333,7,14,5,1.3333333333333333,7,24,0,3.6666666666666665,0.0,0.0010137557983398438,0.00099945068359375
34,0.3,0.5,optimal,7,14,4,1.3333333333333333,7,16,4,1.3333333333333333,7,20,0,2.3333333333333335,0.0,0.002004861831665039,0.0
35,0.3,0.5,optimal,7,13,5,1.0,7,14,5,1.0,7,23,0,3.0,0.0,0.0010001659393310547,0.0009927749633789062
36,0.3,0.5,optimal,7,17,4,1.6666666666666667,7,17,4,1.6666666666666667,7,22,0,3.0,0.0,0.0009984970092773438,0.0
37,0.3,0.5,optimal,7,16,5,1.3333333333333333,7,17,5,1.3333333333333333,7,21,2,2.3333333333333335,0.003000020980834961,0.003000020980834961,0.0010106563568115234
38,0.3,0.5,optimal,7,18,4,2.0,7,19,4,2.0,7,24,0,3.6666666666666665,0.0010013580322265625,0.0020034313201904297,0.0
39,0.3,0.5,optimal,7,14,4,1.0,7,15,4,1.0,7,20,1,2.3333333333333335,0.0,0.0009999275207519531,0.0009982585906982422
40,0.3,0.5,optimal,7,16,5,1.0,7,16,5,1.0,7,22,0,3.0,0.0,0.00099945068359375,0.0009999275207519531
41,0.3,0.5,optimal,7,15,5,1.3333333333333333,7,16,5,1.3333333333333333,7,22,0,3.3333333333333335,0.004435539245605469,0.0029993057250976562,0.0009989738464355469
42,0.3,0.5,optimal,7,14,5,1.0,7,15,5,1.0,7,21,0,2.6666666666666665,0.0009980201721191406,0.002002239227294922,0.0010037422180175781
43,0.3,0.5,optimal,7,13,4,1.0,7,16,4,1.0,7,20,0,2.0,0.0010004043579101562,0.0030059814453125,0.0009999275207519531
44,0.3,0.5,optimal,7,13,5,1.3333333333333333,7,14,5,1.3333333333333333,7,22,0,3.0,0.0019996166229248047,0.0019998550415039062,0.0
45,0.3,0.5,optimal,7,16,4,2.0,7,16,4,2.0,7,22,1,3.0,0.0,0.004534006118774414,0.0
46,0.3,0.5,optimal,7,14,5,1.3333333333333333,7,16,5,1.3333333333333333,7,25,0,4.0,0.0030143260955810547,0.0053615570068359375,0.0013599395751953125
47,0.3,0.5,optimal,7,16,5,1.0,7,16,5,1.0,7,23,0,3.3333333333333335,0.002084016799926758,0.0036115646362304688,0.0
48,0.3,0.5,optimal,7,15,5,1.3333333333333333,7,16,5,1.0,7,23,0,3.3333333333333335,0.0,0.0010001659393310547,0.0009999275207519531
49,0.3,0.5,optimal,7,16,5,1.6666666666666667,7,16,5,1.6666666666666667,7,23,0,3.6666666666666665,0.0009908676147460938,0.002013683319091797,0.0
50,0.3,0.5,optimal,7,13,5,1.3333333333333333,7,13,5,1.3333333333333333,7,23,0,3.3333333333333335,0.0,0.002009868621826172,0.001287221908569336
51,0.3,0.5,optimal,7,13,5,1.0,7,14,5,1.0,7,22,0,2.6666666666666665,0.0039997100830078125,0.0019927024841308594,0.0
52,0.3,0.5,optimal,7,12,5,0.6666666666666666,7,13,5,0.6666666666666666,7,21,0,3.0,0.003999471664428711,0.006321907043457031,0.0014317035675048828
53,0.3,0.5,optimal,7,18,5,1.6666666666666667,7,18,5,1.6666666666666667,7,24,0,3.3333333333333335,0.002003908157348633,0.0020093917846679688,0.0
54,0.3,0.5,optimal,7,15,5,1.3333333333333333,7,15,5,1.3333333333333333,7,23,0,3.0,0.0029981136322021484,0.005062580108642578,0.0
55,0.3,0.5,optimal,7,15,5,1.0,7,15,5,1.0,7,22,0,2.6666666666666665,0.0020639896392822266,0.0044803619384765625,0.0
56,0.3,0.5,optimal,7,14,5,1.0,7,15,5,1.0,7,22,0,2.6666666666666665,0.0009968280792236328,0.0030002593994140625,0.0
57,0.3,0.5,optimal,7,15,5,1.3333333333333333,7,16,5,1.0,7,22,0,2.6666666666666665,0.0009999275207519531,0.0009999275207519531,0.0009999275207519531
58,0.3,0.5,optimal,7,15,4,1.6666666666666667,7,17,4,1.3333333333333333,7,22,0,2.6666666666666665,0.0020322799682617188,0.003427267074584961,0.0010001659393310547
59,0.3,0.5,optimal,7,12,5,1.0,7,12,5,1.0,7,21,0,3.0,0.0009989738464355469,0.0009975433349609375,0.0
60,0.3,0.5,optimal,7,15,5,1.0,7,15,5,1.0,7,23,0,3.3333333333333335,0.0009987354278564453,0.0009984970092773438,0.0
61,0.3,0.5,optimal,7,16,5,1.6666666666666667,7,16,5,1.6666666666666667,7,22,0,3.3333333333333335,0.0030035972595214844,0.0043256282806396484,0.000997304916381836
62,0.3,0.5,optimal,7,17,5,1.6666666666666667,7,17,5,1.6666666666666667,7,25,0,3.6666666666666665,0.0,0.0009965896606445312,0.0
63,0.3,0.5,optimal,7,14,5,1.3333333333333333,7,16,5,1.0,7,22,0,3.3333333333333335,0.0029909610748291016,0.002008676528930664,0.0010039806365966797
64,0.3,0.5,optimal,7,13,5,1.3333333333333333,7,16,5,1.3333333333333333,7,23,0,3.6666666666666665,0.0029981136322021484,0.0030062198638916016,0.0009992122650146484
65,0.3,0.5,optimal,7,14,5,1.3333333333333333,7,16,5,1.3333333333333333,7,23,0,3.3333333333333335,0.003988027572631836,0.002991914749145508,0.0
66,0.3,0.5,optimal,7,14,3,1.6666666666666667,7,16,3,1.6666666666666667,7,21,0,2.3333333333333335,0.0,0.0030035972595214844,0.0009953975677490234
67,0.3,0.5,optimal,7,16,5,1.3333333333333333,7,16,5,1.3333333333333333,7,21,1,2.6666666666666665,0.0009968280792236328,0.0009999275207519531,0.0
68,0.3,0.5,optimal,7,14,5,1.0,7,14,5,1.0,7,22,0,2.6666666666666665,0.000993967056274414,0.00098419189453125,0.0009999275207519531
69,0.3,0.5,optimal,7,15,5,1.6666666666666667,7,16,5,1.6666666666666667,7,24,0,3.6666666666666665,0.002998828887939453,0.0010001659393310547,0.0009992122650146484
70,0.3,0.5,optimal,7,14,5,1.0,7,15,5,1.0,7,21,1,2.3333333333333335,0.0030040740966796875,0.0020072460174560547,0.0
71,0.3,0.5,optimal,7,14,5,1.3333333333333333,7,14,5,1.3333333333333333,7,21,0,3.6666666666666665,0.0030002593994140625,0.003004312515258789,0.0009980201721191406
72,0.3,0.5,optimal,7,14,5,1.3333333333333333,7,14,5,1.3333333333333333,7,23,0,3.0,0.0010094642639160156,0.001977205276489258,0.0013880729675292969
73,0.3,0.5,optimal,7,13,5,1.0,7,14,5,1.0,7,21,0,2.6666666666666665,0.0009970664978027344,0.0009999275207519531,0.0
74,0.3,0.5,optimal,7,17,5,1.6666666666666667,7,17,5,1.6666666666666667,7,22,0,3.3333333333333335,0.004008769989013672,0.0049991607666015625,0.0
75,0.3,0.5,optimal,7,14,5,1.3333333333333333,7,14,5,1.3333333333333333,7,25,0,3.6666666666666665,0.003001689910888672,0.0029997825622558594,0.0009999275207519531
76,0.3,0.5,optimal,7,17,5,1.6666666666666667,7,17,5,1.6666666666666667,7,23,0,3.6666666666666665,0.003999948501586914,0.0029973983764648438,0.0
77,0.3,0.5,optimal,7,14,5,0.6666666666666666,7,15,5,0.6666666666666666,7,20,2,2.3333333333333335,0.0,0.0,0.00099945068359375
78,0.3,0.5,optimal,7,12,5,1.0,7,14,5,1.0,7,21,0,2.3333333333333335,0.002975940704345703,0.004377603530883789,0.0009932518005371094
79,0.3,0.5,optimal,7,13,5,1.0,7,14,5,1.0,7,22,1,2.6666666666666665,0.004394054412841797,0.0019998550415039062,0.0010018348693847656
80,0.3,0.5,optimal,7,13,5,1.0,7,15,5,1.0,7,22,0,2.6666666666666665,0.004523038864135742,0.004535198211669922,0.001132965087890625
81,0.3,0.5,optimal,7,14,5,1.3333333333333333,7,14,5,1.3333333333333333,7,21,0,2.3333333333333335,0.0009992122650146484,0.0009980201721191406,0.0
82,0.3,0.5,optimal,7,15,5,1.0,7,15,5,1.0,7,21,0,2.6666666666666665,0.0029909610748291016,0.0019881725311279297,0.0009822845458984375
83,0.3,0.5,optimal,7,14,5,1.3333333333333333,7,14,5,1.3333333333333333,7,22,0,3.3333333333333335,0.0,0.0009984970092773438,0.0
84,0.3,0.5,optimal,7,14,5,1.3333333333333333,7,14,5,1.3333333333333333,7,21,1,2.6666666666666665,0.000993490219116211,0.0010001659393310547,0.0010051727294921875
85,0.3,0.5,optimal,7,15,5,1.3333333333333333,7,17,5,1.3333333333333333,7,23,0,3.0,0.0029866695404052734,0.0020155906677246094,0.0
86,0.3,0.5,optimal,7,15,4,1.6666666666666667,7,18,4,1.6666666666666667,7,22,0,2.6666666666666665,0.003997087478637695,0.002373933792114258,0.0009958744049072266
87,0.3,0.5,optimal,7,13,5,0.6666666666666666,7,14,5,0.6666666666666666,7,20,0,2.0,0.003522634506225586,0.002022266387939453,0.0
88,0.3,0.5,optimal,7,14,4,1.6666666666666667,7,17,4,1.6666666666666667,7,24,0,3.3333333333333335,0.0029778480529785156,0.0040035247802734375,0.0010182857513427734
89,0.3,0.5,optimal,7,16,4,1.3333333333333333,7,16,4,1.3333333333333333,7,22,0,2.6666666666666665,0.0009996891021728516,0.0029976367950439453,0.0
90,0.3,0.5,optimal,7,12,5,0.6666666666666666,7,14,5,0.6666666666666666,7,20,0,2.0,0.0010001659393310547,0.0,0.0
91,0.3,0.5,optimal,7,16,5,1.3333333333333333,7,17,5,1.3333333333333333,7,22,0,3.0,0.0030007362365722656,0.0022885799407958984,0.0
92,0.3,0.5,optimal,7,13,5,1.0,7,14,5,1.0,7,22,0,3.0,0.0010001659393310547,0.0029959678649902344,0.0010035037994384766
93,0.3,0.5,optimal,7,16,5,1.6666666666666667,7,16,5,1.6666666666666667,7,24,0,3.6666666666666665,0.0009999275207519531,0.0,0.0009982585906982422
94,0.3,0.5,optimal,7,17,4,2.0,7,18,4,2.0,7,22,1,3.0,0.003003358840942383,0.004141807556152344,0.0010094642639160156
95,0.3,0.5,optimal,7,14,5,1.0,7,14,5,1.0,7,24,1,3.3333333333333335,0.000997304916381836,0.0,0.000997781753540039
96,0.3,0.5,optimal,7,12,5,1.3333333333333333,7,15,5,1.3333333333333333,7,22,0,3.0,0.0029795169830322266,0.004592180252075195,0.0009784698486328125
97,0.3,0.5,optimal,7,13,5,1.0,7,13,5,1.0,7,20,0,2.3333333333333335,0.002979278564453125,0.004328489303588867,0.0010104179382324219
98,0.3,0.5,optimal,7,15,5,1.0,7,15,5,1.0,7,22,0,2.6666666666666665,0.004000663757324219,0.0034093856811523438,0.0012965202331542969
99,0.3,0.5,optimal,7,13,4,1.3333333333333333,7,16,4,1.3333333333333333,7,21,1,2.3333333333333335,0.0009999275207519531,0.0010001659393310547,0.0
0,0.3,0.7,optimal,7,17,5,1.3333333333333333,7,17,5,1.3333333333333333,7,23,0,3.0,0.0,0.0009987354278564453,0.0010001659393310547
1,0.3,0.7,optimal,7,15,5,1.0,7,15,5,1.0,7,23,0,3.0,0.0030002593994140625,0.001997709274291992,0.0010042190551757812
2,0.3,0.7,optimal,7,11,5,0.6666666666666666,7,12,5,0.6666666666666666,7,20,0,2.0,0.00099945068359375,0.0010151863098144531,0.0009779930114746094
3,0.3,0.7,optimal,7,14,5,1.3333333333333333,7,14,5,1.3333333333333333,7,24,0,3.6666666666666665,0.0009975433349609375,0.0009875297546386719,0.0
4,0.3,0.7,optimal,7,16,5,1.3333333333333333,7,17,5,1.3333333333333333,7,23,0,3.0,0.005064249038696289,0.004998445510864258,0.0
5,0.3,0.7,optimal,7,16,4,1.3333333333333333,7,18,4,1.3333333333333333,7,23,0,3.0,0.0009999275207519531,0.0010001659393310547,0.0
6,0.3,0.7,optimal,7,16,5,1.3333333333333333,7,16,5,1.3333333333333333,7,23,0,3.3333333333333335,0.0010030269622802734,0.0009970664978027344,0.0009953975677490234
7,0.3,0.7,optimal,7,15,5,1.3333333333333333,7,16,5,1.3333333333333333,7,24,0,3.3333333333333335,0.0029883384704589844,0.002307891845703125,0.0010128021240234375
8,0.3,0.7,optimal,7,11,5,0.6666666666666666,7,13,5,0.6666666666666666,7,22,0,2.6666666666666665,0.0,0.0009996891021728516,0.0
9,0.3,0.7,optimal,7,14,5,1.3333333333333333,7,15,5,1.0,7,23,0,3.0,0.0030176639556884766,0.002999544143676758,0.0
10,0.3,0.7,optimal,7,17,4,1.3333333333333333,7,18,4,1.3333333333333333,7,21,0,2.3333333333333335,0.0009958744049072266,0.001001596450805664,0.0009965896606445312
11,0.3,0.7,optimal,7,18,4,1.6666666666666667,7,18,4,1.6666666666666667,7,22,0,3.0,0.003004789352416992,0.0019884109497070312,0.0009875297546386719
12,0.3,0.7,optimal,7,13,5,0.6666666666666666,7,14,5,0.6666666666666666,7,20,0,2.3333333333333335,0.000997304916381836,0.0030052661895751953,0.0
13,0.3,0.7,optimal,7,16,4,1.3333333333333333,7,16,4,1.3333333333333333,7,23,0,3.0,0.0,0.0019998550415039062,0.001001596450805664
14,0.3,0.7,optimal,7,15,5,1.3333333333333333,7,17,5,1.3333333333333333,7,23,0,3.0,0.003986835479736328,0.003000497817993164,0.0009965896606445312
15,0.3,0.7,optimal,7,18,4,1.6666666666666667,7,18,4,1.6666666666666667,7,22,0,3.0,0.0,0.0009999275207519531,0.0
16,0.3,0.7,optimal,7,15,5,1.3333333333333333,7,15,5,1.3333333333333333,7,23,0,3.3333333333333335,0.0,0.0,0.0010001659393310547
17,0.3,0.7,optimal,7,12,5,0.6666666666666666,7,13,5,0.6666666666666666,7,21,0,2.3333333333333335,0.0,0.0009949207305908203,0.0
18,0.3,0.7,optimal,7,16,5,1.0,7,16,5,1.0,7,21,0,2.6666666666666665,0.0007917881011962891,0.0,0.0
19,0.3,0.7,optimal,7,14,5,1.0,7,16,5,0.6666666666666666,7,21,0,2.6666666666666665,0.0009999275207519531,0.0010001659393310547,0.0
20,0.3,0.7,optimal,7,15,5,1.0,7,17,5,1.0,7,24,0,3.3333333333333335,0.0010023117065429688,0.002001047134399414,0.0009930133819580078
21,0.3,0.7,optimal,7,15,5,1.3333333333333333,7,15,5,1.3333333333333333,7,23,0,3.3333333333333335,0.0,0.0009961128234863281,0.0
22,0.3,0.7,optimal,7,15,4,1.0,7,15,4,1.0,7,21,0,2.3333333333333335,0.0,0.0009999275207519531,0.0
23,0.3,0.7,optimal,7,14,5,1.0,7,16,5,1.0,7,22,0,3.0,0.0,0.0030002593994140625,0.0
24,0.3,0.7,optimal,7,18,4,1.3333333333333333,7,18,4,1.3333333333333333,7,23,0,3.3333333333333335,0.0,0.0020017623901367188,0.0
25,0.3,0.7,optimal,7,12,5,0.6666666666666666,7,13,5,0.6666666666666666,7,22,0,2.6666666666666665,0.0009999275207519531,0.0009996891021728516,0.0010001659393310547
26,0.3,0.7,optimal,7,14,5,1.3333333333333333,7,17,5,1.3333333333333333,7,23,0,3.0,0.003004789352416992,0.0010006427764892578,0.0010001659393310547
27,0.3,0.7,optimal,7,13,5,1.0,7,14,5,1.0,7,25,0,3.6666666666666665,0.0010001659393310547,0.001003265380859375,0.0
28,0.3,0.7,optimal,7,15,5,1.6666666666666667,7,17,5,1.6666666666666667,7,25,0,3.6666666666666665,0.0029783248901367188,0.0030221939086914062,0.0009996891021728516
29,0.3,0.7,optimal,7,15,5,1.0,7,16,5,1.0,7,22,0,2.6666666666666665,0.0,0.0020003318786621094,0.0010344982147216797
30,0.3,0.7,optimal,7,14,5,1.3333333333333333,7,15,5,1.3333333333333333,7,23,0,3.3333333333333335,0.0030002593994140625,0.0019979476928710938,0.00099945068359375
31,0.3,0.7,optimal,7,18,5,1.6666666666666667,7,18,5,1.6666666666666667,7,26,0,4.0,0.0009999275207519531,0.0,0.0
32,0.3,0.7,optimal,7,14,5,1.3333333333333333,7,15,5,1.3333333333333333,7,23,0,3.0,0.0029802322387695312,0.003001689910888672,0.0009953975677490234
33,0.3,0.7,optimal,7,15,5,1.3333333333333333,7,15,5,1.3333333333333333,7,24,0,3.6666666666666665,0.0010001659393310547,0.0010004043579101562,0.0
34,0.3,0.7,optimal,7,14,4,1.3333333333333333,7,16,4,1.3333333333333333,7,20,0,2.3333333333333335,0.0009999275207519531,0.0019998550415039062,0.0
35,0.3,0.7,optimal,7,15,5,1.0,7,16,5,1.0,7,23,0,3.0,0.0009982585906982422,0.0009984970092773438,0.0
36,0.3,0.7,optimal,7,18,4,1.6666666666666667,7,18,4,1.6666666666666667,7,22,0,3.0,0.0,0.000997304916381836,0.0
37,0.3,0.7,optimal,7,18,5,1.3333333333333333,7,18,5,1.3333333333333333,7,23,1,3.0,0.0030012130737304688,0.003004789352416992,0.0009963512420654297
38,0.3,0.7,optimal,7,19,4,2.0,7,20,4,2.0,7,25,0,3.6666666666666665,0.0019953250885009766,0.002001047134399414,0.000995635986328125
39,0.3,0.7,optimal,7,15,4,1.0,7,15,4,1.0,7,21,0,2.6666666666666665,0.0,0.0009963512420654297,0.0010001659393310547
40,0.3,0.7,optimal,7,16,5,1.0,7,16,5,1.0,7,23,0,3.0,0.0010004043579101562,0.0010118484497070312,0.001302480697631836
41,0.3,0.7,optimal,7,15,5,1.3333333333333333,7,17,5,1.3333333333333333,7,24,0,3.3333333333333335,0.004378080368041992,0.0032286643981933594,0.0
42,0.3,0.7,optimal,7,14,5,1.0,7,16,5,1.0,7,22,0,2.6666666666666665,0.0009984970092773438,0.002084493637084961,0.0009999275207519531
43,0.3,0.7,optimal,7,15,4,1.0,7,17,4,1.0,7,20,1,2.0,0.0,0.0009999275207519531,0.0010042190551757812
44,0.3,0.7,optimal,7,17,5,1.3333333333333333,7,18,5,1.3333333333333333,7,23,0,3.0,0.002000093460083008,0.002000570297241211,0.0
45,0.3,0.7,optimal,7,18,4,2.0,7,18,4,2.0,7,23,1,3.0,0.0010616779327392578,0.0011439323425292969,0.0010263919830322266
46,0.3,0.7,optimal,7,17,5,1.3333333333333333,7,17,5,1.3333333333333333,7,25,0,4.0,0.0030205249786376953,0.0055027008056640625,0.0010001659393310547
47,0.3,0.7,optimal,7,16,5,1.0,7,16,5,1.0,7,24,0,3.3333333333333335,0.0020487308502197266,0.001369476318359375,0.0030035972595214844
48,0.3,0.7,optimal,7,16,5,1.3333333333333333,7,16,5,1.3333333333333333,7,24,0,3.3333333333333335,0.0010001659393310547,0.0,0.0009961128234863281
49,0.3,0.7,optimal,7,17,5,1.6666666666666667,7,17,5,1.6666666666666667,7,23,0,3.6666666666666665,0.0009922981262207031,0.002650022506713867,0.0005095005035400391
50,0.3,0.7,optimal,7,15,5,1.3333333333333333,7,15,5,1.3333333333333333,7,24,0,3.3333333333333335,0.0010666847229003906,0.0010695457458496094,0.0009961128234863281
51,0.3,0.7,optimal,7,15,5,1.0,7,15,5,1.0,7,22,0,2.6666666666666665,0.002997875213623047,0.006635904312133789,0.0013034343719482422
52,0.3,0.7,optimal,7,14,5,0.6666666666666666,7,14,5,0.6666666666666666,7,21,0,2.6666666666666665,0.0030066967010498047,0.008996009826660156,0.0009984970092773438
53,0.3,0.7,optimal,7,18,5,1.6666666666666667,7,19,5,1.6666666666666667,7,25,0,3.6666666666666665,0.0035135746002197266,0.000997304916381836,0.0009996891021728516
54,0.3,0.7,optimal,7,16,5,1.3333333333333333,7,16,5,1.3333333333333333,7,23,0,3.0,0.0030002593994140625,0.00500035285949707,0.000997781753540039
55,0.3,0.7,optimal,7,15,5,1.0,7,15,5,1.0,7,23,0,3.0,0.0012488365173339844,0.003042459487915039,0.0009951591491699219
56,0.3,0.7,optimal,7,16,5,1.0,7,16,5,1.0,7,23,0,3.0,0.0019998550415039062,0.0030088424682617188,0.000988006591796875
57,0.3,0.7,optimal,7,15,5,1.3333333333333333,7,16,5,1.0,7,22,0,2.6666666666666665,0.0009999275207519531,0.0020051002502441406,0.0
58,0.3,0.7,optimal,7,16,4,1.6666666666666667,7,18,4,1.3333333333333333,7,23,0,3.0,0.0019998550415039062,0.0010001659393310547,0.0009999275207519531
59,0.3,0.7,optimal,7,14,5,1.0,7,14,5,1.0,7,23,0,3.0,0.0010008811950683594,0.0010004043579101562,0.00099945068359375
60,0.3,0.7,optimal,7,16,5,1.0,7,16,5,1.0,7,24,0,3.3333333333333335,0.0009989738464355469,0.0009996891021728516,0.0
61,0.3,0.7,optimal,7,18,5,1.6666666666666667,7,18,5,1.6666666666666667,7,23,0,3.3333333333333335,0.003981351852416992,0.0030019283294677734,0.0
62,0.3,0.7,optimal,7,18,5,1.6666666666666667,7,19,5,1.6666666666666667,7,25,0,3.6666666666666665,0.0010006427764892578,0.0,0.0009982585906982422
63,0.3,0.7,optimal,7,16,5,1.3333333333333333,7,18,5,1.3333333333333333,7,24,0,3.3333333333333335,0.0030121803283691406,0.002000093460083008,0.0
64,0.3,0.7,optimal,7,14,5,1.3333333333333333,7,17,5,1.3333333333333333,7,24,0,3.6666666666666665,0.003000020980834961,0.001996755599975586,0.000997304916381836
65,0.3,0.7,optimal,7,17,5,1.3333333333333333,7,18,5,1.3333333333333333,7,23,0,3.3333333333333335,0.0029878616333007812,0.00099945068359375,0.0010027885437011719
66,0.3,0.7,optimal,7,16,3,1.6666666666666667,7,17,3,1.6666666666666667,7,21,0,2.3333333333333335,0.0010001659393310547,0.003999948501586914,0.0
67,0.3,0.7,optimal,7,17,5,1.3333333333333333,7,17,5,1.3333333333333333,7,22,0,2.6666666666666665,0.0,0.0010154247283935547,0.0009961128234863281
68,0.3,0.7,optimal,7,14,5,1.0,7,14,5,1.0,7,23,0,3.0,0.0009953975677490234,0.0,0.0013566017150878906
69,0.3,0.7,optimal,7,18,5,1.6666666666666667,7,18,5,1.6666666666666667,7,25,0,4.0,0.004004240036010742,0.0010323524475097656,0.0009944438934326172
70,0.3,0.7,optimal,7,16,5,1.0,7,17,5,1.0,7,21,0,2.3333333333333335,0.0028839111328125,0.003539562225341797,0.001013040542602539
71,0.3,0.7,optimal,7,17,5,1.3333333333333333,7,17,5,1.3333333333333333,7,24,0,3.6666666666666665,0.0030088424682617188,0.0009982585906982422,0.001003265380859375
72,0.3,0.7,optimal,7,15,5,1.3333333333333333,7,15,5,1.3333333333333333,7,24,0,3.3333333333333335,0.0,0.0010037422180175781,0.0
73,0.3,0.7,optimal,7,15,5,1.0,7,15,5,1.0,7,21,0,2.6666666666666665,0.0009989738464355469,0.002063751220703125,0.0
74,0.3,0.7,optimal,7,18,5,1.6666666666666667,7,18,5,1.6666666666666667,7,23,0,3.3333333333333335,0.002983570098876953,0.0020291805267333984,0.0
75,0.3,0.7,optimal,7,17,5,1.3333333333333333,7,17,5,1.3333333333333333,7,25,0,3.6666666666666665,0.0030050277709960938,0.0019979476928710938,0.0009980201721191406
76,0.3,0.7,optimal,7,18,5,1.6666666666666667,7,18,5,1.6666666666666667,7,24,0,3.6666666666666665,0.004187822341918945,0.0020334720611572266,0.0
77,0.3,0.7,optimal,7,14,5,0.6666666666666666,7,15,5,0.6666666666666666,7,21,0,2.3333333333333335,0.0,0.00099945068359375,0.0
78,0.3,0.7,optimal,7,15,5,1.0,7,15,5,1.0,7,22,0,2.6666666666666665,0.002998828887939453,0.003629446029663086,0.0010042190551757812
79,0.3,0.7,optimal,7,14,5,1.0,7,14,5,1.0,7,23,0,3.0,0.002997875213623047,0.0020296573638916016,0.003028392791748047
80,0.3,0.7,optimal,7,13,5,1.0,7,16,5,1.0,7,23,0,3.0,0.003979921340942383,0.003001689910888672,0.0
81,0.3,0.7,optimal,7,17,5,1.3333333333333333,7,17,5,1.3333333333333333,7,22,0,3.0,0.0009961128234863281,0.0009987354278564453,0.0
82,0.3,0.7,optimal,7,17,5,1.0,7,17,5,1.0,7,22,0,2.6666666666666665,0.0029997825622558594,0.0010008811950683594,0.0009999275207519531
83,0.3,0.7,optimal,7,17,5,1.3333333333333333,7,17,5,1.3333333333333333,7,24,0,3.3333333333333335,0.0009937286376953125,0.0009968280792236328,0.001001119613647461
84,0.3,0.7,optimal,7,14,5,1.3333333333333333,7,15,5,1.0,7,22,0,3.0,0.0,0.0010001659393310547,0.0
85,0.3,0.7,optimal,7,16,5,1.3333333333333333,7,17,5,1.3333333333333333,7,24,0,3.3333333333333335,0.00400543212890625,0.002997159957885742,0.000995635986328125
86,0.3,0.7,optimal,7,17,4,1.6666666666666667,7,19,4,1.6666666666666667,7,22,0,2.6666666666666665,0.0030372142791748047,0.0030002593994140625,0.0
87,0.3,0.7,optimal,7,14,5,0.6666666666666666,7,15,5,0.6666666666666666,7,21,0,2.3333333333333335,0.002002716064453125,0.0029909610748291016,0.0010008811950683594
88,0.3,0.7,optimal,7,17,4,1.6666666666666667,7,18,4,1.6666666666666667,7,24,0,3.3333333333333335,0.003981590270996094,0.0030019283294677734,0.000993967056274414
89,0.3,0.7,optimal,7,17,4,1.3333333333333333,7,17,4,1.3333333333333333,7,22,0,2.6666666666666665,0.0,0.002995014190673828,0.000995635986328125
90,0.3,0.7,optimal,7,13,5,0.6666666666666666,7,15,5,0.6666666666666666,7,21,0,2.3333333333333335,0.0010142326354980469,0.0,0.0009951591491699219
91,0.3,0.7,optimal,7,17,5,1.3333333333333333,7,18,5,1.3333333333333333,7,24,0,3.3333333333333335,0.0030002593994140625,0.002042055130004883,0.0
92,0.3,0.7,optimal,7,15,5,1.0,7,15,5,1.0,7,23,0,3.0,0.0009980201721191406,0.0009989738464355469,0.0009932518005371094
93,0.3,0.7,optimal,7,17,5,1.6666666666666667,7,17,5,1.6666666666666667,7,25,0,3.6666666666666665,0.0,0.0009984970092773438,0.0
94,0.3,0.7,optimal,7,19,4,2.0,7,20,4,2.0,7,24,0,3.3333333333333335,0.00501251220703125,0.0030095577239990234,0.0
95,0.3,0.7,optimal,7,15,5,1.0,7,15,5,1.0,7,25,0,3.6666666666666665,0.0,0.0,0.0010001659393310547
96,0.3,0.7,optimal,7,16,5,1.3333333333333333,7,17,5,1.3333333333333333,7,23,0,3.0,0.003003358840942383,0.004004478454589844,0.0009980201721191406
97,0.3,0.7,optimal,7,13,5,1.0,7,13,5,1.0,7,22,0,2.6666666666666665,0.002994060516357422,0.004077911376953125,0.0
98,0.3,0.7,optimal,7,15,5,1.0,7,15,5,1.0,7,22,0,2.6666666666666665,0.003997087478637695,0.005002498626708984,0.0019996166229248047
99,0.3,0.7,optimal,7,15,4,1.3333333333333333,7,18,4,1.3333333333333333,7,21,1,2.3333333333333335,0.0,0.0009982585906982422,0.0
0,0.45,0.3,optimal,7,14,5,1.3333333333333333,7,15,5,1.0,7,21,0,3.0,0.009574174880981445,0.0035283565521240234,0.0009946823120117188
1,0.45,0.3,optimal,7,12,5,1.3333333333333333,7,15,5,1.3333333333333333,7,22,0,3.3333333333333335,0.0035250186920166016,0.002003908157348633,0.0009999275207519531
2,0.45,0.3,optimal,7,10,5,0.6666666666666666,7,11,5,0.6666666666666666,7,18,0,1.3333333333333333,0.00099945068359375,0.0009996891021728516,0.0
3,0.45,0.3,optimal,7,16,5,1.6666666666666667,7,17,5,1.6666666666666667,7,24,0,3.6666666666666665,0.004087686538696289,0.0019998550415039062,0.0009970664978027344
4,0.45,0.3,optimal,7,13,5,1.3333333333333333,7,14,5,1.3333333333333333,7,21,0,3.0,0.004023075103759766,0.0030374526977539062,0.002998828887939453
5,0.45,0.3,optimal,7,12,5,1.3333333333333333,7,13,5,1.3333333333333333,7,22,0,3.0,0.0020003318786621094,0.004009723663330078,0.0011513233184814453
6,0.45,0.3,optimal,7,13,5,1.3333333333333333,7,15,5,1.3333333333333333,7,22,0,3.3333333333333335,0.003002643585205078,0.005350351333618164,0.001024007797241211
7,0.45,0.3,optimal,7,12,5,1.3333333333333333,7,15,5,1.3333333333333333,7,23,0,3.6666666666666665,0.004369258880615234,0.003001689910888672,0.0006520748138427734
8,0.45,0.3,optimal,7,11,5,1.0,7,12,5,1.0,7,21,0,2.6666666666666665,0.002999544143676758,0.0043256282806396484,0.0011856555938720703
9,0.45,0.3,optimal,7,12,5,1.3333333333333333,7,12,5,1.3333333333333333,7,20,0,3.0,0.0040891170501708984,0.001992464065551758,0.0010013580322265625
10,0.45,0.3,optimal,7,12,5,1.0,7,16,5,1.0,7,19,1,2.0,0.0030066967010498047,0.004003763198852539,0.0013117790222167969
11,0.45,0.3,optimal,7,15,5,1.3333333333333333,7,16,5,1.0,7,21,1,2.6666666666666665,0.0030062198638916016,0.0034637451171875,0.0010020732879638672
12,0.45,0.3,optimal,7,13,5,1.3333333333333333,7,15,5,1.0,7,22,0,2.6666666666666665,0.003584623336791992,0.0020020008087158203,0.0
13,0.45,0.3,optimal,7,11,5,1.0,7,15,5,1.0,7,21,1,2.6666666666666665,0.0038208961486816406,0.0030062198638916016,0.0
14,0.45,0.3,optimal,7,14,5,1.3333333333333333,7,15,5,1.3333333333333333,7,23,0,3.0,0.004396677017211914,0.004173994064331055,0.0035164356231689453
15,0.45,0.3,optimal,7,14,5,1.3333333333333333,7,14,5,1.3333333333333333,7,22,0,3.0,0.002995014190673828,0.005008220672607422,0.0
16,0.45,0.3,optimal,7,11,5,1.3333333333333333,7,14,5,1.3333333333333333,7,22,0,3.3333333333333335,0.003000497817993164,0.004033088684082031,0.007214546203613281
17,0.45,0.3,optimal,7,12,5,1.0,7,15,5,1.0,7,21,1,2.3333333333333335,0.004000186920166016,0.003543853759765625,0.0014684200286865234
18,0.45,0.3,optimal,7,11,5,0.6666666666666666,7,12,5,0.6666666666666666,7,21,0,2.6666666666666665,0.0009982585906982422,0.001004934310913086,0.0010004043579101562
19,0.45,0.3,optimal,7,12,5,1.3333333333333333,7,15,5,1.0,7,20,0,3.0,0.0009984970092773438,0.0030035972595214844,0.0
20,0.45,0.3,optimal,7,14,5,1.6666666666666667,7,15,5,1.6666666666666667,7,23,0,3.3333333333333335,0.003000020980834961,0.004412412643432617,0.000514984130859375
21,0.45,0.3,optimal,7,14,5,1.3333333333333333,7,14,5,1.3333333333333333,7,22,0,3.0,0.0032210350036621094,0.00299835205078125,0.0010075569152832031
22,0.45,0.3,optimal,7,12,5,0.6666666666666666,7,13,5,0.6666666666666666,7,21,0,2.3333333333333335,0.002997875213623047,0.0030007362365722656,0.0015726089477539062
23,0.45,0.3,optimal,7,12,5,1.3333333333333333,7,14,5,1.0,7,21,0,3.0,0.003985404968261719,0.0044248104095458984,0.0010161399841308594
24,0.45,0.3,optimal,7,16,5,1.3333333333333333,7,17,5,1.3333333333333333,7,23,1,3.0,0.0030002593994140625,0.004072904586791992,0.0009942054748535156
25,0.45,0.3,optimal,7,11,5,1.0,7,13,5,1.0,7,21,0,2.6666666666666665,0.0039997100830078125,0.004506349563598633,0.0009963512420654297
26,0.45,0.3,optimal,7,11,5,1.3333333333333333,7,12,5,1.3333333333333333,7,21,0,2.3333333333333335,0.0039958953857421875,0.0039997100830078125,0.000995635986328125
27,0.45,0.3,optimal,7,13,5,1.3333333333333333,7,14,5,1.0,7,23,0,3.3333333333333335,0.002999544143676758,0.002000093460083008,0.0010116100311279297
28,0.45,0.3,optimal,7,13,5,1.6666666666666667,7,16,5,1.6666666666666667,7,24,0,3.3333333333333335,0.0029878616333007812,0.003627777099609375,0.001010894775390625
29,0.45,0.3,optimal,7,12,5,1.0,7,15,5,1.0,7,21,0,2.6666666666666665,0.003000974655151367,0.005026817321777344,0.0010116100311279297
30,0.45,0.3,optimal,7,12,5,1.3333333333333333,7,15,5,1.3333333333333333,7,24,0,3.6666666666666665,0.003002166748046875,0.003005504608154297,0.0013799667358398438
31,0.45,0.3,optimal,7,14,5,1.6666666666666667,7,14,5,1.6666666666666667,7,23,0,3.6666666666666665,0.003999471664428711,0.003457784652709961,0.0009999275207519531
32,0.45,0.3,optimal,7,12,5,1.3333333333333333,7,13,5,1.3333333333333333,7,20,0,2.6666666666666665,0.00974726676940918,0.005996227264404297,0.0020024776458740234
33,0.45,0.3,optimal,7,14,5,1.6666666666666667,7,15,5,1.6666666666666667,7,25,0,3.6666666666666665,0.016987085342407227,0.006406545639038086,0.0009965896606445312
34,0.45,0.3,optimal,7,11,5,1.0,7,12,5,1.0,7,20,0,2.0,0.0010001659393310547,0.004009246826171875,0.000995635986328125
35,0.45,0.3,optimal,7,12,5,1.3333333333333333,7,14,5,1.3333333333333333,7,24,0,3.6666666666666665,0.004641056060791016,0.004248380661010742,0.002865314483642578
36,0.45,0.3,optimal,7,13,5,1.3333333333333333,7,16,5,1.3333333333333333,7,22,0,3.0,0.002997875213623047,0.0041997432708740234,0.0019981861114501953
37,0.45,0.3,optimal,7,16,5,1.3333333333333333,7,17,5,1.3333333333333333,7,20,0,3.0,0.004001617431640625,0.004006147384643555,0.0
38,0.45,0.3,optimal,7,11,5,1.3333333333333333,7,15,5,1.3333333333333333,7,24,0,3.3333333333333335,0.0034105777740478516,0.0031347274780273438,0.0009927749633789062
39,0.45,0.3,optimal,7,11,5,0.6666666666666666,7,13,5,0.6666666666666666,7,21,0,2.6666666666666665,0.0,0.0009999275207519531,0.0010004043579101562
40,0.45,0.3,optimal,7,15,5,1.3333333333333333,7,16,5,1.3333333333333333,7,23,0,3.0,0.004059314727783203,0.00443267822265625,0.0009925365447998047
41,0.45,0.3,optimal,7,14,5,1.3333333333333333,7,15,5,1.3333333333333333,7,23,0,3.3333333333333335,0.004111051559448242,0.005109310150146484,0.0030088424682617188
42,0.45,0.3,optimal,7,13,5,1.0,7,14,5,1.0,7,20,0,2.6666666666666665,0.002000570297241211,0.0040552616119384766,0.0
43,0.45,0.3,optimal,7,10,5,1.0,7,13,5,1.0,7,21,0,2.6666666666666665,0.0030002593994140625,0.007001638412475586,0.002005338668823242
44,0.45,0.3,optimal,7,14,5,1.3333333333333333,7,15,5,1.3333333333333333,7,23,0,3.6666666666666665,0.003000020980834961,0.003996372222900391,0.0009999275207519531
45,0.45,0.3,optimal,7,12,5,1.3333333333333333,7,15,5,1.3333333333333333,7,23,0,3.3333333333333335,0.0035135746002197266,0.0030035972595214844,0.0029990673065185547
46,0.45,0.3,optimal,7,12,5,1.3333333333333333,7,16,5,1.3333333333333333,7,22,0,3.3333333333333335,0.0019986629486083984,0.00400543212890625,0.0010063648223876953
47,0.45,0.3,optimal,7,14,5,1.3333333333333333,7,15,5,1.3333333333333333,7,24,0,3.3333333333333335,0.0030019283294677734,0.00400090217590332,0.0009953975677490234
48,0.45,0.3,optimal,7,17,4,2.0,7,18,4,1.6666666666666667,7,24,0,3.3333333333333335,0.004000186920166016,0.0020003318786621094,0.0009999275207519531
49,0.45,0.3,optimal,7,14,5,1.6666666666666667,7,16,5,1.6666666666666667,7,24,0,3.6666666666666665,0.004041433334350586,0.004259586334228516,0.0
50,0.45,0.3,optimal,7,14,5,1.3333333333333333,7,14,5,1.3333333333333333,7,24,0,4.0,0.004007816314697266,0.0019922256469726562,0.0009999275207519531
51,0.45,0.3,optimal,7,10,5,1.0,7,12,5,1.0,7,19,1,2.3333333333333335,0.0030002593994140625,0.0049893856048583984,0.0009870529174804688
52,0.45,0.3,optimal,7,13,5,1.0,7,14,5,1.0,7,20,1,3.0,0.005272865295410156,0.0030057430267333984,0.0024209022521972656
53,0.45,0.3,optimal,7,15,5,1.6666666666666667,7,17,5,1.6666666666666667,7,22,0,4.0,0.004000663757324219,0.006540060043334961,0.0029871463775634766
54,0.45,0.3,optimal,7,11,5,1.3333333333333333,7,15,5,1.3333333333333333,7,21,0,2.6666666666666665,0.0039937496185302734,0.004146099090576172,0.0011992454528808594
55,0.45,0.3,optimal,7,14,5,1.3333333333333333,7,15,5,1.3333333333333333,7,22,0,3.0,0.004999399185180664,0.0045239925384521484,0.0009992122650146484
56,0.45,0.3,optimal,7,15,5,1.0,7,15,5,1.0,7,22,0,3.0,0.0051975250244140625,0.004001140594482422,0.0010237693786621094
57,0.45,0.3,optimal,7,12,5,1.3333333333333333,7,15,5,1.3333333333333333,7,21,1,2.6666666666666665,0.003996610641479492,0.003983259201049805,0.0010085105895996094
58,0.45,0.3,optimal,7,11,5,1.3333333333333333,7,14,5,1.3333333333333333,7,20,0,2.3333333333333335,0.006005525588989258,0.005086183547973633,0.0009999275207519531
59,0.45,0.3,optimal,7,15,5,1.3333333333333333,7,16,5,1.3333333333333333,7,21,0,2.3333333333333335,0.003432035446166992,0.0030655860900878906,0.0030846595764160156
60,0.45,0.3,optimal,7,14,5,1.6666666666666667,7,15,5,1.6666666666666667,7,23,0,3.3333333333333335,0.004354000091552734,0.0030062198638916016,0.0010001659393310547
61,0.45,0.3,optimal,7,14,5,1.6666666666666667,7,15,5,1.6666666666666667,7,21,1,3.0,0.004375934600830078,0.003504514694213867,0.0010006427764892578
62,0.45,0.3,optimal,7,15,5,1.6666666666666667,7,15,5,1.6666666666666667,7,23,0,3.6666666666666665,0.0040111541748046875,0.003994941711425781,0.0
63,0.45,0.3,optimal,7,14,5,1.3333333333333333,7,16,5,1.3333333333333333,7,24,0,3.3333333333333335,0.004009723663330078,0.0040035247802734375,0.004537820816040039
64,0.45,0.3,optimal,7,12,5,1.3333333333333333,7,15,5,1.3333333333333333,7,21,0,3.0,0.004645824432373047,0.0035195350646972656,0.0009987354278564453
65,0.45,0.3,optimal,7,13,5,1.3333333333333333,7,14,5,1.3333333333333333,7,22,0,3.0,0.004623889923095703,0.005576372146606445,0.0010325908660888672
66,0.45,0.3,optimal,7,10,5,1.0,7,11,5,1.0,7,20,0,2.0,0.0009996891021728516,0.0010025501251220703,0.0010027885437011719
67,0.45,0.3,optimal,7,12,5,1.3333333333333333,7,16,5,1.0,7,21,1,3.0,0.00520777702331543,0.003757476806640625,0.001430511474609375
68,0.45,0.3,optimal,7,15,5,1.3333333333333333,7,15,5,1.3333333333333333,7,22,0,3.0,0.0010132789611816406,0.004011392593383789,0.0010039806365966797
69,0.45,0.3,optimal,7,13,5,1.6666666666666667,7,15,5,1.6666666666666667,7,25,0,4.333333333333333,0.004999876022338867,0.004016399383544922,0.001007080078125
70,0.45,0.3,optimal,7,13,5,1.0,7,15,5,1.0,7,22,0,2.6666666666666665,0.004002094268798828,0.004000425338745117,0.0009982585906982422
71,0.45,0.3,optimal,7,15,5,1.6666666666666667,7,17,5,1.6666666666666667,7,21,0,3.3333333333333335,0.003997087478637695,0.007611513137817383,0.0020127296447753906
72,0.45,0.3,optimal,7,11,5,1.0,7,11,5,1.0,7,23,0,3.3333333333333335,0.003000497817993164,0.00588226318359375,0.001409769058227539
73,0.45,0.3,optimal,7,12,5,1.0,7,13,5,1.0,7,20,0,2.6666666666666665,0.0044705867767333984,0.015993595123291016,0.005208492279052734
74,0.45,0.3,optimal,7,15,5,1.6666666666666667,7,18,5,1.6666666666666667,7,21,0,3.0,0.0035271644592285156,0.003740072250366211,0.0010080337524414062
75,0.45,0.3,optimal,7,13,5,1.3333333333333333,7,16,5,1.3333333333333333,7,25,0,3.6666666666666665,0.0058956146240234375,0.004999876022338867,0.0020072460174560547
76,0.45,0.3,optimal,7,16,5,1.6666666666666667,7,17,5,1.6666666666666667,7,23,0,3.6666666666666665,0.006895542144775391,0.005002260208129883,0.0010058879852294922
77,0.45,0.3,optimal,7,13,4,1.6666666666666667,7,15,4,1.6666666666666667,7,20,1,2.6666666666666665,0.00118255615234375,0.0009989738464355469,0.0010025501251220703
78,0.45,0.3,optimal,7,10,5,1.0,7,14,5,1.0,7,21,0,2.6666666666666665,0.0040013790130615234,0.0030629634857177734,0.0010018348693847656
79,0.45,0.3,optimal,7,15,5,1.3333333333333333,7,18,5,1.3333333333333333,7,24,0,3.3333333333333335,0.0035369396209716797,0.004520893096923828,0.007278919219970703
80,0.45,0.3,optimal,7,13,5,1.3333333333333333,7,16,5,1.3333333333333333,7,22,1,2.6666666666666665,0.0026521682739257812,0.0040378570556640625,0.0012040138244628906
81,0.45,0.3,optimal,7,12,5,1.3333333333333333,7,13,5,1.3333333333333333,7,22,0,3.0,0.003469228744506836,0.007148027420043945,0.0020058155059814453
82,0.45,0.3,optimal,7,14,5,1.0,7,15,5,1.0,7,20,0,2.6666666666666665,0.002999544143676758,0.009890079498291016,0.004003047943115234
83,0.45,0.3,optimal,7,12,5,1.3333333333333333,7,14,5,1.3333333333333333,7,20,1,2.3333333333333335,0.0025734901428222656,0.004000425338745117,0.0
84,0.45,0.3,optimal,7,13,5,1.3333333333333333,7,14,5,1.3333333333333333,7,20,0,2.3333333333333335,0.005002021789550781,0.002521514892578125,0.0009982585906982422
85,0.45,0.3,optimal,7,15,5,1.3333333333333333,7,17,5,1.3333333333333333,7,23,0,3.6666666666666665,0.0035195350646972656,0.003566265106201172,0.0009906291961669922
86,0.45,0.3,optimal,7,16,5,1.3333333333333333,7,16,5,1.3333333333333333,7,22,1,2.6666666666666665,0.0035686492919921875,0.004883527755737305,0.0010154247283935547
87,0.45,0.3,optimal,7,12,5,0.6666666666666666,7,16,5,0.6666666666666666,7,20,0,2.0,0.002991199493408203,0.0030210018157958984,0.0015308856964111328
88,0.45,0.3,optimal,7,14,5,1.3333333333333333,7,15,5,1.3333333333333333,7,23,0,3.0,0.004008054733276367,0.005012035369873047,0.0015101432800292969
89,0.45,0.3,optimal,7,13,5,1.0,7,15,5,1.0,7,20,0,2.3333333333333335,0.00864100456237793,0.0030090808868408203,0.000997304916381836
90,0.45,0.3,optimal,7,12,5,0.6666666666666666,7,14,5,0.6666666666666666,7,19,0,2.3333333333333335,0.0030303001403808594,0.0045893192291259766,0.0026504993438720703
91,0.45,0.3,optimal,7,14,5,1.3333333333333333,7,16,5,1.3333333333333333,7,21,0,3.0,0.005109310150146484,0.004521608352661133,0.0014164447784423828
92,0.45,0.3,optimal,7,13,5,1.3333333333333333,7,16,5,1.3333333333333333,7,23,0,3.0,0.0035223960876464844,0.004010438919067383,0.006891012191772461
93,0.45,0.3,optimal,7,12,5,1.6666666666666667,7,16,5,1.6666666666666667,7,24,0,3.6666666666666665,0.004332304000854492,0.007172822952270508,0.004011869430541992
94,0.45,0.3,optimal,7,13,5,1.3333333333333333,7,16,5,1.3333333333333333,7,21,0,2.6666666666666665,0.003526449203491211,0.004175901412963867,0.0015079975128173828
95,0.45,0.3,optimal,7,13,4,2.0,7,18,4,1.6666666666666667,7,23,0,3.6666666666666665,0.004261970520019531,0.003006458282470703,0.0032918453216552734
96,0.45,0.3,optimal,7,15,5,1.3333333333333333,7,16,5,1.3333333333333333,7,21,0,3.0,0.0035247802734375,0.004034757614135742,0.0038788318634033203
97,0.45,0.3,optimal,7,11,5,1.0,7,13,5,1.0,7,20,0,2.0,0.0030040740966796875,0.005724191665649414,0.002211332321166992
98,0.45,0.3,optimal,7,11,5,1.0,7,13,5,1.0,7,20,0,2.6666666666666665,0.0030002593994140625,0.0030078887939453125,0.001356363296508789
99,0.45,0.3,optimal,7,13,5,1.0,7,13,5,1.0,7,22,0,2.6666666666666665,0.004532575607299805,0.006521463394165039,0.0011281967163085938
0,0.45,0.5,optimal,7,16,5,1.3333333333333333,7,16,5,1.3333333333333333,7,22,0,2.6666666666666665,0.006026744842529297,0.008220911026000977,0.0010142326354980469
1,0.45,0.5,optimal,7,13,5,1.3333333333333333,7,18,5,1.3333333333333333,7,23,1,3.0,0.0035142898559570312,0.0030040740966796875,0.0
2,0.45,0.5,optimal,7,12,5,0.6666666666666666,7,12,5,0.6666666666666666,7,20,0,2.0,0.0010347366333007812,0.003003358840942383,0.0013260841369628906
3,0.45,0.5,optimal,7,16,5,1.6666666666666667,7,17,5,1.6666666666666667,7,24,0,3.6666666666666665,0.00516819953918457,0.0025501251220703125,0.0
4,0.45,0.5,optimal,7,14,5,1.3333333333333333,7,16,5,1.3333333333333333,7,23,0,3.0,0.002989530563354492,0.0035562515258789062,0.003995656967163086
5,0.45,0.5,optimal,7,14,5,1.3333333333333333,7,16,5,1.3333333333333333,7,23,0,3.0,0.0029850006103515625,0.004024505615234375,0.004010200500488281
6,0.45,0.5,optimal,7,15,5,1.3333333333333333,7,17,5,1.3333333333333333,7,23,0,3.3333333333333335,0.005610466003417969,0.00400090217590332,0.0015442371368408203
7,0.45,0.5,optimal,7,16,5,1.3333333333333333,7,17,5,1.3333333333333333,7,24,0,3.6666666666666665,0.0075473785400390625,0.003540515899658203,0.0
8,0.45,0.5,optimal,7,14,5,1.0,7,14,5,1.0,7,22,0,2.6666666666666665,0.004221916198730469,0.004026174545288086,0.0010113716125488281
9,0.45,0.5,optimal,7,15,5,1.3333333333333333,7,15,5,1.3333333333333333,7,23,0,3.0,0.0040035247802734375,0.006625175476074219,0.0010111331939697266
10,0.45,0.5,optimal,7,14,5,1.0,7,16,5,1.0,7,22,0,2.6666666666666665,0.009137392044067383,0.009274482727050781,0.0027074813842773438
11,0.45,0.5,optimal,7,16,5,1.3333333333333333,7,17,5,1.3333333333333333,7,22,0,3.0,0.007193803787231445,0.016028404235839844,0.0015130043029785156
12,0.45,0.5,optimal,7,14,5,1.3333333333333333,7,16,5,1.3333333333333333,7,23,0,3.0,0.006002664566040039,0.029742002487182617,0.002329111099243164
13,0.45,0.5,optimal,7,12,5,1.0,7,15,5,1.0,7,23,0,3.0,0.0040090084075927734,0.004006862640380859,0.0014004707336425781
14,0.45,0.5,optimal,7,15,5,1.3333333333333333,7,17,5,1.3333333333333333,7,23,0,3.0,0.00482177734375,0.003874540328979492,0.0030002593994140625
15,0.45,0.5,optimal,7,16,5,1.3333333333333333,7,16,5,1.3333333333333333,7,22,0,3.0,0.0045511722564697266,0.006951808929443359,0.0019981861114501953
16,0.45,0.5,optimal,7,12,5,1.3333333333333333,7,16,5,1.3333333333333333,7,23,0,3.3333333333333335,0.005016803741455078,0.0053253173828125,0.00623774528503418
17,0.45,0.5,optimal,7,12,5,1.0,7,15,5,1.0,7,21,1,2.3333333333333335,0.0035333633422851562,0.003997802734375,0.0009987354278564453
18,0.45,0.5,optimal,7,14,5,0.6666666666666666,7,14,5,0.6666666666666666,7,22,0,2.6666666666666665,0.000997781753540039,0.0010154247283935547,0.0
19,0.45,0.5,optimal,7,12,5,1.3333333333333333,7,15,5,1.0,7,22,0,3.3333333333333335,0.003696918487548828,0.005644321441650391,0.0013890266418457031
20,0.45,0.5,optimal,7,14,5,1.6666666666666667,7,16,5,1.6666666666666667,7,24,0,3.3333333333333335,0.004024028778076172,0.006317853927612305,0.004011392593383789
21,0.45,0.5,optimal,7,16,5,1.3333333333333333,7,16,5,1.3333333333333333,7,24,0,3.3333333333333335,0.00432276725769043,0.004029035568237305,0.0009963512420654297
22,0.45,0.5,optimal,7,13,5,0.6666666666666666,7,14,5,0.6666666666666666,7,21,0,2.3333333333333335,0.0045588016510009766,0.0029981136322021484,0.0010249614715576172
23,0.45,0.5,optimal,7,14,5,1.3333333333333333,7,16,5,1.0,7,22,0,2.6666666666666665,0.003515958786010742,0.004006624221801758,0.0010006427764892578
24,0.45,0.5,optimal,7,17,5,1.3333333333333333,7,18,5,1.3333333333333333,7,24,0,3.3333333333333335,0.003998517990112305,0.0032825469970703125,0.0009996891021728516
25,0.45,0.5,optimal,7,13,5,1.0,7,15,5,1.0,7,21,0,2.6666666666666665,0.0045397281646728516,0.004625082015991211,0.0020105838775634766
26,0.45,0.5,optimal,7,12,5,1.3333333333333333,7,15,5,1.3333333333333333,7,22,1,2.6666666666666665,0.005229949951171875,0.0039844512939453125,0.0009970664978027344
27,0.45,0.5,optimal,7,13,5,1.3333333333333333,7,15,5,1.0,7,24,0,3.6666666666666665,0.003996849060058594,0.0030362606048583984,0.0030040740966796875
28,0.45,0.5,optimal,7,14,5,1.6666666666666667,7,18,5,1.6666666666666667,7,25,0,3.6666666666666665,0.005265951156616211,0.004064321517944336,0.0013225078582763672
29,0.45,0.5,optimal,7,12,5,1.0,7,16,5,1.0,7,21,0,2.3333333333333335,0.006897687911987305,0.005997180938720703,0.00099945068359375
30,0.45,0.5,optimal,7,13,5,1.3333333333333333,7,17,5,1.3333333333333333,7,24,0,3.3333333333333335,0.004324197769165039,0.0034189224243164062,0.0009992122650146484
31,0.45,0.5,optimal,7,16,5,1.6666666666666667,7,17,5,1.6666666666666667,7,26,0,4.0,0.003999233245849609,0.0030078887939453125,0.0
32,0.45,0.5,optimal,7,12,5,1.3333333333333333,7,16,5,1.3333333333333333,7,22,0,3.3333333333333335,0.004998683929443359,0.0050008296966552734,0.0010051727294921875
33,0.45,0.5,optimal,7,14,5,1.6666666666666667,7,15,5,1.6666666666666667,7,26,0,4.0,0.003999948501586914,0.004002571105957031,0.0032989978790283203
34,0.45,0.5,optimal,7,13,5,1.0,7,14,5,1.0,7,22,0,2.6666666666666665,0.0009989738464355469,0.003503561019897461,0.0010118484497070312
35,0.45,0.5,optimal,7,14,5,1.3333333333333333,7,16,5,1.3333333333333333,7,25,0,3.6666666666666665,0.005002498626708984,0.004047393798828125,0.0020046234130859375
36,0.45,0.5,optimal,7,14,5,1.3333333333333333,7,17,5,1.0,7,22,0,3.0,0.0028874874114990234,0.005002260208129883,0.0009911060333251953
37,0.45,0.5,optimal,7,17,5,1.3333333333333333,7,17,5,1.3333333333333333,7,23,0,3.3333333333333335,0.003974437713623047,0.0033006668090820312,0.0010075569152832031
38,0.45,0.5,optimal,7,16,5,1.3333333333333333,7,17,5,1.3333333333333333,7,25,0,3.6666666666666665,0.0030028820037841797,0.003979682922363281,0.0009989738464355469
39,0.45,0.5,optimal,7,12,5,0.6666666666666666,7,14,5,0.6666666666666666,7,21,0,2.6666666666666665,0.0,0.0010018348693847656,0.0010004043579101562
40,0.45,0.5,optimal,7,16,5,1.3333333333333333,7,17,5,1.3333333333333333,7,23,0,3.0,0.0034444332122802734,0.006003856658935547,0.0010404586791992188
41,0.45,0.5,optimal,7,16,5,1.3333333333333333,7,17,5,1.3333333333333333,7,24,0,3.3333333333333335,0.003999948501586914,0.004007816314697266,0.0010008811950683594
42,0.45,0.5,optimal,7,15,5,1.0,7,15,5,1.0,7,21,0,2.6666666666666665,0.002061128616333008,0.005017518997192383,0.0009875297546386719
43,0.45,0.5,optimal,7,12,5,1.0,7,15,5,1.0,7,22,0,2.6666666666666665,0.003995180130004883,0.0029969215393066406,0.0030031204223632812
44,0.45,0.5,optimal,7,15,5,1.3333333333333333,7,17,5,1.3333333333333333,7,25,0,3.6666666666666665,0.003000020980834961,0.003004789352416992,0.00099945068359375
45,0.45,0.5,optimal,7,14,5,1.3333333333333333,7,16,5,1.3333333333333333,7,24,0,3.3333333333333335,0.003996849060058594,0.0020461082458496094,0.00453639030456543
46,0.45,0.5,optimal,7,14,5,1.3333333333333333,7,18,5,1.3333333333333333,7,25,0,3.6666666666666665,0.001998424530029297,0.00400233268737793,0.0009965896606445312
47,0.45,0.5,optimal,7,16,5,1.3333333333333333,7,17,5,1.3333333333333333,7,24,0,3.3333333333333335,0.003004312515258789,0.002994537353515625,0.0009992122650146484
48,0.45,0.5,optimal,7,17,4,2.0,7,18,4,1.6666666666666667,7,24,0,3.3333333333333335,0.003984928131103516,0.0030603408813476562,0.0030024051666259766
49,0.45,0.5,optimal,7,15,5,1.6666666666666667,7,16,5,1.6666666666666667,7,24,0,3.3333333333333335,0.0029850006103515625,0.0030508041381835938,0.000997304916381836
50,0.45,0.5,optimal,7,14,5,1.3333333333333333,7,14,5,1.3333333333333333,7,25,0,4.0,0.004021644592285156,0.0019960403442382812,0.0010001659393310547
51,0.45,0.5,optimal,7,11,5,1.0,7,14,5,1.0,7,22,0,2.6666666666666665,0.0039942264556884766,0.0029802322387695312,0.00112152099609375
52,0.45,0.5,optimal,7,14,5,1.0,7,15,5,1.0,7,22,0,3.3333333333333335,0.003998994827270508,0.003003835678100586,0.0009992122650146484
53,0.45,0.5,optimal,7,16,5,1.6666666666666667,7,19,5,1.6666666666666667,7,25,0,4.333333333333333,0.0030002593994140625,0.002000093460083008,0.001024484634399414
54,0.45,0.5,optimal,7,12,5,1.3333333333333333,7,17,5,1.3333333333333333,7,23,0,3.0,0.003980875015258789,0.004443645477294922,0.0009982585906982422
55,0.45,0.5,optimal,7,17,5,1.3333333333333333,7,17,5,1.3333333333333333,7,23,0,3.0,0.0043048858642578125,0.004021883010864258,0.0009996891021728516
56,0.45,0.5,optimal,7,15,5,1.0,7,15,5,1.0,7,23,0,3.0,0.0034151077270507812,0.004030942916870117,0.004205465316772461
57,0.45,0.5,optimal,7,13,5,1.3333333333333333,7,16,5,1.3333333333333333,7,22,0,3.0,0.0049779415130615234,0.006001472473144531,0.0010111331939697266
58,0.45,0.5,optimal,7,12,5,1.3333333333333333,7,17,5,1.3333333333333333,7,23,0,3.0,0.004339694976806641,0.005100250244140625,0.0025098323822021484
59,0.45,0.5,optimal,7,16,5,1.3333333333333333,7,17,5,1.3333333333333333,7,22,0,2.6666666666666665,0.0030014514923095703,0.001998424530029297,0.0020051002502441406
60,0.45,0.5,optimal,7,16,5,1.6666666666666667,7,17,5,1.6666666666666667,7,23,0,3.3333333333333335,0.004449605941772461,0.00478672981262207,0.0
61,0.45,0.5,optimal,7,15,5,1.6666666666666667,7,17,5,1.6666666666666667,7,22,0,3.3333333333333335,0.0039904117584228516,0.005014657974243164,0.002996206283569336
62,0.45,0.5,optimal,7,16,5,1.6666666666666667,7,18,5,1.6666666666666667,7,25,0,3.6666666666666665,0.004392147064208984,0.003474712371826172,0.004020214080810547
63,0.45,0.5,optimal,7,14,5,1.3333333333333333,7,18,5,1.3333333333333333,7,24,0,3.3333333333333335,0.0030007362365722656,0.0068225860595703125,0.0029981136322021484
64,0.45,0.5,optimal,7,13,5,1.3333333333333333,7,16,5,1.3333333333333333,7,23,0,3.0,0.0035741329193115234,0.004010438919067383,0.0010008811950683594
65,0.45,0.5,optimal,7,16,5,1.3333333333333333,7,17,5,1.3333333333333333,7,24,0,3.3333333333333335,0.00452113151550293,0.0040209293365478516,0.0009963512420654297
66,0.45,0.5,optimal,7,11,5,1.0,7,13,5,1.0,7,22,0,2.6666666666666665,0.005555629730224609,0.0009949207305908203,0.0009982585906982422
67,0.45,0.5,optimal,7,13,5,1.3333333333333333,7,16,5,1.3333333333333333,7,22,0,2.6666666666666665,0.003998517990112305,0.005972862243652344,0.001001596450805664
68,0.45,0.5,optimal,7,15,5,1.3333333333333333,7,15,5,1.3333333333333333,7,23,0,3.0,0.0,0.004544734954833984,0.003978729248046875
69,0.45,0.5,optimal,7,14,5,1.6666666666666667,7,17,5,1.6666666666666667,7,25,0,4.333333333333333,0.0045664310455322266,0.0029900074005126953,0.004033088684082031
70,0.45,0.5,optimal,7,13,5,1.0,7,16,5,1.0,7,22,0,2.6666666666666665,0.0029916763305664062,0.00471806526184082,0.0010080337524414062
71,0.45,0.5,optimal,7,17,5,1.6666666666666667,7,18,5,1.6666666666666667,7,22,0,3.0,0.004554271697998047,0.0048274993896484375,0.0
72,0.45,0.5,optimal,7,13,5,1.0,7,13,5,1.0,7,24,0,3.3333333333333335,0.0039789676666259766,0.005892276763916016,0.0
73,0.45,0.5,optimal,7,14,5,1.0,7,14,5,1.0,7,21,0,2.3333333333333335,0.004000663757324219,0.005523681640625,0.0
74,0.45,0.5,optimal,7,16,5,1.6666666666666667,7,18,5,1.6666666666666667,7,24,0,3.3333333333333335,0.0029778480529785156,0.003983974456787109,0.0009963512420654297
75,0.45,0.5,optimal,7,15,5,1.3333333333333333,7,17,5,1.3333333333333333,7,25,0,3.6666666666666665,0.00398564338684082,0.003541231155395508,0.003412485122680664
76,0.45,0.5,optimal,7,17,5,1.6666666666666667,7,18,5,1.6666666666666667,7,23,0,3.3333333333333335,0.0055315494537353516,0.004014253616333008,0.0015032291412353516
77,0.45,0.5,optimal,7,15,4,1.6666666666666667,7,17,4,1.6666666666666667,7,21,1,2.3333333333333335,0.0010654926300048828,0.0029952526092529297,0.0014624595642089844
78,0.45,0.5,optimal,7,13,5,1.0,7,15,5,1.0,7,21,0,2.6666666666666665,0.0035440921783447266,0.002010345458984375,0.0
79,0.45,0.5,optimal,7,15,5,1.3333333333333333,7,18,5,1.3333333333333333,7,24,0,3.3333333333333335,0.0038764476776123047,0.005055665969848633,0.00099945068359375
80,0.45,0.5,optimal,7,16,5,1.3333333333333333,7,18,5,1.3333333333333333,7,23,0,3.0,0.004001617431640625,0.004046916961669922,0.000997304916381836
81,0.45,0.5,optimal,7,14,5,1.3333333333333333,7,15,5,1.3333333333333333,7,22,0,3.0,0.0035257339477539062,0.00400090217590332,0.0070264339447021484
82,0.45,0.5,optimal,7,15,5,1.0,7,17,5,1.0,7,21,0,2.6666666666666665,0.0035212039947509766,0.007544994354248047,0.0
83,0.45,0.5,optimal,7,13,5,1.3333333333333333,7,16,5,1.3333333333333333,7,23,0,3.3333333333333335,0.0030028820037841797,0.0035223960876464844,0.0010080337524414062
84,0.45,0.5,optimal,7,15,5,1.3333333333333333,7,17,5,1.3333333333333333,7,22,1,2.6666666666666665,0.003039836883544922,0.0045623779296875,0.0010046958923339844
85,0.45,0.5,optimal,7,17,5,1.3333333333333333,7,17,5,1.3333333333333333,7,25,0,3.6666666666666665,0.004015684127807617,0.0029993057250976562,0.0
86,0.45,0.5,optimal,7,17,5,1.3333333333333333,7,17,5,1.3333333333333333,7,23,0,3.0,0.004423379898071289,0.004985332489013672,0.002088785171508789
87,0.45,0.5,optimal,7,15,5,0.6666666666666666,7,16,5,0.6666666666666666,7,20,0,2.0,0.00301361083984375,0.003062725067138672,0.0015115737915039062
88,0.45,0.5,optimal,7,15,5,1.3333333333333333,7,15,5,1.3333333333333333,7,24,0,3.3333333333333335,0.0035135746002197266,0.0050013065338134766,0.004555940628051758
89,0.45,0.5,optimal,7,14,5,1.0,7,15,5,1.0,7,22,0,2.6666666666666665,0.0025370121002197266,0.002010822296142578,0.0010006427764892578
90,0.45,0.5,optimal,7,13,5,0.6666666666666666,7,16,5,0.6666666666666666,7,20,1,2.0,0.004272937774658203,0.00655055046081543,0.001004934310913086
91,0.45,0.5,optimal,7,14,5,1.3333333333333333,7,17,5,1.3333333333333333,7,23,0,3.3333333333333335,0.007532835006713867,0.0075337886810302734,0.000997781753540039
92,0.45,0.5,optimal,7,14,5,1.3333333333333333,7,17,5,1.3333333333333333,7,23,0,3.0,0.005005598068237305,0.005193233489990234,0.003147125244140625
93,0.45,0.5,optimal,7,16,5,1.6666666666666667,7,19,5,1.6666666666666667,7,25,0,3.6666666666666665,0.0065348148345947266,0.00451207160949707,0.0030219554901123047
94,0.45,0.5,optimal,7,14,5,1.3333333333333333,7,17,5,1.3333333333333333,7,22,0,2.6666666666666665,0.0049898624420166016,0.004056215286254883,0.000997304916381836
95,0.45,0.5,optimal,7,15,4,2.0,7,18,4,1.6666666666666667,7,24,0,3.6666666666666665,0.003000497817993164,0.003008604049682617,0.0035448074340820312
96,0.45,0.5,optimal,7,17,5,1.3333333333333333,7,18,5,1.3333333333333333,7,23,0,3.0,0.004514217376708984,0.0035119056701660156,0.003715038299560547
97,0.45,0.5,optimal,7,11,5,1.0,7,14,5,1.0,7,22,0,2.6666666666666665,0.004008293151855469,0.004025936126708984,0.0010123252868652344
98,0.45,0.5,optimal,7,13,5,1.0,7,15,5,1.0,7,22,0,2.6666666666666665,0.0030214786529541016,0.003976106643676758,0.0022699832916259766
99,0.45,0.5,optimal,7,14,5,1.0,7,14,5,1.0,7,22,0,2.6666666666666665,0.0045511722564697266,0.0023446083068847656,0.002002716064453125
0,0.45,0.7,optimal,7,17,5,1.3333333333333333,7,17,5,1.3333333333333333,7,23,0,3.0,0.004506349563598633,0.006477832794189453,0.0010001659393310547
1,0.45,0.7,optimal,7,15,5,1.3333333333333333,7,18,5,1.3333333333333333,7,23,0,3.3333333333333335,0.0019998550415039062,0.004090547561645508,0.0010051727294921875
2,0.45,0.7,optimal,7,13,5,0.6666666666666666,7,13,5,0.6666666666666666,7,20,0,2.0,0.0010001659393310547,0.0045168399810791016,0.0
3,0.45,0.7,optimal,7,17,5,1.6666666666666667,7,17,5,1.6666666666666667,7,24,0,3.6666666666666665,0.004557371139526367,0.0034270286560058594,0.0
4,0.45,0.7,optimal,7,17,5,1.3333333333333333,7,17,5,1.3333333333333333,7,23,0,3.0,0.0054743289947509766,0.0035653114318847656,0.0030040740966796875
5,0.45,0.7,optimal,7,15,5,1.3333333333333333,7,17,5,1.3333333333333333,7,23,0,3.0,0.004529476165771484,0.0030035972595214844,0.004015922546386719
6,0.45,0.7,optimal,7,17,5,1.3333333333333333,7,18,5,1.3333333333333333,7,23,0,3.3333333333333335,0.0030074119567871094,0.004544496536254883,0.0
7,0.45,0.7,optimal,7,16,5,1.3333333333333333,7,17,5,1.3333333333333333,7,25,0,3.6666666666666665,0.004987955093383789,0.0069255828857421875,0.0009989738464355469
8,0.45,0.7,optimal,7,16,5,1.0,7,17,5,1.0,7,22,0,2.6666666666666665,0.00351715087890625,0.003007173538208008,0.002943277359008789
9,0.45,0.7,optimal,7,17,5,1.3333333333333333,7,17,5,1.3333333333333333,7,23,0,3.0,0.004360198974609375,0.0030243396759033203,0.0010120868682861328
10,0.45,0.7,optimal,7,15,5,1.0,7,17,5,1.0,7,22,0,2.6666666666666665,0.002506732940673828,0.004016876220703125,0.0041692256927490234
11,0.45,0.7,optimal,7,18,5,1.3333333333333333,7,18,5,1.3333333333333333,7,23,0,3.3333333333333335,0.0039997100830078125,0.0076062679290771484,0.0009992122650146484
12,0.45,0.7,optimal,7,14,5,1.3333333333333333,7,17,5,1.3333333333333333,7,23,0,3.0,0.0042607784271240234,0.003281116485595703,0.0010073184967041016
13,0.45,0.7,optimal,7,14,5,1.0,7,16,5,1.0,7,23,0,3.0,0.0029985904693603516,0.005910396575927734,0.0
14,0.45,0.7,optimal,7,15,5,1.3333333333333333,7,18,5,1.3333333333333333,7,23,0,3.0,0.003538846969604492,0.005746126174926758,0.0046045780181884766
15,0.45,0.7,optimal,7,18,5,1.3333333333333333,7,18,5,1.3333333333333333,7,23,0,3.0,0.00455164909362793,0.0029959678649902344,0.004252910614013672
16,0.45,0.7,optimal,7,13,5,1.3333333333333333,7,17,5,1.3333333333333333,7,23,0,3.3333333333333335,0.0050051212310791016,0.005650520324707031,0.003465414047241211
17,0.45,0.7,optimal,7,15,5,1.0,7,16,5,1.0,7,22,0,2.6666666666666665,0.0032486915588378906,0.00442957878112793,0.0
18,0.45,0.7,optimal,7,15,5,0.6666666666666666,7,15,5,0.6666666666666666,7,22,0,2.6666666666666665,0.0,0.0019233226776123047,0.0009970664978027344
19,0.45,0.7,optimal,7,14,5,1.3333333333333333,7,16,5,1.3333333333333333,7,23,0,3.3333333333333335,0.0019922256469726562,0.005774736404418945,0.0010063648223876953
20,0.45,0.7,optimal,7,16,5,1.6666666666666667,7,17,5,1.6666666666666667,7,24,0,3.3333333333333335,0.003013134002685547,0.005300998687744141,0.0029850006103515625
21,0.45,0.7,optimal,7,17,5,1.3333333333333333,7,17,5,1.3333333333333333,7,24,0,3.3333333333333335,0.004014492034912109,0.002984285354614258,0.0011401176452636719
22,0.45,0.7,optimal,7,14,5,0.6666666666666666,7,15,5,0.6666666666666666,7,21,0,2.3333333333333335,0.004102468490600586,0.0034554004669189453,0.0009992122650146484
23,0.45,0.7,optimal,7,16,5,1.3333333333333333,7,17,5,1.0,7,22,0,2.6666666666666665,0.003998994827270508,0.007031440734863281,0.0
24,0.45,0.7,optimal,7,18,5,1.3333333333333333,7,18,5,1.3333333333333333,7,24,0,3.3333333333333335,0.003000020980834961,0.004212141036987305,0.0010025501251220703
25,0.45,0.7,optimal,7,15,5,1.0,7,16,5,1.0,7,22,0,2.6666666666666665,0.003512859344482422,0.0020351409912109375,0.0
26,0.45,0.7,optimal,7,13,5,1.3333333333333333,7,15,5,1.3333333333333333,7,23,0,3.0,0.0044972896575927734,0.004500389099121094,0.00101470947265625
27,0.45,0.7,optimal,7,14,5,1.3333333333333333,7,15,5,1.3333333333333333,7,25,0,3.6666666666666665,0.0031075477600097656,0.004090309143066406,0.0010218620300292969
28,0.45,0.7,optimal,7,15,5,1.6666666666666667,7,19,5,1.6666666666666667,7,25,0,3.6666666666666665,0.005002260208129883,0.0035436153411865234,0.0020036697387695312
29,0.45,0.7,optimal,7,14,5,1.0,7,16,5,1.0,7,22,0,2.6666666666666665,0.0032258033752441406,0.0033257007598876953,0.0
30,0.45,0.7,optimal,7,15,5,1.3333333333333333,7,17,5,1.3333333333333333,7,25,0,3.6666666666666665,0.004530429840087891,0.005008697509765625,0.0030274391174316406
31,0.45,0.7,optimal,7,17,5,1.6666666666666667,7,19,5,1.6666666666666667,7,27,0,4.333333333333333,0.004300117492675781,0.009381532669067383,0.0010039806365966797
32,0.45,0.7,optimal,7,14,5,1.3333333333333333,7,16,5,1.3333333333333333,7,24,0,3.3333333333333335,0.004003763198852539,0.0055234432220458984,0.0020160675048828125
33,0.45,0.7,optimal,7,15,5,1.6666666666666667,7,17,5,1.6666666666666667,7,26,0,4.0,0.004000425338745117,0.006213665008544922,0.0035181045532226562
34,0.45,0.7,optimal,7,15,5,1.0,7,15,5,1.0,7,22,0,2.6666666666666665,0.0009961128234863281,0.001989603042602539,0.0009965896606445312
35,0.45,0.7,optimal,7,16,5,1.3333333333333333,7,18,5,1.3333333333333333,7,25,0,3.6666666666666665,0.004004478454589844,0.004010200500488281,0.005637168884277344
36,0.45,0.7,optimal,7,16,5,1.3333333333333333,7,18,5,1.3333333333333333,7,24,0,3.3333333333333335,0.003999471664428711,0.004281759262084961,0.0009920597076416016
37,0.45,0.7,optimal,7,17,5,1.3333333333333333,7,18,5,1.3333333333333333,7,23,0,3.0,0.002512693405151367,0.002071380615234375,0.0013117790222167969
38,0.45,0.7,optimal,7,17,5,1.3333333333333333,7,18,5,1.3333333333333333,7,25,0,3.6666666666666665,0.003413677215576172,0.005527496337890625,0.0
39,0.45,0.7,optimal,7,14,5,0.6666666666666666,7,15,5,0.6666666666666666,7,21,0,2.6666666666666665,0.0,0.0010037422180175781,0.001001119613647461
40,0.45,0.7,optimal,7,16,5,1.3333333333333333,7,18,5,1.3333333333333333,7,23,0,3.0,0.004012584686279297,0.0035049915313720703,0.001001119613647461
41,0.45,0.7,optimal,7,17,5,1.3333333333333333,7,18,5,1.3333333333333333,7,24,0,3.3333333333333335,0.005540609359741211,0.0040493011474609375,0.0010232925415039062
42,0.45,0.7,optimal,7,15,5,1.0,7,16,5,1.0,7,22,0,2.6666666666666665,0.0010001659393310547,0.00557398796081543,0.0009808540344238281
43,0.45,0.7,optimal,7,15,5,1.0,7,17,5,1.0,7,22,0,2.6666666666666665,0.004491090774536133,0.0033795833587646484,0.00299072265625
44,0.45,0.7,optimal,7,18,5,1.3333333333333333,7,18,5,1.3333333333333333,7,25,0,3.6666666666666665,0.00894927978515625,0.0040400028228759766,0.000997781753540039
45,0.45,0.7,optimal,7,16,5,1.3333333333333333,7,17,5,1.3333333333333333,7,24,0,3.3333333333333335,0.003000020980834961,0.0059719085693359375,0.002552509307861328
46,0.45,0.7,optimal,7,18,5,1.3333333333333333,7,18,5,1.3333333333333333,7,25,0,4.0,0.0020155906677246094,0.005548715591430664,0.00399017333984375
47,0.45,0.7,optimal,7,16,5,1.3333333333333333,7,17,5,1.3333333333333333,7,24,0,3.3333333333333335,0.0034570693969726562,0.004004240036010742,0.0009961128234863281
48,0.45,0.7,optimal,7,18,4,2.0,7,18,4,2.0,7,24,0,3.3333333333333335,0.00457453727722168,0.004204750061035156,0.0010385513305664062
49,0.45,0.7,optimal,7,18,5,1.6666666666666667,7,18,5,1.6666666666666667,7,24,0,3.6666666666666665,0.004038333892822266,0.003004312515258789,0.0015270709991455078
50,0.45,0.7,optimal,7,15,5,1.3333333333333333,7,15,5,1.3333333333333333,7,26,0,4.0,0.003630399703979492,0.0020246505737304688,0.005717277526855469
51,0.45,0.7,optimal,7,13,5,1.0,7,16,5,1.0,7,22,0,2.6666666666666665,0.005556344985961914,0.006510496139526367,0.0009937286376953125
52,0.45,0.7,optimal,7,15,5,1.0,7,16,5,1.0,7,23,0,3.0,0.004113435745239258,0.00451207160949707,0.0009992122650146484
53,0.45,0.7,optimal,7,18,5,1.6666666666666667,7,19,5,1.6666666666666667,7,26,0,4.333333333333333,0.004598379135131836,0.002101898193359375,0.0043811798095703125
54,0.45,0.7,optimal,7,13,5,1.3333333333333333,7,18,5,1.3333333333333333,7,23,0,3.0,0.003541231155395508,0.004986286163330078,0.003534078598022461
55,0.45,0.7,optimal,7,17,5,1.3333333333333333,7,17,5,1.3333333333333333,7,23,0,3.0,0.0035266876220703125,0.008259296417236328,0.0010068416595458984
56,0.45,0.7,optimal,7,16,5,1.0,7,16,5,1.0,7,23,0,3.0,0.010029792785644531,0.004010438919067383,0.0
57,0.45,0.7,optimal,7,14,5,1.3333333333333333,7,16,5,1.3333333333333333,7,22,0,3.0,0.0035810470581054688,0.005364656448364258,0.0
58,0.45,0.7,optimal,7,14,5,1.3333333333333333,7,18,5,1.3333333333333333,7,23,0,3.0,0.00426936149597168,0.005490303039550781,0.0014255046844482422
59,0.45,0.7,optimal,7,17,5,1.3333333333333333,7,18,5,1.3333333333333333,7,23,0,3.0,0.00458836555480957,0.004058122634887695,0.0035147666931152344
60,0.45,0.7,optimal,7,17,5,1.6666666666666667,7,19,5,1.6666666666666667,7,24,0,3.3333333333333335,0.0029914379119873047,0.003021717071533203,0.001028299331665039
61,0.45,0.7,optimal,7,18,5,1.6666666666666667,7,18,5,1.6666666666666667,7,23,0,3.0,0.0033721923828125,0.005404472351074219,0.0031599998474121094
62,0.45,0.7,optimal,7,17,5,1.6666666666666667,7,19,5,1.6666666666666667,7,25,0,3.6666666666666665,0.003995656967163086,0.004275321960449219,0.0044100284576416016
63,0.45,0.7,optimal,7,17,5,1.3333333333333333,7,18,5,1.3333333333333333,7,24,0,3.3333333333333335,0.004047393798828125,0.003662109375,0.003893613815307617
64,0.45,0.7,optimal,7,14,5,1.3333333333333333,7,17,5,1.3333333333333333,7,24,0,3.6666666666666665,0.0035877227783203125,0.0025670528411865234,0.0009999275207519531
65,0.45,0.7,optimal,7,17,5,1.3333333333333333,7,18,5,1.3333333333333333,7,24,0,3.3333333333333335,0.0047872066497802734,0.004357099533081055,0.0009996891021728516
66,0.45,0.7,optimal,7,14,5,1.0,7,14,5,1.0,7,22,0,2.6666666666666665,0.0,0.0,0.0010001659393310547
67,0.45,0.7,optimal,7,15,5,1.3333333333333333,7,16,5,1.3333333333333333,7,23,0,3.3333333333333335,0.003512144088745117,0.005205392837524414,0.0
68,0.45,0.7,optimal,7,15,5,1.3333333333333333,7,15,5,1.3333333333333333,7,23,0,3.0,0.001020193099975586,0.004002809524536133,0.0
69,0.45,0.7,optimal,7,14,5,1.6666666666666667,7,19,5,1.6666666666666667,7,26,0,4.333333333333333,0.0054285526275634766,0.0031168460845947266,0.003500699996948242
70,0.45,0.7,optimal,7,16,5,1.0,7,17,5,1.0,7,22,0,2.6666666666666665,0.00401616096496582,0.0029985904693603516,0.0010142326354980469
71,0.45,0.7,optimal,7,18,5,1.6666666666666667,7,19,5,1.6666666666666667,7,25,0,3.6666666666666665,0.004030466079711914,0.00408625602722168,0.001031637191772461
72,0.45,0.7,optimal,7,14,5,1.0,7,15,5,1.0,7,25,0,3.6666666666666665,0.0029938220977783203,0.004517793655395508,0.0009930133819580078
73,0.45,0.7,optimal,7,15,5,1.0,7,15,5,1.0,7,21,0,2.6666666666666665,0.009701967239379883,0.0022437572479248047,0.0
74,0.45,0.7,optimal,7,18,5,1.6666666666666667,7,19,5,1.6666666666666667,7,24,0,3.3333333333333335,0.003243684768676758,0.0035479068756103516,0.0010080337524414062
75,0.45,0.7,optimal,7,16,5,1.3333333333333333,7,18,5,1.3333333333333333,7,25,0,3.6666666666666665,0.0035982131958007812,0.00399327278137207,0.0025866031646728516
76,0.45,0.7,optimal,7,18,5,1.6666666666666667,7,19,5,1.6666666666666667,7,24,0,3.3333333333333335,0.0050182342529296875,0.004015684127807617,0.0009927749633789062
77,0.45,0.7,optimal,7,17,4,1.6666666666666667,7,19,4,1.6666666666666667,7,22,1,2.6666666666666665,0.0010159015655517578,0.00299835205078125,0.0009996891021728516
78,0.45,0.7,optimal,7,14,5,1.0,7,16,5,1.0,7,22,0,2.6666666666666665,0.0029802322387695312,0.002997159957885742,0.0
79,0.45,0.7,optimal,7,15,5,1.3333333333333333,7,18,5,1.3333333333333333,7,24,0,3.3333333333333335,0.003999233245849609,0.0035452842712402344,0.0010552406311035156
80,0.45,0.7,optimal,7,16,5,1.3333333333333333,7,18,5,1.3333333333333333,7,23,0,3.0,0.005599021911621094,0.004015207290649414,0.0009987354278564453
81,0.45,0.7,optimal,7,16,5,1.3333333333333333,7,18,5,1.3333333333333333,7,23,0,3.0,0.003000497817993164,0.004544973373413086,0.005102872848510742
82,0.45,0.7,optimal,7,15,5,1.0,7,17,5,1.0,7,22,0,2.6666666666666665,0.004039764404296875,0.002624988555908203,0.0006256103515625
83,0.45,0.7,optimal,7,16,5,1.3333333333333333,7,18,5,1.3333333333333333,7,24,0,3.3333333333333335,0.003551483154296875,0.01157379150390625,0.0010318756103515625
84,0.45,0.7,optimal,7,17,5,1.3333333333333333,7,18,5,1.3333333333333333,7,22,1,2.6666666666666665,0.005532503128051758,0.004003047943115234,0.0015168190002441406
85,0.45,0.7,optimal,7,18,5,1.3333333333333333,7,18,5,1.3333333333333333,7,25,0,3.6666666666666665,0.002999544143676758,0.004568576812744141,0.0005059242248535156
86,0.45,0.7,optimal,7,18,5,1.3333333333333333,7,18,5,1.3333333333333333,7,23,0,3.0,0.004037618637084961,0.004542112350463867,0.0009953975677490234
87,0.45,0.7,optimal,7,15,5,0.6666666666666666,7,16,5,0.6666666666666666,7,21,0,2.3333333333333335,0.003536701202392578,0.002036571502685547,0.0010035037994384766
88,0.45,0.7,optimal,7,16,5,1.3333333333333333,7,16,5,1.3333333333333333,7,24,0,3.3333333333333335,0.004611968994140625,0.0030243396759033203,0.003003835678100586
89,0.45,0.7,optimal,7,14,5,1.0,7,16,5,1.0,7,22,0,2.6666666666666665,0.004004955291748047,0.0030057430267333984,0.0035200119018554688
90,0.45,0.7,optimal,7,13,5,0.6666666666666666,7,16,5,0.6666666666666666,7,21,0,2.3333333333333335,0.005598783493041992,0.005235195159912109,0.0020041465759277344
91,0.45,0.7,optimal,7,16,5,1.3333333333333333,7,18,5,1.3333333333333333,7,24,0,3.3333333333333335,0.003999948501586914,0.003549814224243164,0.0010941028594970703
92,0.45,0.7,optimal,7,15,5,1.3333333333333333,7,18,5,1.3333333333333333,7,23,0,3.0,0.0036056041717529297,0.00507807731628418,0.00372314453125
93,0.45,0.7,optimal,7,18,5,1.6666666666666667,7,19,5,1.6666666666666667,7,25,0,3.6666666666666665,0.0045087337493896484,0.00644993782043457,0.0029964447021484375
94,0.45,0.7,optimal,7,17,5,1.3333333333333333,7,18,5,1.3333333333333333,7,24,0,3.3333333333333335,0.0038056373596191406,0.00341796875,0.004448652267456055
95,0.45,0.7,optimal,7,16,4,2.0,7,19,4,1.6666666666666667,7,25,0,3.6666666666666665,0.0029993057250976562,0.004493236541748047,0.0030028820037841797
96,0.45,0.7,optimal,7,18,5,1.3333333333333333,7,18,5,1.3333333333333333,7,23,0,3.0,0.004011392593383789,0.006872415542602539,0.003999948501586914
97,0.45,0.7,optimal,7,12,5,1.0,7,14,5,1.0,7,22,0,2.6666666666666665,0.0035135746002197266,0.002001523971557617,0.0009980201721191406
98,0.45,0.7,optimal,7,13,5,1.0,7,15,5,1.0,7,22,0,2.6666666666666665,0.00414276123046875,0.004566192626953125,0.000997304916381836
99,0.45,0.7,optimal,7,16,5,1.0,7,16,5,1.0,7,22,0,2.6666666666666665,0.0040171146392822266,0.00201416015625,0.001531362533569336
0,0.6,0.3,optimal,7,14,5,1.3333333333333333,7,15,5,1.0,7,21,0,2.6666666666666665,0.003906965255737305,0.002999544143676758,0.000997304916381836
1,0.6,0.3,optimal,7,14,5,1.3333333333333333,7,15,5,1.3333333333333333,7,24,0,3.3333333333333335,0.0030035972595214844,0.0030024051666259766,0.0009958744049072266
2,0.6,0.3,optimal,7,10,5,0.6666666666666666,7,13,5,0.6666666666666666,7,18,0,2.0,0.0032198429107666016,0.004609346389770508,0.003000020980834961
3,0.6,0.3,optimal,7,18,5,1.6666666666666667,7,18,5,1.6666666666666667,7,24,0,3.6666666666666665,0.003007173538208008,0.0029952526092529297,0.004629850387573242
4,0.6,0.3,optimal,7,14,5,1.3333333333333333,7,15,5,1.3333333333333333,7,22,0,3.0,0.0029888153076171875,0.0030145645141601562,0.005097627639770508
5,0.6,0.3,optimal,7,13,5,1.3333333333333333,7,15,5,1.3333333333333333,7,22,0,3.0,0.004072427749633789,0.0030031204223632812,0.004536867141723633
6,0.6,0.3,optimal,7,12,5,1.3333333333333333,7,15,5,1.3333333333333333,7,22,0,3.3333333333333335,0.0035543441772460938,0.0052449703216552734,0.0020394325256347656
7,0.6,0.3,optimal,7,13,5,1.3333333333333333,7,15,5,1.3333333333333333,7,23,0,3.3333333333333335,0.0030035972595214844,0.003505229949951172,0.004013538360595703
8,0.6,0.3,optimal,7,10,5,1.0,7,13,5,1.0,7,21,0,2.6666666666666665,0.0030002593994140625,0.004550457000732422,0.003192901611328125
9,0.6,0.3,optimal,7,11,5,1.3333333333333333,7,13,5,1.3333333333333333,7,21,0,2.6666666666666665,0.0029799938201904297,0.004599809646606445,0.003004312515258789
10,0.6,0.3,optimal,7,12,5,1.0,7,16,5,1.0,7,21,0,2.6666666666666665,0.004010438919067383,0.006119966506958008,0.0030024051666259766
11,0.6,0.3,optimal,7,13,5,1.3333333333333333,7,16,5,1.3333333333333333,7,22,0,3.0,0.0045452117919921875,0.0030031204223632812,0.0054721832275390625
12,0.6,0.3,optimal,7,11,5,1.3333333333333333,7,16,5,1.3333333333333333,7,22,0,3.0,0.0045359134674072266,0.00658106803894043,0.003014802932739258
13,0.6,0.3,optimal,7,12,5,1.3333333333333333,7,15,5,1.3333333333333333,7,21,0,3.0,0.004466533660888672,0.004505634307861328,0.003004789352416992
14,0.6,0.3,optimal,7,13,5,1.3333333333333333,7,16,5,1.3333333333333333,7,23,0,3.0,0.004096269607543945,0.004135847091674805,0.003610849380493164
15,0.6,0.3,optimal,7,15,5,1.3333333333333333,7,16,5,1.3333333333333333,7,22,0,2.6666666666666665,0.004023313522338867,0.0045320987701416016,0.005533456802368164
16,0.6,0.3,optimal,7,14,5,1.3333333333333333,7,14,5,1.3333333333333333,7,23,0,3.3333333333333335,0.004021167755126953,0.0036363601684570312,0.003430604934692383
17,0.6,0.3,optimal,7,13,5,1.0,7,15,5,1.0,7,22,0,2.6666666666666665,0.0035119056701660156,0.005507707595825195,0.00457763671875
18,0.6,0.3,optimal,7,14,5,1.0,7,15,5,1.0,7,21,0,2.3333333333333335,0.003000020980834961,0.005026340484619141,0.004803180694580078
19,0.6,0.3,optimal,7,12,5,1.3333333333333333,7,15,5,1.3333333333333333,7,22,0,3.3333333333333335,0.0035181045532226562,0.004524946212768555,0.003061056137084961
20,0.6,0.3,optimal,7,12,5,1.6666666666666667,7,17,5,1.6666666666666667,7,24,0,3.3333333333333335,0.002994060516357422,0.0030624866485595703,0.004168033599853516
21,0.6,0.3,optimal,7,11,5,1.0,7,14,5,1.0,7,22,0,3.3333333333333335,0.004174470901489258,0.002994060516357422,0.003007650375366211
22,0.6,0.3,optimal,7,10,5,0.6666666666666666,7,14,5,0.6666666666666666,7,21,0,2.3333333333333335,0.0038754940032958984,0.0062427520751953125,0.003553628921508789
23,0.6,0.3,optimal,7,14,5,1.3333333333333333,7,15,5,1.0,7,21,0,2.6666666666666665,0.006099700927734375,0.004038095474243164,0.004086732864379883
24,0.6,0.3,optimal,7,14,5,1.3333333333333333,7,17,5,1.3333333333333333,7,23,0,3.3333333333333335,0.006037473678588867,0.0050029754638671875,0.002460002899169922
25,0.6,0.3,optimal,7,12,5,1.0,7,15,5,0.6666666666666666,7,21,0,2.6666666666666665,0.004586219787597656,0.006036996841430664,0.0
26,0.6,0.3,optimal,7,12,5,1.3333333333333333,7,13,5,1.3333333333333333,7,22,0,3.0,0.0030052661895751953,0.005720376968383789,0.003260374069213867
27,0.6,0.3,optimal,7,12,5,1.6666666666666667,7,16,5,1.6666666666666667,7,25,0,3.6666666666666665,0.004036426544189453,0.003004312515258789,0.0036957263946533203
28,0.6,0.3,optimal,7,12,5,1.6666666666666667,7,17,5,1.6666666666666667,7,24,0,3.6666666666666665,0.0029859542846679688,0.005162239074707031,0.002044677734375
29,0.6,0.3,optimal,7,12,5,1.0,7,15,5,1.0,7,21,0,2.6666666666666665,0.002993345260620117,0.004041433334350586,0.0030260086059570312
30,0.6,0.3,optimal,7,12,5,1.3333333333333333,7,16,5,1.3333333333333333,7,24,0,3.6666666666666665,0.00458216667175293,0.006955623626708984,0.0031898021697998047
31,0.6,0.3,optimal,7,13,5,1.6666666666666667,7,16,5,1.6666666666666667,7,25,0,4.333333333333333,0.00421142578125,0.005072355270385742,0.00400090217590332
32,0.6,0.3,optimal,7,12,5,1.3333333333333333,7,14,5,1.3333333333333333,7,22,0,3.3333333333333335,0.002004384994506836,0.00401759147644043,0.003626108169555664
33,0.6,0.3,optimal,7,13,5,1.6666666666666667,7,15,5,1.6666666666666667,7,25,0,4.0,0.004305362701416016,0.005198478698730469,0.0045549869537353516
34,0.6,0.3,optimal,7,12,5,1.0,7,15,5,0.6666666666666666,7,20,0,2.3333333333333335,0.0029990673065185547,0.004526376724243164,0.007561683654785156
35,0.6,0.3,optimal,7,12,5,1.3333333333333333,7,16,5,1.3333333333333333,7,24,0,3.6666666666666665,0.004662513732910156,0.0030050277709960938,0.0038917064666748047
36,0.6,0.3,optimal,7,12,5,1.3333333333333333,7,17,5,1.0,7,23,0,3.0,0.003977060317993164,0.0046999454498291016,0.0025739669799804688
37,0.6,0.3,optimal,7,13,5,1.3333333333333333,7,17,5,1.3333333333333333,7,23,0,3.3333333333333335,0.003034830093383789,0.005495548248291016,0.0034554004669189453
38,0.6,0.3,optimal,7,14,5,1.3333333333333333,7,16,5,1.3333333333333333,7,24,0,3.3333333333333335,0.004667997360229492,0.00575709342956543,0.0030045509338378906
39,0.6,0.3,optimal,7,13,5,1.0,7,15,5,1.0,7,22,0,2.6666666666666665,0.0030002593994140625,0.0050144195556640625,0.0020029544830322266
40,0.6,0.3,optimal,7,15,5,1.3333333333333333,7,17,5,1.3333333333333333,7,23,0,3.0,0.0035059452056884766,0.004594564437866211,0.0024566650390625
41,0.6,0.3,optimal,7,12,5,1.3333333333333333,7,15,5,1.3333333333333333,7,23,0,3.3333333333333335,0.003091573715209961,0.006208658218383789,0.003165006637573242
42,0.6,0.3,optimal,7,12,5,1.0,7,15,5,1.0,7,21,0,2.6666666666666665,0.003031492233276367,0.006720781326293945,0.0030143260955810547
43,0.6,0.3,optimal,7,12,5,1.0,7,15,5,1.0,7,22,0,2.6666666666666665,0.003541707992553711,0.004594087600708008,0.003030538558959961
44,0.6,0.3,optimal,7,14,5,1.3333333333333333,7,16,5,1.3333333333333333,7,22,1,3.3333333333333335,0.0035314559936523438,0.0050411224365234375,0.003726959228515625
45,0.6,0.3,optimal,7,13,5,1.3333333333333333,7,15,5,1.3333333333333333,7,23,0,3.3333333333333335,0.0033071041107177734,0.004015684127807617,0.0040018558502197266
46,0.6,0.3,optimal,7,12,5,1.3333333333333333,7,16,5,1.3333333333333333,7,23,0,3.6666666666666665,0.0044097900390625,0.0050241947174072266,0.0031986236572265625
47,0.6,0.3,optimal,7,13,5,1.3333333333333333,7,16,5,1.3333333333333333,7,24,0,3.3333333333333335,0.006326198577880859,0.003003835678100586,0.0025472640991210938
48,0.6,0.3,optimal,7,15,5,1.3333333333333333,7,17,5,1.3333333333333333,7,24,0,3.3333333333333335,0.003515005111694336,0.00453948974609375,0.00299835205078125
49,0.6,0.3,optimal,7,13,5,1.6666666666666667,7,16,5,1.6666666666666667,7,24,0,3.6666666666666665,0.0055141448974609375,0.003000020980834961,0.0035109519958496094
50,0.6,0.3,optimal,7,13,5,1.3333333333333333,7,16,5,1.3333333333333333,7,25,0,3.6666666666666665,0.003001689910888672,0.0029859542846679688,0.0035190582275390625
51,0.6,0.3,optimal,7,12,5,1.0,7,14,5,1.0,7,20,0,2.6666666666666665,0.006310462951660156,0.0050203800201416016,0.004537105560302734
52,0.6,0.3,optimal,7,15,5,1.3333333333333333,7,17,5,1.3333333333333333,7,22,0,3.3333333333333335,0.0030059814453125,0.005536079406738281,0.0030059814453125
53,0.6,0.3,optimal,7,14,5,1.6666666666666667,7,18,5,1.6666666666666667,7,24,1,4.0,0.005661487579345703,0.003000497817993164,0.0030040740966796875
54,0.6,0.3,optimal,7,11,5,1.3333333333333333,7,17,5,1.3333333333333333,7,22,0,2.6666666666666665,0.0030374526977539062,0.0036246776580810547,0.004004001617431641
55,0.6,0.3,optimal,7,14,5,1.3333333333333333,7,15,5,1.3333333333333333,7,22,0,2.6666666666666665,0.004534721374511719,0.004531145095825195,0.0030050277709960938
56,0.6,0.3,optimal,7,15,5,1.3333333333333333,7,16,5,1.3333333333333333,7,22,0,2.6666666666666665,0.007550239562988281,0.0035300254821777344,0.0025131702423095703
57,0.6,0.3,optimal,7,12,5,1.3333333333333333,7,16,5,1.3333333333333333,7,21,0,3.0,0.004648447036743164,0.005983114242553711,0.0030319690704345703
58,0.6,0.3,optimal,7,12,5,1.3333333333333333,7,16,5,1.3333333333333333,7,22,1,2.6666666666666665,0.0050241947174072266,0.003998517990112305,0.004716396331787109
59,0.6,0.3,optimal,7,17,5,1.3333333333333333,7,17,5,1.3333333333333333,7,22,0,2.6666666666666665,0.004042148590087891,0.00500178337097168,0.003043651580810547
60,0.6,0.3,optimal,7,15,5,1.6666666666666667,7,17,5,1.6666666666666667,7,23,0,3.3333333333333335,0.003524303436279297,0.0040204524993896484,0.005550861358642578
61,0.6,0.3,optimal,7,14,5,1.6666666666666667,7,15,5,1.6666666666666667,7,22,0,3.3333333333333335,0.003999948501586914,0.004027843475341797,0.0025186538696289062
62,0.6,0.3,optimal,7,14,5,1.6666666666666667,7,19,5,1.6666666666666667,7,24,0,3.3333333333333335,0.0030050277709960938,0.0025331974029541016,0.0045566558837890625
63,0.6,0.3,optimal,7,14,5,1.3333333333333333,7,16,5,1.3333333333333333,7,24,0,3.3333333333333335,0.004033565521240234,0.0035490989685058594,0.00409388542175293
64,0.6,0.3,optimal,7,13,5,1.3333333333333333,7,15,5,1.3333333333333333,7,22,0,3.0,0.0045316219329833984,0.009399652481079102,0.006546497344970703
65,0.6,0.3,optimal,7,13,5,1.3333333333333333,7,17,5,1.3333333333333333,7,23,0,3.3333333333333335,0.004341602325439453,0.003537893295288086,0.002017974853515625
66,0.6,0.3,optimal,7,10,5,1.0,7,11,5,1.0,7,21,0,2.3333333333333335,0.0009982585906982422,0.0030002593994140625,0.0015397071838378906
67,0.6,0.3,optimal,7,14,5,1.3333333333333333,7,17,5,1.0,7,22,0,3.3333333333333335,0.004679679870605469,0.004184246063232422,0.006011009216308594
68,0.6,0.3,optimal,7,14,5,1.3333333333333333,7,17,5,1.3333333333333333,7,22,0,3.0,0.004549264907836914,0.00411677360534668,0.0010085105895996094
69,0.6,0.3,optimal,7,13,5,1.6666666666666667,7,15,5,1.6666666666666667,7,26,0,4.333333333333333,0.0035676956176757812,0.005003929138183594,0.006994485855102539
70,0.6,0.3,optimal,7,14,5,1.0,7,16,5,1.0,7,22,0,2.6666666666666665,0.003998994827270508,0.006122112274169922,0.0035288333892822266
71,0.6,0.3,optimal,7,15,5,1.6666666666666667,7,18,5,1.6666666666666667,7,23,0,3.3333333333333335,0.005511045455932617,0.00543975830078125,0.0021245479583740234
72,0.6,0.3,optimal,7,16,5,1.6666666666666667,7,17,5,1.6666666666666667,7,24,0,3.3333333333333335,0.0029854774475097656,0.005799055099487305,0.003017425537109375
73,0.6,0.3,optimal,7,13,5,1.0,7,13,5,1.0,7,20,1,2.3333333333333335,0.0019948482513427734,0.006787538528442383,0.0010020732879638672
74,0.6,0.3,optimal,7,16,5,1.6666666666666667,7,18,5,1.6666666666666667,7,22,0,3.0,0.0035576820373535156,0.0041370391845703125,0.003549814224243164
75,0.6,0.3,optimal,7,13,5,1.3333333333333333,7,16,5,1.3333333333333333,7,25,0,3.6666666666666665,0.004821062088012695,0.00493621826171875,0.0030181407928466797
76,0.6,0.3,optimal,7,16,5,1.6666666666666667,7,17,5,1.6666666666666667,7,24,0,3.6666666666666665,0.002989053726196289,0.004003763198852539,0.003998756408691406
77,0.6,0.3,optimal,7,13,5,1.3333333333333333,7,13,5,1.3333333333333333,7,21,0,2.6666666666666665,0.006205558776855469,0.0034122467041015625,0.0020051002502441406
78,0.6,0.3,optimal,7,12,5,1.0,7,15,5,1.0,7,21,0,2.6666666666666665,0.006246328353881836,0.006211042404174805,0.004514455795288086
79,0.6,0.3,optimal,7,15,5,1.3333333333333333,7,18,5,1.3333333333333333,7,24,0,3.3333333333333335,0.003033161163330078,0.005017995834350586,0.004556179046630859
80,0.6,0.3,optimal,7,13,5,1.3333333333333333,7,16,5,1.3333333333333333,7,22,0,2.6666666666666665,0.009908676147460938,0.009582996368408203,0.0053539276123046875
81,0.6,0.3,optimal,7,13,5,1.3333333333333333,7,14,5,1.3333333333333333,7,22,0,3.0,0.011914968490600586,0.005618572235107422,0.00653839111328125
82,0.6,0.3,optimal,7,12,5,1.0,7,16,5,1.0,7,20,0,2.3333333333333335,0.003400564193725586,0.00725102424621582,0.00450897216796875
83,0.6,0.3,optimal,7,11,5,1.3333333333333333,7,15,5,1.3333333333333333,7,23,0,3.3333333333333335,0.007092714309692383,0.004501819610595703,0.0033109188079833984
84,0.6,0.3,optimal,7,16,5,1.3333333333333333,7,16,5,1.3333333333333333,7,22,1,2.6666666666666665,0.004706621170043945,0.004012107849121094,0.003519773483276367
85,0.6,0.3,optimal,7,14,5,1.3333333333333333,7,18,5,1.3333333333333333,7,24,0,3.6666666666666665,0.0060329437255859375,0.0035521984100341797,0.0030145645141601562
86,0.6,0.3,optimal,7,13,5,1.3333333333333333,7,17,5,1.3333333333333333,7,22,0,3.0,0.0032851696014404297,0.005575895309448242,0.002997159957885742
87,0.6,0.3,optimal,7,12,5,0.6666666666666666,7,16,5,0.6666666666666666,7,21,0,2.3333333333333335,0.005025625228881836,0.006893157958984375,0.0035467147827148438
88,0.6,0.3,optimal,7,14,5,1.3333333333333333,7,16,5,1.3333333333333333,7,23,0,3.3333333333333335,0.004996061325073242,0.007669925689697266,0.003541707992553711
89,0.6,0.3,optimal,7,14,5,1.0,7,15,5,1.0,7,21,0,2.6666666666666665,0.00451970100402832,0.004017829895019531,0.003648996353149414
90,0.6,0.3,optimal,7,13,5,0.6666666666666666,7,15,5,0.6666666666666666,7,20,0,2.3333333333333335,0.004522085189819336,0.004523515701293945,0.002012968063354492
91,0.6,0.3,optimal,7,14,5,1.3333333333333333,7,17,5,1.3333333333333333,7,23,1,3.0,0.003996849060058594,0.007531881332397461,0.004515409469604492
92,0.6,0.3,optimal,7,14,5,1.3333333333333333,7,18,5,1.3333333333333333,7,23,0,3.0,0.0050313472747802734,0.004511356353759766,0.0030126571655273438
93,0.6,0.3,optimal,7,12,5,1.6666666666666667,7,17,5,1.6666666666666667,7,24,0,3.6666666666666665,0.0030040740966796875,0.0055582523345947266,0.003307819366455078
94,0.6,0.3,optimal,7,14,5,1.3333333333333333,7,16,5,1.3333333333333333,7,23,0,3.3333333333333335,0.004990100860595703,0.003000974655151367,0.0035266876220703125
95,0.6,0.3,optimal,7,15,5,1.3333333333333333,7,15,5,1.3333333333333333,7,24,0,3.6666666666666665,0.006920814514160156,0.004990339279174805,0.005675792694091797
96,0.6,0.3,optimal,7,14,5,1.3333333333333333,7,17,5,1.3333333333333333,7,23,0,3.0,0.0030012130737304688,0.005002021789550781,0.0036001205444335938
97,0.6,0.3,optimal,7,13,5,1.0,7,14,5,1.0,7,20,0,2.6666666666666665,0.0020041465759277344,0.0030066967010498047,0.003512859344482422
98,0.6,0.3,optimal,7,10,5,1.0,7,13,5,1.0,7,22,0,2.6666666666666665,0.0035283565521240234,0.005007505416870117,0.0030105113983154297
99,0.6,0.3,optimal,7,11,5,1.0,7,16,5,1.0,7,22,0,2.6666666666666665,0.004003047943115234,0.0040018558502197266,0.004996538162231445
0,0.6,0.5,optimal,7,16,5,1.3333333333333333,7,17,5,1.3333333333333333,7,23,0,3.0,0.0030052661895751953,0.002000093460083008,0.001522064208984375
1,0.6,0.5,optimal,7,14,5,1.3333333333333333,7,18,5,1.3333333333333333,7,24,0,3.3333333333333335,0.00400090217590332,0.003106832504272461,0.0038535594940185547
2,0.6,0.5,optimal,7,11,5,0.6666666666666666,7,14,5,0.6666666666666666,7,21,0,2.3333333333333335,0.0068891048431396484,0.0045833587646484375,0.006628513336181641
3,0.6,0.5,optimal,7,18,5,1.6666666666666667,7,18,5,1.6666666666666667,7,24,0,3.6666666666666665,0.0029897689819335938,0.0025610923767089844,0.0041620731353759766
4,0.6,0.5,optimal,7,18,5,1.3333333333333333,7,18,5,1.3333333333333333,7,23,0,3.0,0.0030341148376464844,0.005617856979370117,0.003004312515258789
5,0.6,0.5,optimal,7,13,5,1.3333333333333333,7,17,5,1.3333333333333333,7,23,0,3.0,0.004518032073974609,0.0050089359283447266,0.015116691589355469
6,0.6,0.5,optimal,7,13,5,1.3333333333333333,7,17,5,1.3333333333333333,7,23,0,3.3333333333333335,0.005438566207885742,0.0025177001953125,0.002981901168823242
7,0.6,0.5,optimal,7,15,5,1.3333333333333333,7,18,5,1.3333333333333333,7,24,0,3.6666666666666665,0.0065288543701171875,0.003997325897216797,0.0035338401794433594
8,0.6,0.5,optimal,7,12,5,1.0,7,14,5,1.0,7,22,0,2.6666666666666665,0.002997875213623047,0.006587505340576172,0.002545595169067383
9,0.6,0.5,optimal,7,13,5,1.3333333333333333,7,16,5,1.3333333333333333,7,23,0,3.0,0.00466465950012207,0.004288911819458008,0.003009319305419922
10,0.6,0.5,optimal,7,16,5,1.0,7,17,5,1.0,7,22,0,2.6666666666666665,0.0039823055267333984,0.004709005355834961,0.004037380218505859
11,0.6,0.5,optimal,7,15,5,1.3333333333333333,7,17,5,1.3333333333333333,7,23,0,3.0,0.004782676696777344,0.005525827407836914,0.0029828548431396484
12,0.6,0.5,optimal,7,13,5,1.3333333333333333,7,17,5,1.3333333333333333,7,23,0,3.0,0.002988576889038086,0.005658388137817383,0.0030035972595214844
13,0.6,0.5,optimal,7,14,5,1.3333333333333333,7,18,5,1.3333333333333333,7,23,0,3.0,0.003004312515258789,0.00799560546875,0.003543853759765625
14,0.6,0.5,optimal,7,15,5,1.3333333333333333,7,18,5,1.3333333333333333,7,23,0,3.0,0.0035352706909179688,0.004477262496948242,0.003039121627807617
15,0.6,0.5,optimal,7,16,5,1.3333333333333333,7,17,5,1.3333333333333333,7,22,0,2.6666666666666665,0.005048274993896484,0.004143953323364258,0.00575709342956543
16,0.6,0.5,optimal,7,16,5,1.3333333333333333,7,16,5,1.3333333333333333,7,24,0,3.3333333333333335,0.004527568817138672,0.005217075347900391,0.0025222301483154297
17,0.6,0.5,optimal,7,13,5,1.0,7,15,5,1.0,7,22,0,2.6666666666666665,0.0029942989349365234,0.0060939788818359375,0.014578580856323242
18,0.6,0.5,optimal,7,15,5,1.0,7,17,5,1.0,7,22,0,2.6666666666666665,0.017074108123779297,0.009534835815429688,0.006794452667236328
19,0.6,0.5,optimal,7,12,5,1.3333333333333333,7,16,5,1.3333333333333333,7,23,0,3.0,0.010447263717651367,0.005128622055053711,0.0051310062408447266
20,0.6,0.5,optimal,7,14,5,1.6666666666666667,7,18,5,1.6666666666666667,7,24,0,3.3333333333333335,0.006436586380004883,0.005002021789550781,0.005697011947631836
21,0.6,0.5,optimal,7,13,5,1.0,7,15,5,1.0,7,23,0,3.3333333333333335,0.005947589874267578,0.0035970211029052734,0.004239082336425781
22,0.6,0.5,optimal,7,14,5,0.6666666666666666,7,16,5,0.6666666666666666,7,21,0,2.3333333333333335,0.010721921920776367,0.003554105758666992,0.006055593490600586
23,0.6,0.5,optimal,7,17,5,1.3333333333333333,7,18,5,1.3333333333333333,7,23,0,3.0,0.003511190414428711,0.010230541229248047,0.0035400390625
24,0.6,0.5,optimal,7,16,5,1.3333333333333333,7,18,5,1.3333333333333333,7,24,0,3.3333333333333335,0.005574941635131836,0.009054422378540039,0.0039904117584228516
25,0.6,0.5,optimal,7,12,5,1.0,7,16,5,0.6666666666666666,7,21,0,2.6666666666666665,0.006237506866455078,0.007790327072143555,0.001524209976196289
26,0.6,0.5,optimal,7,14,5,1.3333333333333333,7,15,5,1.3333333333333333,7,23,0,3.0,0.0031652450561523438,0.0062558650970458984,0.0036172866821289062
27,0.6,0.5,optimal,7,14,5,1.6666666666666667,7,17,5,1.6666666666666667,7,25,0,3.6666666666666665,0.004079103469848633,0.004006147384643555,0.0030002593994140625
28,0.6,0.5,optimal,7,13,5,1.6666666666666667,7,19,5,1.6666666666666667,7,25,0,3.6666666666666665,0.005203962326049805,0.005017757415771484,0.0020372867584228516
29,0.6,0.5,optimal,7,13,5,1.0,7,16,5,1.0,7,21,0,2.6666666666666665,0.01003122329711914,0.005261898040771484,0.0050182342529296875
30,0.6,0.5,optimal,7,14,5,1.3333333333333333,7,17,5,1.3333333333333333,7,25,0,3.6666666666666665,0.004564762115478516,0.005610466003417969,0.002985239028930664
31,0.6,0.5,optimal,7,15,5,1.6666666666666667,7,18,5,1.6666666666666667,7,27,0,4.333333333333333,0.0054171085357666016,0.010576248168945312,0.0065212249755859375
32,0.6,0.5,optimal,7,12,5,1.3333333333333333,7,16,5,1.3333333333333333,7,24,0,3.3333333333333335,0.0015311241149902344,0.006002187728881836,0.008080720901489258
33,0.6,0.5,optimal,7,14,5,1.6666666666666667,7,16,5,1.6666666666666667,7,26,0,4.0,0.005469560623168945,0.0057680606842041016,0.0030095577239990234
34,0.6,0.5,optimal,7,15,5,1.0,7,16,5,1.0,7,22,0,2.6666666666666665,0.0039250850677490234,0.0053789615631103516,0.004030466079711914
35,0.6,0.5,optimal,7,14,5,1.3333333333333333,7,18,5,1.3333333333333333,7,25,0,3.6666666666666665,0.006245136260986328,0.004575967788696289,0.0033686161041259766
36,0.6,0.5,optimal,7,13,5,1.3333333333333333,7,17,5,1.3333333333333333,7,23,0,3.0,0.004527091979980469,0.004799604415893555,0.0022940635681152344
37,0.6,0.5,optimal,7,13,5,1.3333333333333333,7,18,5,1.3333333333333333,7,24,0,3.3333333333333335,0.007313728332519531,0.005546092987060547,0.0030133724212646484
38,0.6,0.5,optimal,7,15,5,1.3333333333333333,7,18,5,1.3333333333333333,7,25,0,3.6666666666666665,0.002996683120727539,0.00501704216003418,0.004561662673950195
39,0.6,0.5,optimal,7,13,5,1.0,7,15,5,1.0,7,22,0,2.6666666666666665,0.003030061721801758,0.0065038204193115234,0.0010023117065429688
40,0.6,0.5,optimal,7,16,5,1.3333333333333333,7,18,5,1.3333333333333333,7,23,0,3.0,0.003511190414428711,0.005159139633178711,0.003085613250732422
41,0.6,0.5,optimal,7,13,5,1.3333333333333333,7,17,5,1.3333333333333333,7,24,0,3.3333333333333335,0.003017902374267578,0.004004240036010742,0.007021188735961914
42,0.6,0.5,optimal,7,14,5,1.0,7,16,5,1.0,7,22,0,2.6666666666666665,0.0030517578125,0.0062334537506103516,0.005254268646240234
43,0.6,0.5,optimal,7,13,5,1.0,7,15,5,1.0,7,22,0,2.6666666666666665,0.003996849060058594,0.003016948699951172,0.003341197967529297
44,0.6,0.5,optimal,7,15,5,1.3333333333333333,7,18,5,1.3333333333333333,7,25,0,3.6666666666666665,0.005061626434326172,0.005256175994873047,0.0035529136657714844
45,0.6,0.5,optimal,7,15,5,1.3333333333333333,7,18,5,1.3333333333333333,7,24,0,3.3333333333333335,0.004994869232177734,0.008696556091308594,0.005117893218994141
46,0.6,0.5,optimal,7,14,5,1.3333333333333333,7,18,5,1.3333333333333333,7,25,0,3.6666666666666665,0.004029035568237305,0.00472259521484375,0.006297588348388672
47,0.6,0.5,optimal,7,15,5,1.3333333333333333,7,17,5,1.3333333333333333,7,24,0,3.3333333333333335,0.0030007362365722656,0.0050165653228759766,0.00353240966796875
48,0.6,0.5,optimal,7,15,5,1.3333333333333333,7,17,5,1.3333333333333333,7,24,0,3.3333333333333335,0.0043659210205078125,0.0033693313598632812,0.004532337188720703
49,0.6,0.5,optimal,7,14,5,1.6666666666666667,7,18,5,1.6666666666666667,7,24,0,3.3333333333333335,0.006537675857543945,0.0045223236083984375,0.0030031204223632812
50,0.6,0.5,optimal,7,14,5,1.3333333333333333,7,16,5,1.3333333333333333,7,26,0,4.0,0.0045070648193359375,0.003996610641479492,0.0035338401794433594
51,0.6,0.5,optimal,7,15,5,1.0,7,16,5,1.0,7,22,0,2.6666666666666665,0.006539583206176758,0.0066680908203125,0.008002996444702148
52,0.6,0.5,optimal,7,16,5,1.3333333333333333,7,17,5,1.3333333333333333,7,23,0,3.3333333333333335,0.006118059158325195,0.0059604644775390625,0.0030002593994140625
53,0.6,0.5,optimal,7,16,5,1.6666666666666667,7,19,5,1.6666666666666667,7,26,0,4.333333333333333,0.004001140594482422,0.004063129425048828,0.002003192901611328
54,0.6,0.5,optimal,7,13,5,1.3333333333333333,7,18,5,1.3333333333333333,7,23,0,3.0,0.00400233268737793,0.005532264709472656,0.0030236244201660156
55,0.6,0.5,optimal,7,16,5,1.3333333333333333,7,17,5,1.3333333333333333,7,23,0,3.0,0.003000974655151367,0.003032207489013672,0.004485130310058594
56,0.6,0.5,optimal,7,16,5,1.3333333333333333,7,16,5,1.3333333333333333,7,23,0,3.0,0.0030045509338378906,0.004035234451293945,0.0040128231048583984
57,0.6,0.5,optimal,7,14,5,1.3333333333333333,7,17,5,1.3333333333333333,7,23,0,3.0,0.004415750503540039,0.0035390853881835938,0.0030171871185302734
58,0.6,0.5,optimal,7,13,5,1.3333333333333333,7,18,5,1.3333333333333333,7,23,0,3.0,0.008719205856323242,0.008539915084838867,0.002018451690673828
59,0.6,0.5,optimal,7,17,5,1.3333333333333333,7,17,5,1.3333333333333333,7,23,0,3.0,0.0035219192504882812,0.0030031204223632812,0.004529714584350586
60,0.6,0.5,optimal,7,17,5,1.6666666666666667,7,19,5,1.6666666666666667,7,24,0,3.3333333333333335,0.004015445709228516,0.005037546157836914,0.013545036315917969
61,0.6,0.5,optimal,7,17,5,1.6666666666666667,7,18,5,1.6666666666666667,7,24,0,3.3333333333333335,0.00403904914855957,0.0040090084075927734,0.0028717517852783203
62,0.6,0.5,optimal,7,17,5,1.6666666666666667,7,19,5,1.6666666666666667,7,25,0,3.6666666666666665,0.00586247444152832,0.0029904842376708984,0.004196643829345703
63,0.6,0.5,optimal,7,15,5,1.3333333333333333,7,18,5,1.3333333333333333,7,24,0,3.3333333333333335,0.008049249649047852,0.02120375633239746,0.007134914398193359
64,0.6,0.5,optimal,7,13,5,1.3333333333333333,7,16,5,1.3333333333333333,7,24,0,3.3333333333333335,0.004468441009521484,0.0040073394775390625,0.004118204116821289
65,0.6,0.5,optimal,7,16,5,1.3333333333333333,7,18,5,1.3333333333333333,7,24,0,3.3333333333333335,0.008342266082763672,0.011604785919189453,0.0020093917846679688
66,0.6,0.5,optimal,7,12,5,1.0,7,13,5,1.0,7,22,0,2.6666666666666665,0.002195119857788086,0.00601959228515625,0.005009889602661133
67,0.6,0.5,optimal,7,15,5,1.3333333333333333,7,18,5,1.3333333333333333,7,24,0,3.3333333333333335,0.004464626312255859,0.007048845291137695,0.01710033416748047
68,0.6,0.5,optimal,7,14,5,1.3333333333333333,7,17,5,1.3333333333333333,7,23,0,3.0,0.004002809524536133,0.007812023162841797,0.0035638809204101562
69,0.6,0.5,optimal,7,13,5,1.6666666666666667,7,17,5,1.6666666666666667,7,26,0,4.333333333333333,0.004004001617431641,0.017063379287719727,0.004622697830200195
70,0.6,0.5,optimal,7,14,5,1.0,7,16,5,1.0,7,22,0,2.6666666666666665,0.003208160400390625,0.0058710575103759766,0.0030031204223632812
71,0.6,0.5,optimal,7,15,5,1.6666666666666667,7,18,5,1.6666666666666667,7,23,0,3.3333333333333335,0.003016948699951172,0.005526542663574219,0.0030007362365722656
72,0.6,0.5,optimal,7,16,5,1.6666666666666667,7,18,5,1.6666666666666667,7,24,0,3.3333333333333335,0.007505178451538086,0.005540132522583008,0.012830495834350586
73,0.6,0.5,optimal,7,14,5,1.0,7,15,5,1.0,7,21,0,2.6666666666666665,0.0025305747985839844,0.004000186920166016,0.0010006427764892578
74,0.6,0.5,optimal,7,17,5,1.6666666666666667,7,18,5,1.6666666666666667,7,24,0,3.3333333333333335,0.00701594352722168,0.007451295852661133,0.005566596984863281
75,0.6,0.5,optimal,7,13,5,1.3333333333333333,7,17,5,1.3333333333333333,7,25,0,3.6666666666666665,0.003515005111694336,0.007042884826660156,0.003592967987060547
76,0.6,0.5,optimal,7,17,5,1.6666666666666667,7,18,5,1.6666666666666667,7,25,0,3.6666666666666665,0.004491329193115234,0.004538774490356445,0.0035228729248046875
77,0.6,0.5,optimal,7,15,5,1.3333333333333333,7,16,5,1.0,7,23,0,3.0,0.0025453567504882812,0.0030002593994140625,0.0038559436798095703
78,0.6,0.5,optimal,7,15,5,1.0,7,16,5,1.0,7,21,0,2.6666666666666665,0.002996206283569336,0.004513978958129883,0.002988100051879883
79,0.6,0.5,optimal,7,15,5,1.3333333333333333,7,18,5,1.3333333333333333,7,24,0,3.3333333333333335,0.005530118942260742,0.0067746639251708984,0.00426793098449707
80,0.6,0.5,optimal,7,14,5,1.3333333333333333,7,18,5,1.3333333333333333,7,23,0,3.0,0.002980470657348633,0.004993915557861328,0.0045316219329833984
81,0.6,0.5,optimal,7,14,5,1.3333333333333333,7,16,5,1.3333333333333333,7,22,0,3.0,0.003996610641479492,0.004530191421508789,0.0030384063720703125
82,0.6,0.5,optimal,7,13,5,1.0,7,17,5,1.0,7,21,0,2.3333333333333335,0.0035064220428466797,0.004994630813598633,0.0050318241119384766
83,0.6,0.5,optimal,7,13,5,1.3333333333333333,7,16,5,1.3333333333333333,7,23,0,3.3333333333333335,0.0030252933502197266,0.004524946212768555,0.004450798034667969
84,0.6,0.5,optimal,7,17,5,1.3333333333333333,7,18,5,1.3333333333333333,7,22,1,2.6666666666666665,0.003990650177001953,0.0041162967681884766,0.0035371780395507812
85,0.6,0.5,optimal,7,16,5,1.3333333333333333,7,18,5,1.3333333333333333,7,25,0,3.6666666666666665,0.0050122737884521484,0.005529880523681641,0.0029959678649902344
86,0.6,0.5,optimal,7,14,5,1.3333333333333333,7,17,5,1.3333333333333333,7,23,0,3.0,0.003000020980834961,0.0059926509857177734,0.0035622119903564453
87,0.6,0.5,optimal,7,12,5,0.6666666666666666,7,16,5,0.6666666666666666,7,21,0,2.3333333333333335,0.003005504608154297,0.004035234451293945,0.002997875213623047
88,0.6,0.5,optimal,7,15,5,1.3333333333333333,7,17,5,1.3333333333333333,7,24,0,3.3333333333333335,0.002999544143676758,0.004002571105957031,0.0025086402893066406
89,0.6,0.5,optimal,7,14,5,1.0,7,15,5,1.0,7,22,0,2.6666666666666665,0.003999233245849609,0.0050504207611083984,0.0020041465759277344
90,0.6,0.5,optimal,7,14,5,0.6666666666666666,7,16,5,0.6666666666666666,7,20,0,2.3333333333333335,0.001998424530029297,0.004005908966064453,0.0035195350646972656
91,0.6,0.5,optimal,7,16,5,1.3333333333333333,7,17,5,1.3333333333333333,7,24,0,3.3333333333333335,0.0035064220428466797,0.004521846771240234,0.003004789352416992
92,0.6,0.5,optimal,7,14,5,1.3333333333333333,7,18,5,1.3333333333333333,7,23,0,3.0,0.004081010818481445,0.0037729740142822266,0.0024895668029785156
93,0.6,0.5,optimal,7,16,5,1.6666666666666667,7,19,5,1.6666666666666667,7,25,0,3.6666666666666665,0.0026483535766601562,0.004045724868774414,0.0020475387573242188
94,0.6,0.5,optimal,7,15,5,1.3333333333333333,7,18,5,1.3333333333333333,7,23,0,3.3333333333333335,0.003992557525634766,0.0035734176635742188,0.0030002593994140625
95,0.6,0.5,optimal,7,15,5,1.3333333333333333,7,16,5,1.3333333333333333,7,25,0,3.6666666666666665,0.00452733039855957,0.007537841796875,0.00528407096862793
96,0.6,0.5,optimal,7,15,5,1.3333333333333333,7,18,5,1.3333333333333333,7,23,0,3.0,0.004522800445556641,0.0060100555419921875,0.006600141525268555
97,0.6,0.5,optimal,7,14,5,1.0,7,16,5,1.0,7,22,0,2.6666666666666665,0.0023453235626220703,0.0050051212310791016,0.007312297821044922
98,0.6,0.5,optimal,7,13,5,1.0,7,16,5,1.0,7,22,0,2.6666666666666665,0.005042314529418945,0.008427143096923828,0.0024776458740234375
99,0.6,0.5,optimal,7,13,5,1.0,7,17,5,1.0,7,22,0,2.6666666666666665,0.007740497589111328,0.010697603225708008,0.004998922348022461
0,0.6,0.7,optimal,7,17,5,1.3333333333333333,7,17,5,1.3333333333333333,7,23,0,3.0,0.0035212039947509766,0.00400543212890625,0.0009946823120117188
1,0.6,0.7,optimal,7,14,5,1.3333333333333333,7,18,5,1.3333333333333333,7,24,0,3.3333333333333335,0.009105205535888672,0.009552717208862305,0.005196571350097656
2,0.6,0.7,optimal,7,14,5,0.6666666666666666,7,15,5,0.6666666666666666,7,21,0,2.3333333333333335,0.032697200775146484,0.010570526123046875,0.009577035903930664
3,0.6,0.7,optimal,7,18,5,1.6666666666666667,7,18,5,1.6666666666666667,7,24,0,3.3333333333333335,0.003998517990112305,0.005716800689697266,0.0029973983764648438
4,0.6,0.7,optimal,7,18,5,1.3333333333333333,7,18,5,1.3333333333333333,7,23,0,3.0,0.0075321197509765625,0.004770755767822266,0.0044574737548828125
5,0.6,0.7,optimal,7,15,5,1.3333333333333333,7,18,5,1.3333333333333333,7,23,0,3.0,0.003995418548583984,0.0030074119567871094,0.003503084182739258
6,0.6,0.7,optimal,7,16,5,1.3333333333333333,7,18,5,1.3333333333333333,7,23,0,3.3333333333333335,0.005339145660400391,0.003998994827270508,0.004030704498291016
7,0.6,0.7,optimal,7,16,5,1.3333333333333333,7,18,5,1.3333333333333333,7,25,0,3.6666666666666665,0.0029997825622558594,0.002513408660888672,0.00512385368347168
8,0.6,0.7,optimal,7,15,5,1.0,7,17,5,1.0,7,22,0,2.6666666666666665,0.004857301712036133,0.004155635833740234,0.0035355091094970703
9,0.6,0.7,optimal,7,14,5,1.3333333333333333,7,18,5,1.3333333333333333,7,23,0,3.0,0.0035393238067626953,0.004003286361694336,0.0035130977630615234
10,0.6,0.7,optimal,7,17,5,1.0,7,17,5,1.0,7,22,0,2.6666666666666665,0.003027677536010742,0.004127025604248047,0.0030035972595214844
11,0.6,0.7,optimal,7,17,5,1.3333333333333333,7,18,5,1.3333333333333333,7,24,0,3.3333333333333335,0.0032901763916015625,0.003096342086791992,0.00330352783203125
12,0.6,0.7,optimal,7,14,5,1.3333333333333333,7,18,5,1.3333333333333333,7,23,0,3.0,0.006541252136230469,0.003000020980834961,0.0040056705474853516
13,0.6,0.7,optimal,7,15,5,1.3333333333333333,7,18,5,1.3333333333333333,7,23,0,3.0,0.002747058868408203,0.0050127506256103516,0.004153728485107422
14,0.6,0.7,optimal,7,16,5,1.3333333333333333,7,18,5,1.3333333333333333,7,23,0,3.0,0.005281925201416016,0.004616498947143555,0.0031719207763671875
15,0.6,0.7,optimal,7,17,5,1.3333333333333333,7,18,5,1.3333333333333333,7,23,0,3.0,0.003691434860229492,0.003998994827270508,0.0034813880920410156
16,0.6,0.7,optimal,7,16,5,1.3333333333333333,7,17,5,1.3333333333333333,7,24,0,3.3333333333333335,0.005131959915161133,0.006974697113037109,0.003567934036254883
17,0.6,0.7,optimal,7,16,5,1.0,7,16,5,1.0,7,22,0,2.6666666666666665,0.004821062088012695,0.00424957275390625,0.003510713577270508
18,0.6,0.7,optimal,7,17,5,1.0,7,17,5,1.0,7,22,0,2.6666666666666665,0.0039823055267333984,0.0045795440673828125,0.012601852416992188
19,0.6,0.7,optimal,7,16,5,1.3333333333333333,7,18,5,1.3333333333333333,7,24,0,3.3333333333333335,0.004010438919067383,0.0031235218048095703,0.002507448196411133
20,0.6,0.7,optimal,7,16,5,1.6666666666666667,7,19,5,1.6666666666666667,7,24,0,3.3333333333333335,0.0039861202239990234,0.0035245418548583984,0.002038240432739258
21,0.6,0.7,optimal,7,15,5,1.0,7,17,5,1.0,7,23,0,3.3333333333333335,0.0039980411529541016,0.004981517791748047,0.00400090217590332
22,0.6,0.7,optimal,7,14,5,0.6666666666666666,7,16,5,0.6666666666666666,7,21,0,2.3333333333333335,0.004017353057861328,0.0035347938537597656,0.004001140594482422
23,0.6,0.7,optimal,7,17,5,1.3333333333333333,7,18,5,1.3333333333333333,7,23,0,3.0,0.005236387252807617,0.0035479068756103516,0.0033152103424072266
24,0.6,0.7,optimal,7,16,5,1.3333333333333333,7,18,5,1.3333333333333333,7,24,0,3.3333333333333335,0.004525184631347656,0.0049974918365478516,0.0040225982666015625
25,0.6,0.7,optimal,7,13,5,1.0,7,16,5,1.0,7,22,0,2.6666666666666665,0.0069925785064697266,0.003523588180541992,0.0
26,0.6,0.7,optimal,7,14,5,1.3333333333333333,7,16,5,1.3333333333333333,7,23,0,3.0,0.004527091979980469,0.005052804946899414,0.0019996166229248047
27,0.6,0.7,optimal,7,16,5,1.6666666666666667,7,17,5,1.6666666666666667,7,25,0,3.6666666666666665,0.004988670349121094,0.0047228336334228516,0.0035669803619384766
28,0.6,0.7,optimal,7,14,5,1.6666666666666667,7,19,5,1.6666666666666667,7,25,0,3.6666666666666665,0.004545450210571289,0.004009723663330078,0.004824638366699219
29,0.6,0.7,optimal,7,15,5,1.0,7,16,5,1.0,7,22,0,2.6666666666666665,0.005472421646118164,0.005280256271362305,0.0020313262939453125
30,0.6,0.7,optimal,7,15,5,1.3333333333333333,7,18,5,1.3333333333333333,7,25,0,3.6666666666666665,0.0055179595947265625,0.010479927062988281,0.00351715087890625
31,0.6,0.7,optimal,7,18,5,1.6666666666666667,7,19,5,1.6666666666666667,7,27,0,4.333333333333333,0.0049953460693359375,0.005052328109741211,0.0029861927032470703
32,0.6,0.7,optimal,7,15,5,1.3333333333333333,7,18,5,1.3333333333333333,7,24,0,3.3333333333333335,0.003009796142578125,0.004528522491455078,0.0030035972595214844
33,0.6,0.7,optimal,7,16,5,1.6666666666666667,7,18,5,1.6666666666666667,7,26,0,4.0,0.003554821014404297,0.004467964172363281,0.003849506378173828
34,0.6,0.7,optimal,7,16,5,1.0,7,16,5,1.0,7,22,0,2.6666666666666665,0.002513885498046875,0.004996776580810547,0.003528118133544922
35,0.6,0.7,optimal,7,15,5,1.3333333333333333,7,18,5,1.3333333333333333,7,25,0,3.6666666666666665,0.0033838748931884766,0.003993511199951172,0.00452423095703125
36,0.6,0.7,optimal,7,17,5,1.3333333333333333,7,18,5,1.3333333333333333,7,24,0,3.3333333333333335,0.0049817562103271484,0.0030112266540527344,0.00472569465637207
37,0.6,0.7,optimal,7,16,5,1.3333333333333333,7,18,5,1.3333333333333333,7,24,0,3.3333333333333335,0.0045964717864990234,0.004534006118774414,0.0032215118408203125
38,0.6,0.7,optimal,7,18,5,1.3333333333333333,7,18,5,1.3333333333333333,7,25,0,3.6666666666666665,0.004422903060913086,0.005097150802612305,0.00509953498840332
39,0.6,0.7,optimal,7,14,5,1.0,7,16,5,1.0,7,22,0,2.6666666666666665,0.00908517837524414,0.004998445510864258,0.0045201778411865234
40,0.6,0.7,optimal,7,16,5,1.3333333333333333,7,18,5,1.3333333333333333,7,23,0,3.0,0.008175134658813477,0.0044765472412109375,0.004515171051025391
41,0.6,0.7,optimal,7,15,5,1.3333333333333333,7,18,5,1.3333333333333333,7,24,0,3.3333333333333335,0.00501561164855957,0.00690913200378418,0.0040760040283203125
42,0.6,0.7,optimal,7,14,5,1.0,7,17,5,1.0,7,22,0,2.6666666666666665,0.002004861831665039,0.0070760250091552734,0.003038644790649414
43,0.6,0.7,optimal,7,15,5,1.0,7,17,5,1.0,7,22,0,2.6666666666666665,0.0030269622802734375,0.0049915313720703125,0.002000093460083008
44,0.6,0.7,optimal,7,17,5,1.3333333333333333,7,18,5,1.3333333333333333,7,25,0,3.6666666666666665,0.003545999526977539,0.00398564338684082,0.004130363464355469
45,0.6,0.7,optimal,7,17,5,1.3333333333333333,7,18,5,1.3333333333333333,7,24,0,3.3333333333333335,0.003998756408691406,0.006996631622314453,0.00334930419921875
46,0.6,0.7,optimal,7,17,5,1.3333333333333333,7,18,5,1.3333333333333333,7,25,0,3.6666666666666665,0.0034470558166503906,0.0065462589263916016,0.004103660583496094
47,0.6,0.7,optimal,7,15,5,1.3333333333333333,7,18,5,1.3333333333333333,7,24,0,3.3333333333333335,0.0056726932525634766,0.0056684017181396484,0.006481170654296875
48,0.6,0.7,optimal,7,16,5,1.3333333333333333,7,17,5,1.3333333333333333,7,24,0,3.3333333333333335,0.004529237747192383,0.0045278072357177734,0.004509449005126953
49,0.6,0.7,optimal,7,18,5,1.6666666666666667,7,19,5,1.6666666666666667,7,24,0,3.3333333333333335,0.004566669464111328,0.0035316944122314453,0.004012346267700195
50,0.6,0.7,optimal,7,15,5,1.3333333333333333,7,17,5,1.3333333333333333,7,26,0,4.0,0.00552058219909668,0.005905866622924805,0.005007743835449219
51,0.6,0.7,optimal,7,16,5,1.0,7,17,5,1.0,7,22,0,2.6666666666666665,0.003996133804321289,0.00456690788269043,0.004048585891723633
52,0.6,0.7,optimal,7,16,5,1.3333333333333333,7,18,5,1.3333333333333333,7,24,0,3.3333333333333335,0.003000974655151367,0.005889892578125,0.003156900405883789
53,0.6,0.7,optimal,7,19,5,1.6666666666666667,7,19,5,1.6666666666666667,7,27,0,4.333333333333333,0.004243612289428711,0.005557060241699219,0.004510164260864258
54,0.6,0.7,optimal,7,14,5,1.3333333333333333,7,18,5,1.3333333333333333,7,23,0,3.0,0.010554790496826172,0.009528398513793945,0.005528450012207031
55,0.6,0.7,optimal,7,16,5,1.3333333333333333,7,18,5,1.3333333333333333,7,23,0,3.0,0.004036664962768555,0.005085945129394531,0.004021644592285156
56,0.6,0.7,optimal,7,16,5,1.3333333333333333,7,18,5,1.3333333333333333,7,23,0,3.0,0.004017829895019531,0.004016399383544922,0.00250244140625
57,0.6,0.7,optimal,7,16,5,1.3333333333333333,7,18,5,1.3333333333333333,7,23,0,3.0,0.003011465072631836,0.003983259201049805,0.003036975860595703
58,0.6,0.7,optimal,7,15,5,1.3333333333333333,7,18,5,1.3333333333333333,7,23,0,3.0,0.003983736038208008,0.005268096923828125,0.0066890716552734375
59,0.6,0.7,optimal,7,18,5,1.3333333333333333,7,18,5,1.3333333333333333,7,23,0,3.0,0.004506111145019531,0.00450897216796875,0.0025207996368408203
60,0.6,0.7,optimal,7,19,5,1.6666666666666667,7,19,5,1.6666666666666667,7,24,0,3.3333333333333335,0.005416154861450195,0.005524396896362305,0.005001068115234375
61,0.6,0.7,optimal,7,18,5,1.6666666666666667,7,19,5,1.6666666666666667,7,24,0,3.3333333333333335,0.004512786865234375,0.004813432693481445,0.0046770572662353516
62,0.6,0.7,optimal,7,19,5,1.6666666666666667,7,19,5,1.6666666666666667,7,25,0,3.6666666666666665,0.0038557052612304688,0.004015207290649414,0.0040585994720458984
63,0.6,0.7,optimal,7,16,5,1.3333333333333333,7,18,5,1.3333333333333333,7,24,0,3.3333333333333335,0.005350351333618164,0.008264541625976562,0.005059719085693359
64,0.6,0.7,optimal,7,13,5,1.3333333333333333,7,18,5,1.3333333333333333,7,24,0,3.3333333333333335,0.005510568618774414,0.007616281509399414,0.004010438919067383
65,0.6,0.7,optimal,7,17,5,1.3333333333333333,7,18,5,1.3333333333333333,7,24,0,3.3333333333333335,0.0029959678649902344,0.0070226192474365234,0.005549430847167969
66,0.6,0.7,optimal,7,13,5,1.0,7,14,5,1.0,7,22,0,2.6666666666666665,0.0011281967163085938,0.002059459686279297,0.001001119613647461
67,0.6,0.7,optimal,7,16,5,1.3333333333333333,7,18,5,1.3333333333333333,7,24,0,3.3333333333333335,0.0030121803283691406,0.004007101058959961,0.004242420196533203
68,0.6,0.7,optimal,7,14,5,1.3333333333333333,7,17,5,1.3333333333333333,7,23,0,3.0,0.004608869552612305,0.005989789962768555,0.0010101795196533203
69,0.6,0.7,optimal,7,14,5,1.6666666666666667,7,19,5,1.6666666666666667,7,27,0,4.333333333333333,0.004233121871948242,0.004684925079345703,0.003009796142578125
70,0.6,0.7,optimal,7,16,5,1.0,7,17,5,1.0,7,22,0,2.6666666666666665,0.003996610641479492,0.004170656204223633,0.004060029983520508
71,0.6,0.7,optimal,7,18,5,1.6666666666666667,7,19,5,1.6666666666666667,7,25,0,3.6666666666666665,0.0035219192504882812,0.0049860477447509766,0.0035393238067626953
72,0.6,0.7,optimal,7,18,5,1.6666666666666667,7,19,5,1.6666666666666667,7,25,0,3.6666666666666665,0.00474238395690918,0.0030269622802734375,0.0029931068420410156
73,0.6,0.7,optimal,7,15,5,1.0,7,16,5,1.0,7,21,0,2.3333333333333335,0.0036020278930664062,0.005519390106201172,0.001093149185180664
74,0.6,0.7,optimal,7,17,5,1.6666666666666667,7,19,5,1.6666666666666667,7,24,0,3.3333333333333335,0.004021883010864258,0.0045201778411865234,0.0040111541748046875
75,0.6,0.7,optimal,7,16,5,1.3333333333333333,7,18,5,1.3333333333333333,7,25,0,3.6666666666666665,0.0045032501220703125,0.008108377456665039,0.003990888595581055
76,0.6,0.7,optimal,7,19,5,1.6666666666666667,7,19,5,1.6666666666666667,7,25,0,3.6666666666666665,0.007206439971923828,0.0035691261291503906,0.0062296390533447266
77,0.6,0.7,optimal,7,18,5,1.3333333333333333,7,18,5,1.3333333333333333,7,23,0,3.0,0.003989458084106445,0.003979921340942383,0.0030260086059570312
78,0.6,0.7,optimal,7,15,5,1.0,7,17,5,1.0,7,22,0,2.6666666666666665,0.0034918785095214844,0.0035338401794433594,0.004012107849121094
79,0.6,0.7,optimal,7,16,5,1.3333333333333333,7,18,5,1.3333333333333333,7,24,0,3.3333333333333335,0.005408048629760742,0.004007101058959961,0.007605791091918945
80,0.6,0.7,optimal,7,14,5,1.3333333333333333,7,18,5,1.3333333333333333,7,23,0,3.0,0.002001047134399414,0.004992008209228516,0.0032927989959716797
81,0.6,0.7,optimal,7,17,5,1.3333333333333333,7,18,5,1.3333333333333333,7,23,0,3.0,0.003525257110595703,0.0029926300048828125,0.006587028503417969
82,0.6,0.7,optimal,7,14,5,1.0,7,17,5,1.0,7,22,0,2.6666666666666665,0.004010677337646484,0.005825042724609375,0.002999544143676758
83,0.6,0.7,optimal,7,15,5,1.3333333333333333,7,18,5,1.3333333333333333,7,24,0,3.3333333333333335,0.005038022994995117,0.0032176971435546875,0.002533435821533203
84,0.6,0.7,optimal,7,18,5,1.3333333333333333,7,18,5,1.3333333333333333,7,22,0,2.6666666666666665,0.00301361083984375,0.0063478946685791016,0.004610300064086914
85,0.6,0.7,optimal,7,17,5,1.3333333333333333,7,18,5,1.3333333333333333,7,25,0,3.6666666666666665,0.003566265106201172,0.0041162967681884766,0.003010988235473633
86,0.6,0.7,optimal,7,17,5,1.3333333333333333,7,18,5,1.3333333333333333,7,23,0,3.0,0.003998994827270508,0.008330583572387695,0.004017353057861328
87,0.6,0.7,optimal,7,12,5,0.6666666666666666,7,16,5,0.6666666666666666,7,21,0,2.3333333333333335,0.005115509033203125,0.0030002593994140625,0.004282474517822266
88,0.6,0.7,optimal,7,16,5,1.3333333333333333,7,17,5,1.3333333333333333,7,24,0,3.3333333333333335,0.004008293151855469,0.005357503890991211,0.004566669464111328
89,0.6,0.7,optimal,7,14,5,1.0,7,16,5,1.0,7,22,0,2.6666666666666665,0.00400233268737793,0.005015850067138672,0.003010988235473633
90,0.6,0.7,optimal,7,15,5,0.6666666666666666,7,16,5,0.6666666666666666,7,21,0,2.3333333333333335,0.003002166748046875,0.005654811859130859,0.002538919448852539
91,0.6,0.7,optimal,7,17,5,1.3333333333333333,7,18,5,1.3333333333333333,7,24,0,3.3333333333333335,0.0045299530029296875,0.0051116943359375,0.0035228729248046875
92,0.6,0.7,optimal,7,15,5,1.3333333333333333,7,18,5,1.3333333333333333,7,23,0,3.0,0.0039958953857421875,0.008871793746948242,0.003019571304321289
93,0.6,0.7,optimal,7,17,5,1.6666666666666667,7,19,5,1.6666666666666667,7,25,0,3.6666666666666665,0.005354166030883789,0.004043102264404297,0.0033311843872070312
94,0.6,0.7,optimal,7,18,5,1.3333333333333333,7,18,5,1.3333333333333333,7,24,0,3.3333333333333335,0.004565238952636719,0.0030481815338134766,0.0037641525268554688
95,0.6,0.7,optimal,7,16,5,1.3333333333333333,7,16,5,1.3333333333333333,7,25,0,3.6666666666666665,0.003975629806518555,0.004064798355102539,0.0045623779296875
96,0.6,0.7,optimal,7,16,5,1.3333333333333333,7,18,5,1.3333333333333333,7,23,0,3.0,0.003995656967163086,0.003512144088745117,0.005559206008911133
97,0.6,0.7,optimal,7,15,5,1.0,7,16,5,1.0,7,22,0,2.6666666666666665,0.002000093460083008,0.004000663757324219,0.0063629150390625
98,0.6,0.7,optimal,7,13,5,1.0,7,16,5,1.0,7,22,0,2.6666666666666665,0.004012107849121094,0.003281116485595703,0.004086494445800781
99,0.6,0.7,optimal,7,15,5,1.0,7,17,5,1.0,7,22,0,2.6666666666666665,0.002992868423461914,0.0066013336181640625,0.0030035972595214844
