seed,num_resources,suitability_probability,status,quantity_assignments,quantity_assignment_value,quantity_highest_priority,quantity_secondary_priority,quality_assignments,quality_assignment_value,quality_highest_priority,quality_secondary_priority,aggregate_value_assignments,aggregate_value_assignment_value,aggregate_value_highest_priority,aggregate_value_secondary_priority,quantity_time,quality_time,aggregate_value_time
0,4,0.3,optimal,4,6,4,0.0,4,6,4,0.0,4,13,0,2.0,0.0010008811950683594,0.0,0.0
1,4,0.3,optimal,4,5,4,0.0,4,6,4,0.0,4,13,0,2.0,0.0,0.0009984970092773438,0.0
2,4,0.3,optimal,4,6,3,0.3333333333333333,4,6,3,0.3333333333333333,4,11,0,1.3333333333333333,0.0009958744049072266,0.0030028820037841797,0.0
3,4,0.3,optimal,4,7,4,0.0,4,7,4,0.0,4,15,0,2.6666666666666665,0.0010094642639160156,0.0,0.0009903907775878906
4,4,0.3,optimal,4,5,4,0.0,4,5,4,0.0,4,13,0,1.6666666666666667,0.0010066032409667969,0.000993967056274414,0.0009932518005371094
5,4,0.3,optimal,4,4,4,0.0,4,4,4,0.0,4,12,0,1.6666666666666667,0.0010676383972167969,0.0,0.0
6,4,0.3,optimal,4,5,4,0.0,4,6,4,0.0,4,13,0,2.3333333333333335,0.001013040542602539,0.0010035037994384766,0.0
7,4,0.3,optimal,4,4,4,0.0,4,6,4,0.0,4,14,0,2.6666666666666665,0.001996278762817383,0.0010251998901367188,0.0009963512420654297
8,4,0.3,optimal,4,5,4,0.0,4,5,4,0.0,4,12,0,1.6666666666666667,0.0029969215393066406,0.008009195327758789,0.0010199546813964844
9,4,0.3,optimal,4,5,4,0.0,4,5,4,0.0,4,12,0,1.6666666666666667,0.0,0.0,0.0
10,4,0.3,optimal,4,6,4,0.0,4,7,4,0.0,4,12,0,1.6666666666666667,0.0,0.0009970664978027344,0.0
11,4,0.3,optimal,4,5,4,0.0,4,7,4,0.0,4,13,0,2.0,0.003304004669189453,0.0020499229431152344,0.0010833740234375
12,4,0.3,optimal,4,5,4,0.0,4,6,4,0.0,4,12,0,1.6666666666666667,0.0,0.0,0.0
13,4,0.3,optimal,4,4,4,0.0,4,6,4,0.0,4,12,0,1.6666666666666667,0.0019986629486083984,0.0020012855529785156,0.0013875961303710938
14,4,0.3,optimal,4,4,4,0.0,4,6,4,0.0,4,13,0,1.6666666666666667,0.0,0.0019989013671875,0.001005411148071289
15,4,0.3,optimal,4,4,4,0.0,4,5,4,0.0,4,12,0,1.6666666666666667,0.001222372055053711,0.002121448516845703,0.001018524169921875
16,4,0.3,optimal,4,6,3,0.6666666666666666,4,7,3,0.6666666666666666,4,12,0,2.0,0.001463174819946289,0.0021882057189941406,0.0
17,4,0.3,optimal,4,5,4,0.0,4,6,4,0.0,4,13,0,1.6666666666666667,0.0,0.0,0.0
18,4,0.3,optimal,4,8,3,0.3333333333333333,4,8,3,0.3333333333333333,4,12,1,1.3333333333333333,0.0,0.0009987354278564453,0.0020089149475097656
19,4,0.3,optimal,4,6,4,0.0,4,7,4,0.0,4,11,0,1.3333333333333333,0.0010008811950683594,0.0012836456298828125,0.0009987354278564453
20,4,0.3,optimal,4,6,4,0.0,4,7,4,0.0,4,13,0,2.3333333333333335,0.0,0.0,0.0
21,4,0.3,optimal,4,6,4,0.0,4,6,4,0.0,4,14,0,2.3333333333333335,0.0,0.0010020732879638672,0.0
22,4,0.3,optimal,4,6,3,0.3333333333333333,4,8,3,0.3333333333333333,4,12,0,1.3333333333333333,0.0,0.0,0.0
23,4,0.3,optimal,4,4,4,0.0,4,4,4,0.0,4,12,0,1.6666666666666667,0.000997304916381836,0.0009982585906982422,0.0010793209075927734
24,4,0.3,optimal,4,6,4,0.0,4,7,4,0.0,4,15,0,2.3333333333333335,0.007067203521728516,0.0032405853271484375,0.0010008811950683594
25,4,0.3,optimal,4,4,4,0.0,4,5,4,0.0,4,12,0,1.6666666666666667,0.0,0.0009996891021728516,0.0
26,4,0.3,optimal,4,4,4,0.0,4,4,4,0.0,4,12,0,1.3333333333333333,0.003521442413330078,0.0010020732879638672,0.0009963512420654297
27,4,0.3,optimal,4,7,4,0.0,4,7,4,0.0,4,13,0,2.0,0.0010030269622802734,0.000997781753540039,0.0009980201721191406
28,4,0.3,optimal,4,4,4,0.0,4,5,4,0.0,4,14,0,2.3333333333333335,0.002003908157348633,0.004506826400756836,0.001018524169921875
29,4,0.3,optimal,4,7,3,0.6666666666666666,4,9,3,0.6666666666666666,4,12,0,1.6666666666666667,0.0010118484497070312,0.0019996166229248047,0.0015172958374023438
30,4,0.3,optimal,4,7,3,0.6666666666666666,4,8,3,0.6666666666666666,4,13,0,2.3333333333333335,0.0,0.0010340213775634766,0.0010001659393310547
31,4,0.3,optimal,4,5,4,0.0,4,5,4,0.0,4,13,0,3.0,0.0010004043579101562,0.0,0.0
32,4,0.3,optimal,4,4,4,0.0,4,6,4,0.0,4,11,0,2.0,0.0009958744049072266,0.003003358840942383,0.0
33,4,0.3,optimal,4,4,4,0.0,4,4,4,0.0,4,16,0,3.0,0.0010333061218261719,0.0,0.0009925365447998047
34,4,0.3,optimal,4,4,4,0.0,4,5,4,0.0,4,12,0,1.6666666666666667,0.0,0.0,0.0010364055633544922
35,4,0.3,optimal,4,4,4,0.0,4,5,4,0.0,4,13,0,2.3333333333333335,0.0010006427764892578,0.0005104541778564453,0.0
36,4,0.3,optimal,4,5,4,0.0,4,7,4,0.0,4,13,0,2.0,0.0009999275207519531,0.0009999275207519531,0.0010001659393310547
37,4,0.3,optimal,4,6,4,0.0,4,6,4,0.0,4,13,0,2.0,0.0,0.0,0.0
38,4,0.3,optimal,4,5,4,0.0,4,7,4,0.0,4,13,0,2.3333333333333335,0.0009996891021728516,0.001998424530029297,0.0
39,4,0.3,optimal,4,7,3,0.3333333333333333,4,7,3,0.3333333333333333,4,12,0,1.6666666666666667,0.0,0.00099945068359375,0.0
40,4,0.3,optimal,4,6,4,0.0,4,6,4,0.0,4,13,0,2.0,0.0010221004486083984,0.0015304088592529297,0.0
41,4,0.3,optimal,4,6,4,0.0,4,7,4,0.0,4,13,0,2.3333333333333335,0.0,0.003188610076904297,0.0
42,4,0.3,optimal,4,5,4,0.0,4,6,4,0.0,4,12,0,1.3333333333333333,0.0010001659393310547,0.0009999275207519531,0.0
43,4,0.3,optimal,4,5,4,0.0,4,5,4,0.0,4,13,0,1.6666666666666667,0.0010001659393310547,0.0,0.0
44,4,0.3,optimal,4,5,4,0.0,4,6,4,0.0,4,13,0,2.3333333333333335,0.0010306835174560547,0.0,0.0
45,4,0.3,optimal,4,5,4,0.0,4,5,4,0.0,4,12,0,2.0,0.0,0.0009999275207519531,0.0
46,4,0.3,optimal,4,5,4,0.0,4,7,4,0.0,4,12,1,2.0,0.0009999275207519531,0.0020017623901367188,0.0010035037994384766
47,4,0.3,optimal,4,5,4,0.0,4,6,4,0.0,4,13,0,2.0,0.0,0.0009961128234863281,0.0010001659393310547
48,4,0.3,optimal,4,5,4,0.0,4,6,4,0.0,4,14,0,2.0,0.0,0.0012497901916503906,0.0
49,4,0.3,optimal,4,5,4,0.0,4,6,4,0.0,4,15,0,2.6666666666666665,0.001001596450805664,0.0,0.0
50,4,0.3,optimal,4,4,4,0.0,4,5,4,0.0,4,15,0,2.6666666666666665,0.0,0.0009987354278564453,0.0
51,4,0.3,optimal,4,5,4,0.0,4,5,4,0.0,4,12,0,1.6666666666666667,0.0,0.0,0.0
52,4,0.3,optimal,4,6,4,0.0,4,6,4,0.0,4,12,0,2.3333333333333335,0.0,0.0,0.0010325908660888672
53,4,0.3,optimal,4,6,4,0.0,4,7,4,0.0,4,14,0,2.6666666666666665,0.0,0.0009992122650146484,0.0010006427764892578
54,4,0.3,optimal,4,4,4,0.0,4,6,4,0.0,4,13,0,2.0,0.0009999275207519531,0.0030028820037841797,0.0010037422180175781
55,4,0.3,optimal,4,5,4,0.0,4,5,4,0.0,4,13,0,2.0,0.0010035037994384766,0.0010037422180175781,0.000997304916381836
56,4,0.3,optimal,4,6,4,0.0,4,6,4,0.0,4,12,0,1.6666666666666667,0.0,0.0,0.001001596450805664
57,4,0.3,optimal,4,5,4,0.0,4,6,4,0.0,4,13,0,1.6666666666666667,0.000995635986328125,0.0020041465759277344,0.0
58,4,0.3,optimal,4,5,4,0.0,4,5,4,0.0,4,11,0,1.3333333333333333,0.0,0.0009987354278564453,0.0010020732879638672
59,4,0.3,optimal,4,5,4,0.0,4,7,4,0.0,4,12,0,2.0,0.0010004043579101562,0.002557516098022461,0.0
60,4,0.3,optimal,4,5,4,0.0,4,5,4,0.0,4,13,0,2.0,0.0010349750518798828,0.002011537551879883,0.0
61,4,0.3,optimal,4,6,4,0.0,4,6,4,0.0,4,13,0,2.0,0.0009968280792236328,0.0,0.0010290145874023438
62,4,0.3,optimal,4,5,4,0.0,4,6,4,0.0,4,15,0,2.6666666666666665,0.0,0.0009970664978027344,0.0
63,4,0.3,optimal,4,6,4,0.0,4,6,4,0.0,4,14,0,2.0,0.0,0.0009968280792236328,0.0
64,4,0.3,optimal,4,5,4,0.0,4,6,4,0.0,4,14,0,2.3333333333333335,0.000997781753540039,0.0010004043579101562,0.0
65,4,0.3,optimal,4,5,4,0.0,4,5,4,0.0,4,12,0,1.3333333333333333,0.0,0.0009970664978027344,0.0010004043579101562
66,4,0.3,optimal,4,5,3,0.3333333333333333,4,6,3,0.3333333333333333,4,12,0,1.3333333333333333,0.0,0.0009975433349609375,0.0
67,4,0.3,optimal,4,7,4,0.0,4,7,4,0.0,4,11,0,2.0,0.0009996891021728516,0.0010004043579101562,0.0
68,4,0.3,optimal,4,6,4,0.0,4,7,4,0.0,4,14,0,2.0,0.0,0.0,0.0
69,4,0.3,optimal,4,4,4,0.0,4,4,4,0.0,4,15,0,3.0,0.0009996891021728516,0.0010232925415039062,0.0010006427764892578
70,4,0.3,optimal,4,6,4,0.0,4,7,4,0.0,4,13,0,1.6666666666666667,0.0,0.0009980201721191406,0.0010006427764892578
71,4,0.3,optimal,4,6,4,0.0,4,6,4,0.0,4,14,1,2.0,0.0009996891021728516,0.0,0.0
72,4,0.3,optimal,4,7,3,0.6666666666666666,4,7,3,0.6666666666666666,4,13,0,2.0,0.0,0.0009951591491699219,0.0010001659393310547
73,4,0.3,optimal,4,5,4,0.0,4,5,4,0.0,4,12,0,1.6666666666666667,0.0,0.0009996891021728516,0.0010001659393310547
74,4,0.3,optimal,4,7,4,0.0,4,8,4,0.0,4,14,0,2.3333333333333335,0.0010001659393310547,0.0,0.0
75,4,0.3,optimal,4,4,4,0.0,4,6,4,0.0,4,15,0,2.3333333333333335,0.0009999275207519531,0.002988576889038086,0.0010769367218017578
76,4,0.3,optimal,4,6,4,0.0,4,7,4,0.0,4,15,0,2.6666666666666665,0.0,0.0,0.001001596450805664
77,4,0.3,optimal,4,7,3,0.3333333333333333,4,7,3,0.3333333333333333,4,12,0,1.6666666666666667,0.0009999275207519531,0.0,0.0
78,4,0.3,optimal,4,4,4,0.0,4,5,4,0.0,4,12,0,1.6666666666666667,0.0,0.0,0.0
79,4,0.3,optimal,4,5,4,0.0,4,6,4,0.0,4,15,0,2.3333333333333335,0.0,0.003001689910888672,0.0
80,4,0.3,optimal,4,6,4,0.0,4,6,4,0.0,4,13,0,2.0,0.0,0.0009944438934326172,0.00099945068359375
81,4,0.3,optimal,4,4,4,0.0,4,5,4,0.0,4,13,0,1.6666666666666667,0.0,0.0009984970092773438,0.0009984970092773438
82,4,0.3,optimal,4,7,4,0.0,4,7,4,0.0,4,12,0,1.6666666666666667,0.0010063648223876953,0.0029976367950439453,0.0010039806365966797
83,4,0.3,optimal,4,6,4,0.0,4,6,4,0.0,4,14,0,2.3333333333333335,0.0005109310150146484,0.0009999275207519531,0.0
84,4,0.3,optimal,4,6,4,0.0,4,7,4,0.0,4,11,1,1.3333333333333333,0.0009999275207519531,0.008379220962524414,0.0
85,4,0.3,optimal,4,7,4,0.0,4,7,4,0.0,4,14,0,2.3333333333333335,0.000995635986328125,0.0019974708557128906,0.0
86,4,0.3,optimal,4,6,4,0.0,4,6,4,0.0,4,12,0,1.3333333333333333,0.0010001659393310547,0.0010001659393310547,0.0009999275207519531
87,4,0.3,optimal,4,5,4,0.0,4,7,4,0.0,4,11,0,1.3333333333333333,0.0010039806365966797,0.0010037422180175781,0.0
88,4,0.3,optimal,4,7,4,0.0,4,7,4,0.0,4,14,0,2.3333333333333335,0.0010001659393310547,0.0,0.0009999275207519531
89,4,0.3,optimal,4,6,4,0.0,4,6,4,0.0,4,12,0,1.6666666666666667,0.0010001659393310547,0.002970457077026367,0.0
90,4,0.3,optimal,4,6,4,0.0,4,7,4,0.0,4,12,0,1.3333333333333333,0.0009989738464355469,0.0010004043579101562,0.0
91,4,0.3,optimal,4,5,4,0.0,4,8,4,0.0,4,12,0,2.3333333333333335,0.0010018348693847656,0.002990245819091797,0.0
92,4,0.3,optimal,4,5,4,0.0,4,5,4,0.0,4,14,0,2.0,0.0,0.0010001659393310547,0.0
93,4,0.3,optimal,4,6,4,0.0,4,6,4,0.0,4,14,0,2.0,0.0009999275207519531,0.0030059814453125,0.0009944438934326172
94,4,0.3,optimal,4,6,4,0.0,4,7,4,0.0,4,12,1,1.6666666666666667,0.0009980201721191406,0.003998517990112305,0.0
95,4,0.3,optimal,4,4,4,0.0,4,6,4,0.0,4,13,0,2.3333333333333335,0.00099945068359375,0.0,0.0
96,4,0.3,optimal,4,8,3,0.3333333333333333,4,9,3,0.3333333333333333,4,12,1,1.6666666666666667,0.0,0.0009982585906982422,0.0
97,4,0.3,optimal,4,4,4,0.0,4,4,4,0.0,4,12,0,1.3333333333333333,0.0009999275207519531,0.00099945068359375,0.0009999275207519531
98,4,0.3,optimal,4,4,4,0.0,4,6,4,0.0,4,13,0,1.6666666666666667,0.0,0.0,0.0
99,4,0.3,optimal,4,6,3,0.3333333333333333,4,7,3,0.3333333333333333,4,13,0,1.6666666666666667,0.0,0.0,0.0
0,4,0.5,optimal,4,6,4,0.0,4,6,4,0.0,4,14,0,2.0,0.0009908676147460938,0.0009946823120117188,0.000997304916381836
1,4,0.5,optimal,4,7,4,0.0,4,8,4,0.0,4,13,1,1.6666666666666667,0.0010001659393310547,0.0009989738464355469,0.0
2,4,0.5,optimal,4,6,3,0.3333333333333333,4,6,3,0.3333333333333333,4,11,0,1.3333333333333333,0.0,0.0009999275207519531,0.0009999275207519531
3,4,0.5,optimal,4,8,4,0.0,4,8,4,0.0,4,16,0,2.6666666666666665,0.0009999275207519531,0.0,0.0
4,4,0.5,optimal,4,6,4,0.0,4,6,4,0.0,4,13,0,1.6666666666666667,0.0009911060333251953,0.000995635986328125,0.001123189926147461
5,4,0.5,optimal,4,5,4,0.0,4,5,4,0.0,4,14,0,2.0,0.0009887218475341797,0.0,0.0
6,4,0.5,optimal,4,5,4,0.0,4,6,4,0.0,4,14,0,2.3333333333333335,0.0,0.0009984970092773438,0.0010004043579101562
7,4,0.5,optimal,4,7,4,0.0,4,7,4,0.0,4,15,0,2.6666666666666665,0.0,0.000997781753540039,0.0
8,4,0.5,optimal,4,5,4,0.0,4,5,4,0.0,4,13,0,1.6666666666666667,0.0,0.0010008811950683594,0.0
9,4,0.5,optimal,4,6,4,0.0,4,6,4,0.0,4,14,0,2.0,0.0009877681732177734,0.0010046958923339844,0.0
10,4,0.5,optimal,4,8,4,0.0,4,8,4,0.0,4,12,0,1.3333333333333333,0.0010004043579101562,0.0,0.0
11,4,0.5,optimal,4,7,4,0.0,4,7,4,0.0,4,14,0,2.0,0.0020275115966796875,0.0014824867248535156,0.0009989738464355469
12,4,0.5,optimal,4,6,4,0.0,4,7,4,0.0,4,14,0,2.0,0.0,0.0009965896606445312,0.0009987354278564453
13,4,0.5,optimal,4,6,4,0.0,4,8,4,0.0,4,13,0,2.0,0.0010013580322265625,0.0009989738464355469,0.0010001659393310547
14,4,0.5,optimal,4,4,4,0.0,4,7,4,0.0,4,13,0,1.6666666666666667,0.0010001659393310547,0.0029973983764648438,0.001508474349975586
15,4,0.5,optimal,4,6,4,0.0,4,7,4,0.0,4,12,0,2.0,0.0,0.0009999275207519531,0.0010001659393310547
16,4,0.5,optimal,4,7,3,0.6666666666666666,4,8,3,0.6666666666666666,4,13,0,2.3333333333333335,0.0,0.0009999275207519531,0.0
17,4,0.5,optimal,4,5,4,0.0,4,6,4,0.0,4,13,0,1.6666666666666667,0.0,0.0010001659393310547,0.0010001659393310547
18,4,0.5,optimal,4,9,3,0.3333333333333333,4,9,3,0.3333333333333333,4,13,0,1.6666666666666667,0.0010137557983398438,0.0,0.0
19,4,0.5,optimal,4,6,4,0.0,4,7,4,0.0,4,13,0,1.6666666666666667,0.0,0.0009999275207519531,0.0
20,4,0.5,optimal,4,6,4,0.0,4,7,4,0.0,4,14,0,2.0,0.0,0.0009996891021728516,0.0
21,4,0.5,optimal,4,6,4,0.0,4,7,4,0.0,4,15,0,2.3333333333333335,0.0009999275207519531,0.0,0.0
22,4,0.5,optimal,4,7,3,0.3333333333333333,4,9,3,0.3333333333333333,4,12,0,1.3333333333333333,0.0,0.0024871826171875,0.0
23,4,0.5,optimal,4,6,4,0.0,4,6,4,0.0,4,13,0,1.6666666666666667,0.0009961128234863281,0.0009999275207519531,0.0
24,4,0.5,optimal,4,8,4,0.0,4,8,4,0.0,4,15,0,2.3333333333333335,0.0,0.0009970664978027344,0.0010013580322265625
25,4,0.5,optimal,4,6,4,0.0,4,7,4,0.0,4,12,0,1.6666666666666667,0.0,0.0009970664978027344,0.0010006427764892578
26,4,0.5,optimal,4,5,4,0.0,4,5,4,0.0,4,13,0,1.6666666666666667,0.0010025501251220703,0.0010020732879638672,0.0
27,4,0.5,optimal,4,8,4,0.0,4,8,4,0.0,4,14,0,2.3333333333333335,0.0009999275207519531,0.0,0.0
28,4,0.5,optimal,4,4,4,0.0,4,7,4,0.0,4,15,0,2.6666666666666665,0.0009999275207519531,0.0009999275207519531,0.0
29,4,0.5,optimal,4,7,3,0.6666666666666666,4,9,3,0.6666666666666666,4,12,0,1.6666666666666667,0.0,0.0010001659393310547,0.0009999275207519531
30,4,0.5,optimal,4,8,3,0.6666666666666666,4,9,3,0.6666666666666666,4,13,0,2.3333333333333335,0.0,0.0,0.0009996891021728516
31,4,0.5,optimal,4,7,4,0.0,4,7,4,0.0,4,15,0,3.0,0.0,0.0010821819305419922,0.0
32,4,0.5,optimal,4,5,4,0.0,4,7,4,0.0,4,12,0,2.3333333333333335,0.0,0.003002166748046875,0.0
33,4,0.5,optimal,4,4,4,0.0,4,4,4,0.0,4,16,0,2.6666666666666665,0.0010001659393310547,0.0010106563568115234,0.0010089874267578125
34,4,0.5,optimal,4,5,4,0.0,4,7,4,0.0,4,13,0,1.6666666666666667,0.0010042190551757812,0.0,0.0
35,4,0.5,optimal,4,5,4,0.0,4,6,4,0.0,4,15,0,2.3333333333333335,0.001033782958984375,0.0011229515075683594,0.0
36,4,0.5,optimal,4,7,4,0.0,4,7,4,0.0,4,13,0,2.0,0.0010442733764648438,0.0,0.0
37,4,0.5,optimal,4,7,4,0.0,4,7,4,0.0,4,13,0,1.6666666666666667,0.0,0.0,0.0
38,4,0.5,optimal,4,6,4,0.0,4,7,4,0.0,4,15,0,2.6666666666666665,0.0010008811950683594,0.004535675048828125,0.0009961128234863281
39,4,0.5,optimal,4,8,3,0.3333333333333333,4,8,3,0.3333333333333333,4,12,0,1.6666666666666667,0.0,0.0009961128234863281,0.0
40,4,0.5,optimal,4,7,4,0.0,4,8,4,0.0,4,14,0,2.0,0.0,0.0010020732879638672,0.0
41,4,0.5,optimal,4,6,4,0.0,4,7,4,0.0,4,14,0,2.3333333333333335,0.000997781753540039,0.0020093917846679688,0.0
42,4,0.5,optimal,4,5,4,0.0,4,6,4,0.0,4,12,0,1.3333333333333333,0.0009999275207519531,0.0009999275207519531,0.0
43,4,0.5,optimal,4,5,4,0.0,4,6,4,0.0,4,13,0,1.6666666666666667,0.0009963512420654297,0.0009999275207519531,0.0
44,4,0.5,optimal,4,5,4,0.0,4,7,4,0.0,4,14,0,2.3333333333333335,0.000997781753540039,0.0019996166229248047,0.0
45,4,0.5,optimal,4,6,4,0.0,4,7,4,0.0,4,14,0,2.0,0.0009999275207519531,0.0019998550415039062,0.0010001659393310547
46,4,0.5,optimal,4,5,4,0.0,4,7,4,0.0,4,15,0,2.3333333333333335,0.0,0.004434108734130859,0.0009984970092773438
47,4,0.5,optimal,4,5,4,0.0,4,7,4,0.0,4,14,0,2.0,0.0,0.0039827823638916016,0.0
48,4,0.5,optimal,4,6,4,0.0,4,7,4,0.0,4,14,0,2.0,0.0009999275207519531,0.0,0.0
49,4,0.5,optimal,4,7,4,0.0,4,8,4,0.0,4,15,0,2.6666666666666665,0.0,0.0,0.0011205673217773438
50,4,0.5,optimal,4,5,4,0.0,4,5,4,0.0,4,15,0,2.6666666666666665,0.0,0.0010004043579101562,0.0009818077087402344
51,4,0.5,optimal,4,6,4,0.0,4,6,4,0.0,4,12,0,1.6666666666666667,0.001001596450805664,0.0010085105895996094,0.0
52,4,0.5,optimal,4,6,4,0.0,4,6,4,0.0,4,13,0,2.0,0.0009949207305908203,0.0009946823120117188,0.0015270709991455078
53,4,0.5,optimal,4,8,4,0.0,4,8,4,0.0,4,16,0,3.0,0.0,0.0005068778991699219,0.0010101795196533203
54,4,0.5,optimal,4,5,4,0.0,4,8,4,0.0,4,14,0,2.0,0.0010044574737548828,0.0035169124603271484,0.0
55,4,0.5,optimal,4,7,4,0.0,4,7,4,0.0,4,13,0,2.0,0.0,0.0,0.0009930133819580078
56,4,0.5,optimal,4,6,4,0.0,4,6,4,0.0,4,12,0,1.6666666666666667,0.000995635986328125,0.0,0.0016453266143798828
57,4,0.5,optimal,4,6,4,0.0,4,8,4,0.0,4,13,0,1.6666666666666667,0.002544403076171875,0.003004312515258789,0.0
58,4,0.5,optimal,4,6,4,0.0,4,6,4,0.0,4,13,0,1.6666666666666667,0.0010027885437011719,0.0,0.0
59,4,0.5,optimal,4,5,4,0.0,4,8,4,0.0,4,13,0,1.6666666666666667,0.0010089874267578125,0.004009723663330078,0.0
60,4,0.5,optimal,4,7,4,0.0,4,8,4,0.0,4,14,0,2.0,0.0,0.0009961128234863281,0.0005116462707519531
61,4,0.5,optimal,4,8,4,0.0,4,8,4,0.0,4,14,0,2.3333333333333335,0.0,0.0010349750518798828,0.0
62,4,0.5,optimal,4,7,4,0.0,4,7,4,0.0,4,16,0,2.6666666666666665,0.0009908676147460938,0.0010361671447753906,0.0010204315185546875
63,4,0.5,optimal,4,7,4,0.0,4,7,4,0.0,4,14,0,2.3333333333333335,0.0020859241485595703,0.001009225845336914,0.0026226043701171875
64,4,0.5,optimal,4,5,4,0.0,4,6,4,0.0,4,15,0,2.3333333333333335,0.0009951591491699219,0.0,0.0
65,4,0.5,optimal,4,6,4,0.0,4,7,4,0.0,4,14,0,2.0,0.002197265625,0.0050084590911865234,0.0
66,4,0.5,optimal,4,5,3,0.3333333333333333,4,7,3,0.3333333333333333,4,12,0,1.3333333333333333,0.0005517005920410156,0.0,0.0
67,4,0.5,optimal,4,7,4,0.0,4,7,4,0.0,4,13,0,2.0,0.0010273456573486328,0.0,0.0
68,4,0.5,optimal,4,8,4,0.0,4,8,4,0.0,4,14,0,2.0,0.0,0.0010001659393310547,0.0012736320495605469
69,4,0.5,optimal,4,5,4,0.0,4,5,4,0.0,4,15,0,3.0,0.0,0.001013040542602539,0.0
70,4,0.5,optimal,4,6,4,0.0,4,7,4,0.0,4,13,0,1.6666666666666667,0.0010025501251220703,0.0009963512420654297,0.0009992122650146484
71,4,0.5,optimal,4,6,4,0.0,4,7,4,0.0,4,14,1,2.0,0.0,0.0,0.0
72,4,0.5,optimal,4,8,3,0.6666666666666666,4,8,3,0.6666666666666666,4,15,0,2.3333333333333335,0.000982046127319336,0.0,0.0
73,4,0.5,optimal,4,7,4,0.0,4,7,4,0.0,4,12,0,1.6666666666666667,0.000995635986328125,0.0010042190551757812,0.0
74,4,0.5,optimal,4,7,4,0.0,4,8,4,0.0,4,14,0,2.0,0.0,0.0,0.0
75,4,0.5,optimal,4,4,4,0.0,4,6,4,0.0,4,15,0,2.3333333333333335,0.001110076904296875,0.0039904117584228516,0.0009992122650146484
76,4,0.5,optimal,4,6,4,0.0,4,7,4,0.0,4,15,0,2.6666666666666665,0.0009999275207519531,0.0,0.0
77,4,0.5,optimal,4,8,3,0.3333333333333333,4,9,3,0.3333333333333333,4,13,0,1.6666666666666667,0.0009982585906982422,0.001611471176147461,0.0010857582092285156
78,4,0.5,optimal,4,5,4,0.0,4,5,4,0.0,4,12,0,1.6666666666666667,0.0,0.0009982585906982422,0.0
79,4,0.5,optimal,4,6,4,0.0,4,7,4,0.0,4,15,0,2.3333333333333335,0.001199960708618164,0.003401517868041992,0.0
80,4,0.5,optimal,4,6,4,0.0,4,7,4,0.0,4,13,0,2.0,0.0009999275207519531,0.001001596450805664,0.0
81,4,0.5,optimal,4,5,4,0.0,4,6,4,0.0,4,13,0,1.6666666666666667,0.0,0.0010042190551757812,0.0
82,4,0.5,optimal,4,7,4,0.0,4,7,4,0.0,4,13,0,1.6666666666666667,0.0010030269622802734,0.002535581588745117,0.0009937286376953125
83,4,0.5,optimal,4,7,4,0.0,4,8,4,0.0,4,14,0,2.3333333333333335,0.0,0.0,0.0
84,4,0.5,optimal,4,7,4,0.0,4,8,4,0.0,4,12,1,1.3333333333333333,0.0,0.0010004043579101562,0.0
85,4,0.5,optimal,4,7,4,0.0,4,8,4,0.0,4,15,0,2.3333333333333335,0.001001119613647461,0.0029125213623046875,0.0
86,4,0.5,optimal,4,6,4,0.0,4,6,4,0.0,4,13,0,2.0,0.001004934310913086,0.0,0.0
87,4,0.5,optimal,4,5,4,0.0,4,8,4,0.0,4,12,0,1.3333333333333333,0.001018524169921875,0.003995418548583984,0.0015168190002441406
88,4,0.5,optimal,4,7,4,0.0,4,8,4,0.0,4,14,0,2.3333333333333335,0.001046895980834961,0.0010099411010742188,0.0012042522430419922
89,4,0.5,optimal,4,6,4,0.0,4,6,4,0.0,4,13,0,1.6666666666666667,0.0028340816497802734,0.0035665035247802734,0.0010106563568115234
90,4,0.5,optimal,4,7,4,0.0,4,8,4,0.0,4,12,0,1.3333333333333333,0.0015342235565185547,0.0,0.0
91,4,0.5,optimal,4,5,4,0.0,4,8,4,0.0,4,14,0,2.3333333333333335,0.0009999275207519531,0.003570079803466797,0.0
92,4,0.5,optimal,4,6,4,0.0,4,6,4,0.0,4,14,0,2.0,0.0010023117065429688,0.0009982585906982422,0.0010085105895996094
93,4,0.5,optimal,4,7,4,0.0,4,8,4,0.0,4,15,0,2.3333333333333335,0.001003265380859375,0.0025424957275390625,0.0009877681732177734
94,4,0.5,optimal,4,7,4,0.0,4,8,4,0.0,4,13,0,1.6666666666666667,0.0009903907775878906,0.0029985904693603516,0.0
95,4,0.5,optimal,4,4,4,0.0,4,7,4,0.0,4,13,0,2.0,0.001013040542602539,0.0005087852478027344,0.0
96,4,0.5,optimal,4,9,3,0.3333333333333333,4,9,3,0.3333333333333333,4,13,0,2.0,0.0,0.0,0.0019898414611816406
97,4,0.5,optimal,4,4,4,0.0,4,4,4,0.0,4,13,0,1.6666666666666667,0.0005130767822265625,0.0010251998901367188,0.0
98,4,0.5,optimal,4,5,4,0.0,4,7,4,0.0,4,13,0,1.6666666666666667,0.0,0.0,0.0
99,4,0.5,optimal,4,6,3,0.3333333333333333,4,7,3,0.3333333333333333,4,13,0,1.6666666666666667,0.0,0.0009996891021728516,0.0009980201721191406
0,4,0.7,optimal,4,8,4,0.0,4,8,4,0.0,4,14,0,2.0,0.0,0.0,0.0009927749633789062
1,4,0.7,optimal,4,7,4,0.0,4,8,4,0.0,4,13,1,1.6666666666666667,0.0,0.00051116943359375,0.0
2,4,0.7,optimal,4,7,3,0.3333333333333333,4,7,3,0.3333333333333333,4,11,0,1.3333333333333333,0.0009984970092773438,0.0,0.0
3,4,0.7,optimal,4,8,4,0.0,4,8,4,0.0,4,16,0,2.6666666666666665,0.0010085105895996094,0.0,0.0010061264038085938
4,4,0.7,optimal,4,6,4,0.0,4,7,4,0.0,4,14,0,2.0,0.0010089874267578125,0.0009987354278564453,0.0
5,4,0.7,optimal,4,5,4,0.0,4,6,4,0.0,4,14,0,2.0,0.0010037422180175781,0.0010001659393310547,0.0
6,4,0.7,optimal,4,8,4,0.0,4,8,4,0.0,4,15,0,2.3333333333333335,0.0,0.0,0.0
7,4,0.7,optimal,4,7,4,0.0,4,7,4,0.0,4,15,0,2.6666666666666665,0.0,0.0009999275207519531,0.0
8,4,0.7,optimal,4,6,4,0.0,4,7,4,0.0,4,13,0,1.6666666666666667,0.0,0.002999544143676758,0.0010111331939697266
9,4,0.7,optimal,4,8,4,0.0,4,8,4,0.0,4,14,0,2.0,0.0009982585906982422,0.0,0.0009906291961669922
10,4,0.7,optimal,4,8,4,0.0,4,8,4,0.0,4,13,0,1.6666666666666667,0.0,0.0009961128234863281,0.0009875297546386719
11,4,0.7,optimal,4,7,4,0.0,4,8,4,0.0,4,15,0,2.3333333333333335,0.00099945068359375,0.0020127296447753906,0.0
12,4,0.7,optimal,4,6,4,0.0,4,7,4,0.0,4,14,0,2.0,0.0015320777893066406,0.0,0.0
13,4,0.7,optimal,4,8,4,0.0,4,8,4,0.0,4,14,0,2.0,0.0010323524475097656,0.001046895980834961,0.0
14,4,0.7,optimal,4,5,4,0.0,4,7,4,0.0,4,13,0,1.6666666666666667,0.0009992122650146484,0.0029973983764648438,0.0005114078521728516
15,4,0.7,optimal,4,7,4,0.0,4,7,4,0.0,4,14,0,2.0,0.0,0.0,0.0009961128234863281
16,4,0.7,optimal,4,8,3,0.6666666666666666,4,9,3,0.6666666666666666,4,14,0,2.3333333333333335,0.0,0.0,0.0
17,4,0.7,optimal,4,6,4,0.0,4,7,4,0.0,4,13,0,1.6666666666666667,0.0,0.0016894340515136719,0.0
18,4,0.7,optimal,4,9,3,0.3333333333333333,4,9,3,0.3333333333333333,4,13,0,1.6666666666666667,0.0,0.0,0.0010001659393310547
19,4,0.7,optimal,4,6,4,0.0,4,8,4,0.0,4,13,0,1.6666666666666667,0.0009999275207519531,0.0037212371826171875,0.0010194778442382812
20,4,0.7,optimal,4,7,4,0.0,4,8,4,0.0,4,15,0,2.3333333333333335,0.0009982585906982422,0.0,0.0015327930450439453
21,4,0.7,optimal,4,6,4,0.0,4,7,4,0.0,4,15,0,2.3333333333333335,0.0015344619750976562,0.0010061264038085938,0.0009887218475341797
22,4,0.7,optimal,4,8,3,0.3333333333333333,4,9,3,0.3333333333333333,4,12,0,1.3333333333333333,0.00099945068359375,0.0010006427764892578,0.0010006427764892578
23,4,0.7,optimal,4,6,4,0.0,4,6,4,0.0,4,13,0,1.6666666666666667,0.0,0.0010292530059814453,0.0009961128234863281
24,4,0.7,optimal,4,8,4,0.0,4,8,4,0.0,4,15,0,2.3333333333333335,0.0,0.0009839534759521484,0.0
25,4,0.7,optimal,4,7,4,0.0,4,8,4,0.0,4,13,0,1.6666666666666667,0.0009987354278564453,0.0,0.001016855239868164
26,4,0.7,optimal,4,6,4,0.0,4,6,4,0.0,4,14,0,2.0,0.0010366439819335938,0.0,0.0019409656524658203
27,4,0.7,optimal,4,8,4,0.0,4,8,4,0.0,4,16,0,2.6666666666666665,0.0010004043579101562,0.0025475025177001953,0.0011534690856933594
28,4,0.7,optimal,4,6,4,0.0,4,7,4,0.0,4,16,0,2.6666666666666665,0.0010018348693847656,0.0010008811950683594,0.0
29,4,0.7,optimal,4,7,3,0.6666666666666666,4,9,3,0.6666666666666666,4,12,0,1.6666666666666667,0.0,0.0010161399841308594,0.000997304916381836
30,4,0.7,optimal,4,8,3,0.6666666666666666,4,9,3,0.6666666666666666,4,14,0,2.3333333333333335,0.00103759765625,0.0,0.0
31,4,0.7,optimal,4,8,4,0.0,4,8,4,0.0,4,17,0,3.0,0.0,0.0,0.0
32,4,0.7,optimal,4,6,4,0.0,4,7,4,0.0,4,14,0,2.3333333333333335,0.0,0.0005185604095458984,0.00101470947265625
33,4,0.7,optimal,4,6,4,0.0,4,6,4,0.0,4,16,0,2.6666666666666665,0.0005130767822265625,0.0,0.0
34,4,0.7,optimal,4,6,4,0.0,4,7,4,0.0,4,13,0,1.6666666666666667,0.0,0.0,0.0
35,4,0.7,optimal,4,7,4,0.0,4,8,4,0.0,4,15,0,2.3333333333333335,0.0010042190551757812,0.0,0.0
36,4,0.7,optimal,4,7,4,0.0,4,7,4,0.0,4,15,0,2.3333333333333335,0.0010027885437011719,0.0009856224060058594,0.0009911060333251953
37,4,0.7,optimal,4,7,4,0.0,4,7,4,0.0,4,14,0,2.0,0.0,0.0009999275207519531,0.0010001659393310547
38,4,0.7,optimal,4,7,4,0.0,4,8,4,0.0,4,15,0,2.3333333333333335,0.0020072460174560547,0.0019752979278564453,0.0005116462707519531
39,4,0.7,optimal,4,9,3,0.3333333333333333,4,9,3,0.3333333333333333,4,12,0,1.6666666666666667,0.0005090236663818359,0.0,0.0
40,4,0.7,optimal,4,7,4,0.0,4,8,4,0.0,4,14,0,2.0,0.0,0.0,0.0
41,4,0.7,optimal,4,6,4,0.0,4,8,4,0.0,4,15,0,2.3333333333333335,0.0009942054748535156,0.0010004043579101562,0.0
42,4,0.7,optimal,4,6,4,0.0,4,6,4,0.0,4,13,0,1.6666666666666667,0.0009851455688476562,0.0025260448455810547,0.0009992122650146484
43,4,0.7,optimal,4,7,4,0.0,4,8,4,0.0,4,13,0,1.6666666666666667,0.0,0.0015134811401367188,0.0
44,4,0.7,optimal,4,7,4,0.0,4,8,4,0.0,4,16,0,2.6666666666666665,0.0010256767272949219,0.0,0.0
45,4,0.7,optimal,4,7,4,0.0,4,8,4,0.0,4,14,0,2.0,0.0010366439819335938,0.0023658275604248047,0.0010340213775634766
46,4,0.7,optimal,4,7,4,0.0,4,8,4,0.0,4,15,0,2.3333333333333335,0.0,0.0010235309600830078,0.0
47,4,0.7,optimal,4,7,4,0.0,4,7,4,0.0,4,14,0,2.0,0.0,0.0,0.0
48,4,0.7,optimal,4,6,4,0.0,4,7,4,0.0,4,14,0,2.0,0.0013759136199951172,0.0,0.0
49,4,0.7,optimal,4,8,4,0.0,4,8,4,0.0,4,15,0,2.6666666666666665,0.0,0.0,0.0
50,4,0.7,optimal,4,6,4,0.0,4,7,4,0.0,4,16,0,2.6666666666666665,0.0,0.0,0.003513813018798828
51,4,0.7,optimal,4,7,4,0.0,4,7,4,0.0,4,13,0,1.6666666666666667,0.0,0.0,0.0010006427764892578
52,4,0.7,optimal,4,6,4,0.0,4,7,4,0.0,4,14,0,2.3333333333333335,0.0,0.00397491455078125,0.0
53,4,0.7,optimal,4,8,4,0.0,4,8,4,0.0,4,17,0,3.0,0.0010001659393310547,0.0,0.002132415771484375
54,4,0.7,optimal,4,5,4,0.0,4,8,4,0.0,4,14,0,2.0,0.001003265380859375,0.003005504608154297,0.0
55,4,0.7,optimal,4,7,4,0.0,4,7,4,0.0,4,13,0,2.0,0.0,0.0009958744049072266,0.0
56,4,0.7,optimal,4,6,4,0.0,4,6,4,0.0,4,13,0,1.6666666666666667,0.0,0.0,0.0009953975677490234
57,4,0.7,optimal,4,6,4,0.0,4,8,4,0.0,4,13,0,1.6666666666666667,0.0011608600616455078,0.0020117759704589844,0.0
58,4,0.7,optimal,4,6,4,0.0,4,6,4,0.0,4,14,0,2.0,0.0010099411010742188,0.0015158653259277344,0.0010302066802978516
59,4,0.7,optimal,4,8,4,0.0,4,8,4,0.0,4,13,0,1.6666666666666667,0.0020165443420410156,0.004990816116333008,0.0
60,4,0.7,optimal,4,7,4,0.0,4,8,4,0.0,4,14,0,2.0,0.0010001659393310547,0.0,0.0009922981262207031
61,4,0.7,optimal,4,8,4,0.0,4,8,4,0.0,4,15,0,2.3333333333333335,0.0005161762237548828,0.0010502338409423828,0.0
62,4,0.7,optimal,4,7,4,0.0,4,8,4,0.0,4,16,0,2.6666666666666665,0.0009911060333251953,0.0,0.0
63,4,0.7,optimal,4,8,4,0.0,4,8,4,0.0,4,14,0,2.3333333333333335,0.0010001659393310547,0.0019829273223876953,0.0010004043579101562
64,4,0.7,optimal,4,5,4,0.0,4,6,4,0.0,4,15,0,2.3333333333333335,0.0015246868133544922,0.0014104843139648438,0.0012426376342773438
65,4,0.7,optimal,4,7,4,0.0,4,8,4,0.0,4,14,0,2.0,0.0009984970092773438,0.000997304916381836,0.0
66,4,0.7,optimal,4,7,3,0.3333333333333333,4,7,3,0.3333333333333333,4,12,0,1.3333333333333333,0.0,0.00099945068359375,0.0
67,4,0.7,optimal,4,7,4,0.0,4,7,4,0.0,4,14,0,2.0,0.0,0.0,0.0009987354278564453
68,4,0.7,optimal,4,8,4,0.0,4,8,4,0.0,4,14,0,2.0,0.0010058879852294922,0.00102996826171875,0.0
69,4,0.7,optimal,4,7,4,0.0,4,7,4,0.0,4,16,0,3.0,0.0,0.0,0.0
70,4,0.7,optimal,4,8,4,0.0,4,8,4,0.0,4,13,0,1.6666666666666667,0.0,0.0010101795196533203,0.0
71,4,0.7,optimal,4,6,4,0.0,4,7,4,0.0,4,15,0,2.6666666666666665,0.0010004043579101562,0.001001119613647461,0.0009999275207519531
72,4,0.7,optimal,4,9,3,0.6666666666666666,4,9,3,0.6666666666666666,4,15,0,2.3333333333333335,0.0,0.0010154247283935547,0.0010030269622802734
73,4,0.7,optimal,4,7,4,0.0,4,8,4,0.0,4,12,0,1.3333333333333333,0.0009999275207519531,0.0,0.0
74,4,0.7,optimal,4,8,4,0.0,4,8,4,0.0,4,15,0,2.3333333333333335,0.0,0.0009984970092773438,0.00099945068359375
75,4,0.7,optimal,4,6,4,0.0,4,7,4,0.0,4,16,0,2.6666666666666665,0.000995635986328125,0.0009958744049072266,0.0050656795501708984
76,4,0.7,optimal,4,6,4,0.0,4,8,4,0.0,4,16,0,2.6666666666666665,0.0,0.0009987354278564453,0.0010008811950683594
77,4,0.7,optimal,4,9,3,0.3333333333333333,4,9,3,0.3333333333333333,4,14,0,2.0,0.0009937286376953125,0.0010085105895996094,0.0009992122650146484
78,4,0.7,optimal,4,6,4,0.0,4,6,4,0.0,4,13,0,1.6666666666666667,0.0010020732879638672,0.0,0.0
79,4,0.7,optimal,4,6,4,0.0,4,7,4,0.0,4,15,0,2.3333333333333335,0.0,0.001010894775390625,0.0
80,4,0.7,optimal,4,7,4,0.0,4,7,4,0.0,4,14,0,2.0,0.0009999275207519531,0.0011489391326904297,0.001005411148071289
81,4,0.7,optimal,4,6,4,0.0,4,7,4,0.0,4,13,0,1.6666666666666667,0.0010001659393310547,0.0010001659393310547,0.0009937286376953125
82,4,0.7,optimal,4,8,4,0.0,4,8,4,0.0,4,13,0,1.6666666666666667,0.0009982585906982422,0.0039958953857421875,0.0
83,4,0.7,optimal,4,8,4,0.0,4,8,4,0.0,4,15,0,2.3333333333333335,0.0,0.0009989738464355469,0.001081705093383789
84,4,0.7,optimal,4,8,4,0.0,4,8,4,0.0,4,13,1,1.6666666666666667,0.0010006427764892578,0.0,0.0
85,4,0.7,optimal,4,8,4,0.0,4,8,4,0.0,4,15,0,2.3333333333333335,0.0,0.0,0.0009992122650146484
86,4,0.7,optimal,4,7,4,0.0,4,7,4,0.0,4,13,0,1.6666666666666667,0.0,0.0009951591491699219,0.0
87,4,0.7,optimal,4,6,4,0.0,4,8,4,0.0,4,12,0,1.3333333333333333,0.0,0.0030705928802490234,0.0009980201721191406
88,4,0.7,optimal,4,7,4,0.0,4,8,4,0.0,4,15,0,2.3333333333333335,0.0,0.0,0.0
89,4,0.7,optimal,4,6,4,0.0,4,7,4,0.0,4,13,0,1.6666666666666667,0.0009946823120117188,0.0,0.0
90,4,0.7,optimal,4,7,4,0.0,4,8,4,0.0,4,12,0,1.3333333333333333,0.0,0.0009889602661132812,0.0
91,4,0.7,optimal,4,6,4,0.0,4,8,4,0.0,4,15,0,2.3333333333333335,0.0009763240814208984,0.0029916763305664062,0.0013828277587890625
92,4,0.7,optimal,4,7,4,0.0,4,8,4,0.0,4,14,0,2.0,0.0009744167327880859,0.0,0.0
93,4,0.7,optimal,4,8,4,0.0,4,8,4,0.0,4,16,0,2.6666666666666665,0.0,0.005688190460205078,0.0009493827819824219
94,4,0.7,optimal,4,7,4,0.0,4,8,4,0.0,4,15,0,2.3333333333333335,0.0009999275207519531,0.0030007362365722656,0.0009999275207519531
95,4,0.7,optimal,4,6,4,0.0,4,8,4,0.0,4,13,0,2.0,0.0010175704956054688,0.0,0.0
96,4,0.7,optimal,4,9,3,0.3333333333333333,4,9,3,0.3333333333333333,4,13,0,2.0,0.0,0.0014791488647460938,0.0
97,4,0.7,optimal,4,4,4,0.0,4,4,4,0.0,4,13,0,1.6666666666666667,0.0009999275207519531,0.0010280609130859375,0.0
98,4,0.7,optimal,4,5,4,0.0,4,7,4,0.0,4,13,0,1.6666666666666667,0.0014331340789794922,0.001068115234375,0.0
99,4,0.7,optimal,4,7,3,0.3333333333333333,4,8,3,0.3333333333333333,4,13,0,1.6666666666666667,0.0010805130004882812,0.0013356208801269531,0.0
0,7,0.3,optimal,7,14,5,1.3333333333333333,7,15,5,1.0,7,21,0,3.0,0.010542154312133789,0.0031731128692626953,0.0
1,7,0.3,optimal,7,12,5,1.3333333333333333,7,15,5,1.3333333333333333,7,22,0,3.3333333333333335,0.003004312515258789,0.0029993057250976562,0.0
2,7,0.3,optimal,7,10,5,0.6666666666666666,7,11,5,0.6666666666666666,7,18,0,1.3333333333333333,0.0009999275207519531,0.00433349609375,0.0010001659393310547
3,7,0.3,optimal,7,16,5,1.6666666666666667,7,17,5,1.6666666666666667,7,24,0,3.6666666666666665,0.004518985748291016,0.002016305923461914,0.0
4,7,0.3,optimal,7,13,5,1.3333333333333333,7,14,5,1.3333333333333333,7,21,0,3.0,0.0046215057373046875,0.006352663040161133,0.0050928592681884766
5,7,0.3,optimal,7,12,5,1.3333333333333333,7,13,5,1.3333333333333333,7,22,0,3.0,0.008956432342529297,0.004025936126708984,0.0
6,7,0.3,optimal,7,13,5,1.3333333333333333,7,15,5,1.3333333333333333,7,22,0,3.3333333333333335,0.0030362606048583984,0.0050466060638427734,0.0009989738464355469
7,7,0.3,optimal,7,12,5,1.3333333333333333,7,15,5,1.3333333333333333,7,23,0,3.6666666666666665,0.007629871368408203,0.0028824806213378906,0.0
8,7,0.3,optimal,7,11,5,1.0,7,12,5,1.0,7,21,0,2.6666666666666665,0.0029785633087158203,0.0050334930419921875,0.000997304916381836
9,7,0.3,optimal,7,12,5,1.3333333333333333,7,12,5,1.3333333333333333,7,20,0,3.0,0.0047779083251953125,0.0020351409912109375,0.00099945068359375
10,7,0.3,optimal,7,12,5,1.0,7,16,5,1.0,7,19,1,2.0,0.003009796142578125,0.006349086761474609,0.0
11,7,0.3,optimal,7,15,5,1.3333333333333333,7,16,5,1.0,7,21,1,2.6666666666666665,0.004022121429443359,0.002516508102416992,0.0015017986297607422
12,7,0.3,optimal,7,13,5,1.3333333333333333,7,15,5,1.0,7,22,0,2.6666666666666665,0.004781246185302734,0.0020275115966796875,0.0
13,7,0.3,optimal,7,11,5,1.0,7,15,5,1.0,7,21,1,2.6666666666666665,0.003631114959716797,0.003526449203491211,0.001071929931640625
14,7,0.3,optimal,7,14,5,1.3333333333333333,7,15,5,1.3333333333333333,7,23,0,3.0,0.004540920257568359,0.009748697280883789,0.005658149719238281
15,7,0.3,optimal,7,14,5,1.3333333333333333,7,14,5,1.3333333333333333,7,22,0,3.0,0.0030057430267333984,0.00438690185546875,0.0024869441986083984
16,7,0.3,optimal,7,11,5,1.3333333333333333,7,14,5,1.3333333333333333,7,22,0,3.3333333333333335,0.004421710968017578,0.0040132999420166016,0.009777307510375977
17,7,0.3,optimal,7,12,5,1.0,7,15,5,1.0,7,21,1,2.3333333333333335,0.003030538558959961,0.00966501235961914,0.0010330677032470703
18,7,0.3,optimal,7,11,5,0.6666666666666666,7,12,5,0.6666666666666666,7,21,0,2.6666666666666665,0.0010013580322265625,0.001001596450805664,0.0009958744049072266
19,7,0.3,optimal,7,12,5,1.3333333333333333,7,15,5,1.0,7,20,0,3.0,0.001984834671020508,0.004807949066162109,0.0010025501251220703
20,7,0.3,optimal,7,14,5,1.6666666666666667,7,15,5,1.6666666666666667,7,23,0,3.3333333333333335,0.003978729248046875,0.00452733039855957,0.001008749008178711
21,7,0.3,optimal,7,14,5,1.3333333333333333,7,14,5,1.3333333333333333,7,22,0,3.0,0.003000020980834961,0.003560781478881836,0.0009918212890625
22,7,0.3,optimal,7,12,5,0.6666666666666666,7,13,5,0.6666666666666666,7,21,0,2.3333333333333335,0.004258155822753906,0.002005338668823242,0.0010085105895996094
23,7,0.3,optimal,7,12,5,1.3333333333333333,7,14,5,1.0,7,21,0,3.0,0.003593921661376953,0.006524085998535156,0.0009949207305908203
24,7,0.3,optimal,7,16,5,1.3333333333333333,7,17,5,1.3333333333333333,7,23,1,3.0,0.00573277473449707,0.004010915756225586,0.0010347366333007812
25,7,0.3,optimal,7,11,5,1.0,7,13,5,1.0,7,21,0,2.6666666666666665,0.004511117935180664,0.0061342716217041016,0.001001596450805664
26,7,0.3,optimal,7,11,5,1.3333333333333333,7,12,5,1.3333333333333333,7,21,0,2.3333333333333335,0.0049860477447509766,0.003545999526977539,0.001005411148071289
27,7,0.3,optimal,7,13,5,1.3333333333333333,7,14,5,1.0,7,23,0,3.3333333333333335,0.0029976367950439453,0.004679679870605469,0.0010037422180175781
28,7,0.3,optimal,7,13,5,1.6666666666666667,7,16,5,1.6666666666666667,7,24,0,3.3333333333333335,0.003992319107055664,0.0030164718627929688,0.0020220279693603516
29,7,0.3,optimal,7,12,5,1.0,7,15,5,1.0,7,21,0,2.6666666666666665,0.0042400360107421875,0.00400233268737793,0.0010428428649902344
30,7,0.3,optimal,7,12,5,1.3333333333333333,7,15,5,1.3333333333333333,7,24,0,3.6666666666666665,0.0034601688385009766,0.003980159759521484,0.0009853839874267578
31,7,0.3,optimal,7,14,5,1.6666666666666667,7,14,5,1.6666666666666667,7,23,0,3.6666666666666665,0.0033490657806396484,0.0057277679443359375,0.0009884834289550781
32,7,0.3,optimal,7,12,5,1.3333333333333333,7,13,5,1.3333333333333333,7,20,0,2.6666666666666665,0.0020046234130859375,0.005640268325805664,0.00099945068359375
33,7,0.3,optimal,7,14,5,1.6666666666666667,7,15,5,1.6666666666666667,7,25,0,3.6666666666666665,0.003996133804321289,0.0067369937896728516,0.0017426013946533203
34,7,0.3,optimal,7,11,5,1.0,7,12,5,1.0,7,20,0,2.0,0.0010149478912353516,0.009290695190429688,0.0009999275207519531
35,7,0.3,optimal,7,12,5,1.3333333333333333,7,14,5,1.3333333333333333,7,24,0,3.6666666666666665,0.004551887512207031,0.0029964447021484375,0.0009975433349609375
36,7,0.3,optimal,7,13,5,1.3333333333333333,7,16,5,1.3333333333333333,7,22,0,3.0,0.0030095577239990234,0.005156278610229492,0.0010001659393310547
37,7,0.3,optimal,7,16,5,1.3333333333333333,7,17,5,1.3333333333333333,7,20,0,3.0,0.003396272659301758,0.004003047943115234,0.0009999275207519531
38,7,0.3,optimal,7,11,5,1.3333333333333333,7,15,5,1.3333333333333333,7,24,0,3.3333333333333335,0.004395246505737305,0.002996206283569336,0.0010237693786621094
39,7,0.3,optimal,7,11,5,0.6666666666666666,7,13,5,0.6666666666666666,7,21,0,2.6666666666666665,0.0010001659393310547,0.0009999275207519531,0.0010194778442382812
40,7,0.3,optimal,7,15,5,1.3333333333333333,7,16,5,1.3333333333333333,7,23,0,3.0,0.0034711360931396484,0.0030028820037841797,0.0010335445404052734
41,7,0.3,optimal,7,14,5,1.3333333333333333,7,15,5,1.3333333333333333,7,23,0,3.3333333333333335,0.0029997825622558594,0.009387493133544922,0.0034859180450439453
42,7,0.3,optimal,7,13,5,1.0,7,14,5,1.0,7,20,0,2.6666666666666665,0.003458738327026367,0.005327701568603516,0.0011937618255615234
43,7,0.3,optimal,7,10,5,1.0,7,13,5,1.0,7,21,0,2.6666666666666665,0.004015207290649414,0.0071258544921875,0.0023958683013916016
44,7,0.3,optimal,7,14,5,1.3333333333333333,7,15,5,1.3333333333333333,7,23,0,3.6666666666666665,0.0060045719146728516,0.003996849060058594,0.0009996891021728516
45,7,0.3,optimal,7,12,5,1.3333333333333333,7,15,5,1.3333333333333333,7,23,0,3.3333333333333335,0.004521846771240234,0.005906581878662109,0.00451350212097168
46,7,0.3,optimal,7,12,5,1.3333333333333333,7,16,5,1.3333333333333333,7,22,0,3.3333333333333335,0.001998424530029297,0.003504514694213867,0.0
47,7,0.3,optimal,7,14,5,1.3333333333333333,7,15,5,1.3333333333333333,7,24,0,3.3333333333333335,0.004580259323120117,0.00400543212890625,0.0009987354278564453
48,7,0.3,optimal,7,17,4,2.0,7,18,4,1.6666666666666667,7,24,0,3.3333333333333335,0.0045392513275146484,0.0030074119567871094,0.0015077590942382812
49,7,0.3,optimal,7,14,5,1.6666666666666667,7,16,5,1.6666666666666667,7,24,0,3.6666666666666665,0.0030028820037841797,0.004251718521118164,0.001194000244140625
50,7,0.3,optimal,7,14,5,1.3333333333333333,7,14,5,1.3333333333333333,7,24,0,4.0,0.002996206283569336,0.0020143985748291016,0.001001119613647461
51,7,0.3,optimal,7,10,5,1.0,7,12,5,1.0,7,19,1,2.3333333333333335,0.003009319305419922,0.0030274391174316406,0.0010471343994140625
52,7,0.3,optimal,7,13,5,1.0,7,14,5,1.0,7,20,1,3.0,0.005013465881347656,0.001993894577026367,0.0
53,7,0.3,optimal,7,15,5,1.6666666666666667,7,17,5,1.6666666666666667,7,22,0,4.0,0.004013538360595703,0.002001047134399414,0.0010123252868652344
54,7,0.3,optimal,7,11,5,1.3333333333333333,7,15,5,1.3333333333333333,7,21,0,2.6666666666666665,0.00449371337890625,0.004659891128540039,0.0009949207305908203
55,7,0.3,optimal,7,14,5,1.3333333333333333,7,15,5,1.3333333333333333,7,22,0,3.0,0.003492593765258789,0.003998994827270508,0.0009989738464355469
56,7,0.3,optimal,7,15,5,1.0,7,15,5,1.0,7,22,0,3.0,0.003534555435180664,0.005995512008666992,0.001432180404663086
57,7,0.3,optimal,7,12,5,1.3333333333333333,7,15,5,1.3333333333333333,7,21,1,2.6666666666666665,0.003292083740234375,0.0035245418548583984,0.00099945068359375
58,7,0.3,optimal,7,11,5,1.3333333333333333,7,14,5,1.3333333333333333,7,20,0,2.3333333333333335,0.002996206283569336,0.004415750503540039,0.0010006427764892578
59,7,0.3,optimal,7,15,5,1.3333333333333333,7,16,5,1.3333333333333333,7,21,0,2.3333333333333335,0.003520488739013672,0.0028874874114990234,0.003000020980834961
60,7,0.3,optimal,7,14,5,1.6666666666666667,7,15,5,1.6666666666666667,7,23,0,3.3333333333333335,0.0029914379119873047,0.006946563720703125,0.0015101432800292969
61,7,0.3,optimal,7,14,5,1.6666666666666667,7,15,5,1.6666666666666667,7,21,1,3.0,0.009406328201293945,0.0038480758666992188,0.0016202926635742188
62,7,0.3,optimal,7,15,5,1.6666666666666667,7,15,5,1.6666666666666667,7,23,0,3.6666666666666665,0.0038809776306152344,0.0030460357666015625,0.0009970664978027344
63,7,0.3,optimal,7,14,5,1.3333333333333333,7,16,5,1.3333333333333333,7,24,0,3.3333333333333335,0.0029883384704589844,0.003535747528076172,0.004092693328857422
64,7,0.3,optimal,7,12,5,1.3333333333333333,7,15,5,1.3333333333333333,7,21,0,3.0,0.0040323734283447266,0.003034830093383789,0.000993490219116211
65,7,0.3,optimal,7,13,5,1.3333333333333333,7,14,5,1.3333333333333333,7,22,0,3.0,0.0031375885009765625,0.003260374069213867,0.0010159015655517578
66,7,0.3,optimal,7,10,5,1.0,7,11,5,1.0,7,20,0,2.0,0.0011911392211914062,0.0010030269622802734,0.0010106563568115234
67,7,0.3,optimal,7,12,5,1.3333333333333333,7,16,5,1.0,7,21,1,3.0,0.0030002593994140625,0.002507448196411133,0.0
68,7,0.3,optimal,7,15,5,1.3333333333333333,7,15,5,1.3333333333333333,7,22,0,3.0,0.001020193099975586,0.003266572952270508,0.0
69,7,0.3,optimal,7,13,5,1.6666666666666667,7,15,5,1.6666666666666667,7,25,0,4.333333333333333,0.0033769607543945312,0.0035140514373779297,0.0
70,7,0.3,optimal,7,13,5,1.0,7,15,5,1.0,7,22,0,2.6666666666666665,0.002006053924560547,0.005367755889892578,0.0010013580322265625
71,7,0.3,optimal,7,15,5,1.6666666666666667,7,17,5,1.6666666666666667,7,21,0,3.3333333333333335,0.003995418548583984,0.005943775177001953,0.0009992122650146484
72,7,0.3,optimal,7,11,5,1.0,7,11,5,1.0,7,23,0,3.3333333333333335,0.003034353256225586,0.005365610122680664,0.0
73,7,0.3,optimal,7,12,5,1.0,7,13,5,1.0,7,20,0,2.6666666666666665,0.0048980712890625,0.005333662033081055,0.0010209083557128906
74,7,0.3,optimal,7,15,5,1.6666666666666667,7,18,5,1.6666666666666667,7,21,0,3.0,0.002997875213623047,0.008031368255615234,0.0010101795196533203
75,7,0.3,optimal,7,13,5,1.3333333333333333,7,16,5,1.3333333333333333,7,25,0,3.6666666666666665,0.0037326812744140625,0.0039825439453125,0.001039743423461914
76,7,0.3,optimal,7,16,5,1.6666666666666667,7,17,5,1.6666666666666667,7,23,0,3.6666666666666665,0.004590034484863281,0.005545139312744141,0.0009925365447998047
77,7,0.3,optimal,7,13,4,1.6666666666666667,7,15,4,1.6666666666666667,7,20,1,2.6666666666666665,0.001093149185180664,0.0,0.001012563705444336
78,7,0.3,optimal,7,10,5,1.0,7,14,5,1.0,7,21,0,2.6666666666666665,0.003512859344482422,0.003375530242919922,0.0
79,7,0.3,optimal,7,15,5,1.3333333333333333,7,18,5,1.3333333333333333,7,24,0,3.3333333333333335,0.006991147994995117,0.004581451416015625,0.0029942989349365234
80,7,0.3,optimal,7,13,5,1.3333333333333333,7,16,5,1.3333333333333333,7,22,1,2.6666666666666665,0.005100250244140625,0.0030202865600585938,0.0009982585906982422
81,7,0.3,optimal,7,12,5,1.3333333333333333,7,13,5,1.3333333333333333,7,22,0,3.0,0.003505229949951172,0.004002094268798828,0.004516124725341797
82,7,0.3,optimal,7,14,5,1.0,7,15,5,1.0,7,20,0,2.6666666666666665,0.0030031204223632812,0.005213022232055664,0.0035283565521240234
83,7,0.3,optimal,7,12,5,1.3333333333333333,7,14,5,1.3333333333333333,7,20,1,2.3333333333333335,0.004528045654296875,0.0045435428619384766,0.0010111331939697266
84,7,0.3,optimal,7,13,5,1.3333333333333333,7,14,5,1.3333333333333333,7,20,0,2.3333333333333335,0.003338336944580078,0.004995584487915039,0.0009949207305908203
85,7,0.3,optimal,7,15,5,1.3333333333333333,7,17,5,1.3333333333333333,7,23,0,3.6666666666666665,0.00653076171875,0.0019986629486083984,0.0
86,7,0.3,optimal,7,16,5,1.3333333333333333,7,16,5,1.3333333333333333,7,22,1,2.6666666666666665,0.002000093460083008,0.004023551940917969,0.0020012855529785156
87,7,0.3,optimal,7,12,5,0.6666666666666666,7,16,5,0.6666666666666666,7,20,0,2.0,0.0035288333892822266,0.002992868423461914,0.0010030269622802734
88,7,0.3,optimal,7,14,5,1.3333333333333333,7,15,5,1.3333333333333333,7,23,0,3.0,0.0030303001403808594,0.003998279571533203,0.0010259151458740234
89,7,0.3,optimal,7,13,5,1.0,7,15,5,1.0,7,20,0,2.3333333333333335,0.0030260086059570312,0.0035359859466552734,0.0009984970092773438
90,7,0.3,optimal,7,12,5,0.6666666666666666,7,14,5,0.6666666666666666,7,19,0,2.3333333333333335,0.007562398910522461,0.004014015197753906,0.0008118152618408203
91,7,0.3,optimal,7,14,5,1.3333333333333333,7,16,5,1.3333333333333333,7,21,0,3.0,0.003050088882446289,0.005337953567504883,0.0009982585906982422
92,7,0.3,optimal,7,13,5,1.3333333333333333,7,16,5,1.3333333333333333,7,23,0,3.0,0.00400543212890625,0.0035157203674316406,0.003011465072631836
93,7,0.3,optimal,7,12,5,1.6666666666666667,7,16,5,1.6666666666666667,7,24,0,3.6666666666666665,0.004317283630371094,0.00453639030456543,0.0020170211791992188
94,7,0.3,optimal,7,13,5,1.3333333333333333,7,16,5,1.3333333333333333,7,21,0,2.6666666666666665,0.0057086944580078125,0.0025353431701660156,0.0010008811950683594
95,7,0.3,optimal,7,13,4,2.0,7,18,4,1.6666666666666667,7,23,0,3.6666666666666665,0.003708362579345703,0.00862264633178711,0.002995014190673828
96,7,0.3,optimal,7,15,5,1.3333333333333333,7,16,5,1.3333333333333333,7,21,0,3.0,0.002989053726196289,0.0035583972930908203,0.0032782554626464844
97,7,0.3,optimal,7,11,5,1.0,7,13,5,1.0,7,20,0,2.0,0.002182483673095703,0.0035352706909179688,0.0009987354278564453
98,7,0.3,optimal,7,11,5,1.0,7,13,5,1.0,7,20,0,2.6666666666666665,0.003000497817993164,0.009345054626464844,0.001008749008178711
99,7,0.3,optimal,7,13,5,1.0,7,13,5,1.0,7,22,0,2.6666666666666665,0.004010200500488281,0.003993511199951172,0.0012710094451904297
0,7,0.5,optimal,7,16,5,1.3333333333333333,7,16,5,1.3333333333333333,7,22,0,2.6666666666666665,0.003517627716064453,0.007866382598876953,0.0012233257293701172
1,7,0.5,optimal,7,13,5,1.3333333333333333,7,18,5,1.3333333333333333,7,23,1,3.0,0.007498264312744141,0.003525972366333008,0.0
2,7,0.5,optimal,7,12,5,0.6666666666666666,7,12,5,0.6666666666666666,7,20,0,2.0,0.0009908676147460938,0.0032367706298828125,0.0010251998901367188
3,7,0.5,optimal,7,16,5,1.6666666666666667,7,17,5,1.6666666666666667,7,24,0,3.6666666666666665,0.0039958953857421875,0.0025136470794677734,0.0010542869567871094
4,7,0.5,optimal,7,14,5,1.3333333333333333,7,16,5,1.3333333333333333,7,23,0,3.0,0.0041234493255615234,0.0049211978912353516,0.004004001617431641
5,7,0.5,optimal,7,14,5,1.3333333333333333,7,16,5,1.3333333333333333,7,23,0,3.0,0.0029938220977783203,0.0019991397857666016,0.0030252933502197266
6,7,0.5,optimal,7,15,5,1.3333333333333333,7,17,5,1.3333333333333333,7,23,0,3.3333333333333335,0.004538297653198242,0.005524635314941406,0.0010170936584472656
7,7,0.5,optimal,7,16,5,1.3333333333333333,7,17,5,1.3333333333333333,7,24,0,3.6666666666666665,0.0039975643157958984,0.003457784652709961,0.0010759830474853516
8,7,0.5,optimal,7,14,5,1.0,7,14,5,1.0,7,22,0,2.6666666666666665,0.0030002593994140625,0.0019991397857666016,0.0015316009521484375
9,7,0.5,optimal,7,15,5,1.3333333333333333,7,15,5,1.3333333333333333,7,23,0,3.0,0.005995512008666992,0.00405573844909668,0.0
10,7,0.5,optimal,7,14,5,1.0,7,16,5,1.0,7,22,0,2.6666666666666665,0.004549741744995117,0.0030040740966796875,0.0015146732330322266
11,7,0.5,optimal,7,16,5,1.3333333333333333,7,17,5,1.3333333333333333,7,22,0,3.0,0.0035257339477539062,0.004003763198852539,0.0
12,7,0.5,optimal,7,14,5,1.3333333333333333,7,16,5,1.3333333333333333,7,23,0,3.0,0.0030465126037597656,0.005498409271240234,0.0014126300811767578
13,7,0.5,optimal,7,12,5,1.0,7,15,5,1.0,7,23,0,3.0,0.0035309791564941406,0.0029790401458740234,0.0010039806365966797
14,7,0.5,optimal,7,15,5,1.3333333333333333,7,17,5,1.3333333333333333,7,23,0,3.0,0.002897977828979492,0.005247831344604492,0.0030443668365478516
15,7,0.5,optimal,7,16,5,1.3333333333333333,7,16,5,1.3333333333333333,7,22,0,3.0,0.003014802932739258,0.00417637825012207,0.0
16,7,0.5,optimal,7,12,5,1.3333333333333333,7,16,5,1.3333333333333333,7,23,0,3.3333333333333335,0.0034945011138916016,0.003994941711425781,0.0025634765625
17,7,0.5,optimal,7,12,5,1.0,7,15,5,1.0,7,21,1,2.3333333333333335,0.00493621826171875,0.003015756607055664,0.001506805419921875
18,7,0.5,optimal,7,14,5,0.6666666666666666,7,14,5,0.6666666666666666,7,22,0,2.6666666666666665,0.00099945068359375,0.0013082027435302734,0.001466512680053711
19,7,0.5,optimal,7,12,5,1.3333333333333333,7,15,5,1.0,7,22,0,3.3333333333333335,0.002454996109008789,0.004098653793334961,0.001153707504272461
20,7,0.5,optimal,7,14,5,1.6666666666666667,7,16,5,1.6666666666666667,7,24,0,3.3333333333333335,0.004137754440307617,0.005564689636230469,0.0029845237731933594
21,7,0.5,optimal,7,16,5,1.3333333333333333,7,16,5,1.3333333333333333,7,24,0,3.3333333333333335,0.0035080909729003906,0.0050106048583984375,0.0
22,7,0.5,optimal,7,13,5,0.6666666666666666,7,14,5,0.6666666666666666,7,21,0,2.3333333333333335,0.004392147064208984,0.0053827762603759766,0.0020017623901367188
23,7,0.5,optimal,7,14,5,1.3333333333333333,7,16,5,1.0,7,22,0,2.6666666666666665,0.0069446563720703125,0.014237165451049805,0.0020623207092285156
24,7,0.5,optimal,7,17,5,1.3333333333333333,7,18,5,1.3333333333333333,7,24,0,3.3333333333333335,0.008502006530761719,0.011561870574951172,0.002000570297241211
25,7,0.5,optimal,7,13,5,1.0,7,15,5,1.0,7,21,0,2.6666666666666665,0.008018970489501953,0.0030057430267333984,0.0020041465759277344
26,7,0.5,optimal,7,12,5,1.3333333333333333,7,15,5,1.3333333333333333,7,22,1,2.6666666666666665,0.003464937210083008,0.005353450775146484,0.0010039806365966797
27,7,0.5,optimal,7,13,5,1.3333333333333333,7,15,5,1.0,7,24,0,3.6666666666666665,0.003582477569580078,0.00548100471496582,0.0
28,7,0.5,optimal,7,14,5,1.6666666666666667,7,18,5,1.6666666666666667,7,25,0,3.6666666666666665,0.004899024963378906,0.0020885467529296875,0.0014295578002929688
29,7,0.5,optimal,7,12,5,1.0,7,16,5,1.0,7,21,0,2.3333333333333335,0.005573749542236328,0.00750422477722168,0.0009913444519042969
30,7,0.5,optimal,7,13,5,1.3333333333333333,7,17,5,1.3333333333333333,7,24,0,3.3333333333333335,0.0035257339477539062,0.004001617431640625,0.0015158653259277344
31,7,0.5,optimal,7,16,5,1.6666666666666667,7,17,5,1.6666666666666667,7,26,0,4.0,0.006514549255371094,0.0069921016693115234,0.0020627975463867188
32,7,0.5,optimal,7,12,5,1.3333333333333333,7,16,5,1.3333333333333333,7,22,0,3.3333333333333335,0.004821062088012695,0.006194353103637695,0.0009946823120117188
33,7,0.5,optimal,7,14,5,1.6666666666666667,7,15,5,1.6666666666666667,7,26,0,4.0,0.0045623779296875,0.00765681266784668,0.002515554428100586
34,7,0.5,optimal,7,13,5,1.0,7,14,5,1.0,7,22,0,2.6666666666666665,0.0015091896057128906,0.0020003318786621094,0.0010001659393310547
35,7,0.5,optimal,7,14,5,1.3333333333333333,7,16,5,1.3333333333333333,7,25,0,3.6666666666666665,0.0030031204223632812,0.003840923309326172,0.000997304916381836
36,7,0.5,optimal,7,14,5,1.3333333333333333,7,17,5,1.0,7,22,0,3.0,0.004010200500488281,0.00451207160949707,0.0009989738464355469
37,7,0.5,optimal,7,17,5,1.3333333333333333,7,17,5,1.3333333333333333,7,23,0,3.3333333333333335,0.005908966064453125,0.002019166946411133,0.0009937286376953125
38,7,0.5,optimal,7,16,5,1.3333333333333333,7,17,5,1.3333333333333333,7,25,0,3.6666666666666665,0.0038292407989501953,0.0037620067596435547,0.0010051727294921875
39,7,0.5,optimal,7,12,5,0.6666666666666666,7,14,5,0.6666666666666666,7,21,0,2.6666666666666665,0.00099945068359375,0.0020685195922851562,0.0017998218536376953
40,7,0.5,optimal,7,16,5,1.3333333333333333,7,17,5,1.3333333333333333,7,23,0,3.0,0.0030024051666259766,0.0035316944122314453,0.0019969940185546875
41,7,0.5,optimal,7,16,5,1.3333333333333333,7,17,5,1.3333333333333333,7,24,0,3.3333333333333335,0.004015684127807617,0.006791591644287109,0.0010056495666503906
42,7,0.5,optimal,7,15,5,1.0,7,15,5,1.0,7,21,0,2.6666666666666665,0.0019943714141845703,0.007177591323852539,0.0015134811401367188
43,7,0.5,optimal,7,12,5,1.0,7,15,5,1.0,7,22,0,2.6666666666666665,0.004425048828125,0.0029993057250976562,0.004504203796386719
44,7,0.5,optimal,7,15,5,1.3333333333333333,7,17,5,1.3333333333333333,7,25,0,3.6666666666666665,0.003523588180541992,0.0061609745025634766,0.0019881725311279297
45,7,0.5,optimal,7,14,5,1.3333333333333333,7,16,5,1.3333333333333333,7,24,0,3.3333333333333335,0.0030107498168945312,0.0035097599029541016,0.0030126571655273438
46,7,0.5,optimal,7,14,5,1.3333333333333333,7,18,5,1.3333333333333333,7,25,0,3.6666666666666665,0.0009989738464355469,0.0040132999420166016,0.0020072460174560547
47,7,0.5,optimal,7,16,5,1.3333333333333333,7,17,5,1.3333333333333333,7,24,0,3.3333333333333335,0.005060911178588867,0.006197929382324219,0.0
48,7,0.5,optimal,7,17,4,2.0,7,18,4,1.6666666666666667,7,24,0,3.3333333333333335,0.00500035285949707,0.002523660659790039,0.004015684127807617
49,7,0.5,optimal,7,15,5,1.6666666666666667,7,16,5,1.6666666666666667,7,24,0,3.3333333333333335,0.0035543441772460938,0.002996206283569336,0.0019958019256591797
50,7,0.5,optimal,7,14,5,1.3333333333333333,7,14,5,1.3333333333333333,7,25,0,4.0,0.005072116851806641,0.002013683319091797,0.0009975433349609375
51,7,0.5,optimal,7,11,5,1.0,7,14,5,1.0,7,22,0,2.6666666666666665,0.0029973983764648438,0.0025119781494140625,0.0
52,7,0.5,optimal,7,14,5,1.0,7,15,5,1.0,7,22,0,3.3333333333333335,0.00353240966796875,0.003009796142578125,0.0015037059783935547
53,7,0.5,optimal,7,16,5,1.6666666666666667,7,19,5,1.6666666666666667,7,25,0,4.333333333333333,0.003000020980834961,0.0026693344116210938,0.0010716915130615234
54,7,0.5,optimal,7,12,5,1.3333333333333333,7,17,5,1.3333333333333333,7,23,0,3.0,0.005246639251708984,0.0025398731231689453,0.0009989738464355469
55,7,0.5,optimal,7,17,5,1.3333333333333333,7,17,5,1.3333333333333333,7,23,0,3.0,0.0037550926208496094,0.0038547515869140625,0.0014495849609375
56,7,0.5,optimal,7,15,5,1.0,7,15,5,1.0,7,23,0,3.0,0.005994081497192383,0.0045354366302490234,0.002541065216064453
57,7,0.5,optimal,7,13,5,1.3333333333333333,7,16,5,1.3333333333333333,7,22,0,3.0,0.0032448768615722656,0.0040547847747802734,0.0009908676147460938
58,7,0.5,optimal,7,12,5,1.3333333333333333,7,17,5,1.3333333333333333,7,23,0,3.0,0.0034706592559814453,0.0055387020111083984,0.0010221004486083984
59,7,0.5,optimal,7,16,5,1.3333333333333333,7,17,5,1.3333333333333333,7,22,0,2.6666666666666665,0.004464149475097656,0.005491495132446289,0.004541635513305664
60,7,0.5,optimal,7,16,5,1.6666666666666667,7,17,5,1.6666666666666667,7,23,0,3.3333333333333335,0.003985881805419922,0.0045566558837890625,0.0009949207305908203
61,7,0.5,optimal,7,15,5,1.6666666666666667,7,17,5,1.6666666666666667,7,22,0,3.3333333333333335,0.003531217575073242,0.004037380218505859,0.008273601531982422
62,7,0.5,optimal,7,16,5,1.6666666666666667,7,18,5,1.6666666666666667,7,25,0,3.6666666666666665,0.004989147186279297,0.0045392513275146484,0.004010200500488281
63,7,0.5,optimal,7,14,5,1.3333333333333333,7,18,5,1.3333333333333333,7,24,0,3.3333333333333335,0.0030002593994140625,0.005995035171508789,0.0029954910278320312
64,7,0.5,optimal,7,13,5,1.3333333333333333,7,16,5,1.3333333333333333,7,23,0,3.0,0.005441904067993164,0.004658699035644531,0.0010111331939697266
65,7,0.5,optimal,7,16,5,1.3333333333333333,7,17,5,1.3333333333333333,7,24,0,3.3333333333333335,0.0063669681549072266,0.005093812942504883,0.0012166500091552734
66,7,0.5,optimal,7,11,5,1.0,7,13,5,1.0,7,22,0,2.6666666666666665,0.0009961128234863281,0.002006053924560547,0.0038824081420898438
67,7,0.5,optimal,7,13,5,1.3333333333333333,7,16,5,1.3333333333333333,7,22,0,2.6666666666666665,0.0034973621368408203,0.004008293151855469,0.0
68,7,0.5,optimal,7,15,5,1.3333333333333333,7,15,5,1.3333333333333333,7,23,0,3.0,0.0010056495666503906,0.004523277282714844,0.004001140594482422
69,7,0.5,optimal,7,14,5,1.6666666666666667,7,17,5,1.6666666666666667,7,25,0,4.333333333333333,0.005623340606689453,0.0045583248138427734,0.005348682403564453
70,7,0.5,optimal,7,13,5,1.0,7,16,5,1.0,7,22,0,2.6666666666666665,0.0029997825622558594,0.004990339279174805,0.0024738311767578125
71,7,0.5,optimal,7,17,5,1.6666666666666667,7,18,5,1.6666666666666667,7,22,0,3.0,0.0045621395111083984,0.003566741943359375,0.001512765884399414
72,7,0.5,optimal,7,13,5,1.0,7,13,5,1.0,7,24,0,3.3333333333333335,0.0049893856048583984,0.0074808597564697266,0.001049041748046875
73,7,0.5,optimal,7,14,5,1.0,7,14,5,1.0,7,21,0,2.3333333333333335,0.003981828689575195,0.004973173141479492,0.0015115737915039062
74,7,0.5,optimal,7,16,5,1.6666666666666667,7,18,5,1.6666666666666667,7,24,0,3.3333333333333335,0.0034999847412109375,0.004011631011962891,0.0009975433349609375
75,7,0.5,optimal,7,15,5,1.3333333333333333,7,17,5,1.3333333333333333,7,25,0,3.6666666666666665,0.003999948501586914,0.0035414695739746094,0.0031516551971435547
76,7,0.5,optimal,7,17,5,1.6666666666666667,7,18,5,1.6666666666666667,7,23,0,3.3333333333333335,0.004023075103759766,0.00400233268737793,0.0009899139404296875
77,7,0.5,optimal,7,15,4,1.6666666666666667,7,17,4,1.6666666666666667,7,21,1,2.3333333333333335,0.0,0.002999544143676758,0.000997304916381836
78,7,0.5,optimal,7,13,5,1.0,7,15,5,1.0,7,21,0,2.6666666666666665,0.0029973983764648438,0.003011465072631836,0.0010385513305664062
79,7,0.5,optimal,7,15,5,1.3333333333333333,7,18,5,1.3333333333333333,7,24,0,3.3333333333333335,0.0035724639892578125,0.003004789352416992,0.0010144710540771484
80,7,0.5,optimal,7,16,5,1.3333333333333333,7,18,5,1.3333333333333333,7,23,0,3.0,0.004512786865234375,0.003057718276977539,0.0009992122650146484
81,7,0.5,optimal,7,14,5,1.3333333333333333,7,15,5,1.3333333333333333,7,22,0,3.0,0.006586551666259766,0.005100727081298828,0.00379180908203125
82,7,0.5,optimal,7,15,5,1.0,7,17,5,1.0,7,21,0,2.6666666666666665,0.003000020980834961,0.005455493927001953,0.001001119613647461
83,7,0.5,optimal,7,13,5,1.3333333333333333,7,16,5,1.3333333333333333,7,23,0,3.3333333333333335,0.0035092830657958984,0.002999544143676758,0.0010023117065429688
84,7,0.5,optimal,7,15,5,1.3333333333333333,7,17,5,1.3333333333333333,7,22,1,2.6666666666666665,0.003000020980834961,0.0031168460845947266,0.0
85,7,0.5,optimal,7,17,5,1.3333333333333333,7,17,5,1.3333333333333333,7,25,0,3.6666666666666665,0.004113674163818359,0.0030007362365722656,0.0
86,7,0.5,optimal,7,17,5,1.3333333333333333,7,17,5,1.3333333333333333,7,23,0,3.0,0.004537105560302734,0.007508516311645508,0.0013501644134521484
87,7,0.5,optimal,7,15,5,0.6666666666666666,7,16,5,0.6666666666666666,7,20,0,2.0,0.0049855709075927734,0.0038154125213623047,0.0010864734649658203
88,7,0.5,optimal,7,15,5,1.3333333333333333,7,15,5,1.3333333333333333,7,24,0,3.3333333333333335,0.002030611038208008,0.004003047943115234,0.004035234451293945
89,7,0.5,optimal,7,14,5,1.0,7,15,5,1.0,7,22,0,2.6666666666666665,0.0033969879150390625,0.003023386001586914,0.0009999275207519531
90,7,0.5,optimal,7,13,5,0.6666666666666666,7,16,5,0.6666666666666666,7,20,1,2.0,0.00409245491027832,0.005522012710571289,0.0012524127960205078
91,7,0.5,optimal,7,14,5,1.3333333333333333,7,17,5,1.3333333333333333,7,23,0,3.3333333333333335,0.0030019283294677734,0.003505229949951172,0.001005411148071289
92,7,0.5,optimal,7,14,5,1.3333333333333333,7,17,5,1.3333333333333333,7,23,0,3.0,0.004074811935424805,0.004077434539794922,0.0035140514373779297
93,7,0.5,optimal,7,16,5,1.6666666666666667,7,19,5,1.6666666666666667,7,25,0,3.6666666666666665,0.003000020980834961,0.004675865173339844,0.003874540328979492
94,7,0.5,optimal,7,14,5,1.3333333333333333,7,17,5,1.3333333333333333,7,22,0,2.6666666666666665,0.0030031204223632812,0.005337238311767578,0.0010063648223876953
95,7,0.5,optimal,7,15,4,2.0,7,18,4,1.6666666666666667,7,24,0,3.6666666666666665,0.003003358840942383,0.004607200622558594,0.003395557403564453
96,7,0.5,optimal,7,17,5,1.3333333333333333,7,18,5,1.3333333333333333,7,23,0,3.0,0.003056764602661133,0.0034568309783935547,0.0045833587646484375
97,7,0.5,optimal,7,11,5,1.0,7,14,5,1.0,7,22,0,2.6666666666666665,0.004594326019287109,0.004080057144165039,0.0010042190551757812
98,7,0.5,optimal,7,13,5,1.0,7,15,5,1.0,7,22,0,2.6666666666666665,0.004747629165649414,0.004007577896118164,0.0
99,7,0.5,optimal,7,14,5,1.0,7,14,5,1.0,7,22,0,2.6666666666666665,0.004000425338745117,0.004618406295776367,0.0009996891021728516
0,7,0.7,optimal,7,17,5,1.3333333333333333,7,17,5,1.3333333333333333,7,23,0,3.0,0.003148317337036133,0.005011081695556641,0.001004934310913086
1,7,0.7,optimal,7,15,5,1.3333333333333333,7,18,5,1.3333333333333333,7,23,0,3.3333333333333335,0.0029976367950439453,0.0039098262786865234,0.0
2,7,0.7,optimal,7,13,5,0.6666666666666666,7,13,5,0.6666666666666666,7,20,0,2.0,0.0010018348693847656,0.002001047134399414,0.0009984970092773438
3,7,0.7,optimal,7,17,5,1.6666666666666667,7,17,5,1.6666666666666667,7,24,0,3.6666666666666665,0.0030426979064941406,0.0026814937591552734,0.0
4,7,0.7,optimal,7,17,5,1.3333333333333333,7,17,5,1.3333333333333333,7,23,0,3.0,0.0040361881256103516,0.0044023990631103516,0.0031890869140625
5,7,0.7,optimal,7,15,5,1.3333333333333333,7,17,5,1.3333333333333333,7,23,0,3.0,0.0030145645141601562,0.004170417785644531,0.00301361083984375
6,7,0.7,optimal,7,17,5,1.3333333333333333,7,18,5,1.3333333333333333,7,23,0,3.3333333333333335,0.003198862075805664,0.0025107860565185547,0.0
7,7,0.7,optimal,7,16,5,1.3333333333333333,7,17,5,1.3333333333333333,7,25,0,3.6666666666666665,0.004704475402832031,0.002002239227294922,0.0009999275207519531
8,7,0.7,optimal,7,16,5,1.0,7,17,5,1.0,7,22,0,2.6666666666666665,0.002996206283569336,0.004824638366699219,0.0009992122650146484
9,7,0.7,optimal,7,17,5,1.3333333333333333,7,17,5,1.3333333333333333,7,23,0,3.0,0.002778291702270508,0.005151271820068359,0.0009949207305908203
10,7,0.7,optimal,7,15,5,1.0,7,17,5,1.0,7,22,0,2.6666666666666665,0.004081249237060547,0.0036356449127197266,0.0034079551696777344
11,7,0.7,optimal,7,18,5,1.3333333333333333,7,18,5,1.3333333333333333,7,23,0,3.3333333333333335,0.004979848861694336,0.004666805267333984,0.001013040542602539
12,7,0.7,optimal,7,14,5,1.3333333333333333,7,17,5,1.3333333333333333,7,23,0,3.0,0.0030059814453125,0.004015445709228516,0.001003265380859375
13,7,0.7,optimal,7,14,5,1.0,7,16,5,1.0,7,23,0,3.0,0.0036516189575195312,0.006215333938598633,0.0
14,7,0.7,optimal,7,15,5,1.3333333333333333,7,18,5,1.3333333333333333,7,23,0,3.0,0.004034280776977539,0.004002094268798828,0.0040547847747802734
15,7,0.7,optimal,7,18,5,1.3333333333333333,7,18,5,1.3333333333333333,7,23,0,3.0,0.0045697689056396484,0.0039904117584228516,0.0037641525268554688
16,7,0.7,optimal,7,13,5,1.3333333333333333,7,17,5,1.3333333333333333,7,23,0,3.3333333333333335,0.004027605056762695,0.004071235656738281,0.004792451858520508
17,7,0.7,optimal,7,15,5,1.0,7,16,5,1.0,7,22,0,2.6666666666666665,0.004008054733276367,0.004635810852050781,0.0009989738464355469
18,7,0.7,optimal,7,15,5,0.6666666666666666,7,15,5,0.6666666666666666,7,22,0,2.6666666666666665,0.0012731552124023438,0.0010001659393310547,0.0
19,7,0.7,optimal,7,14,5,1.3333333333333333,7,16,5,1.3333333333333333,7,23,0,3.3333333333333335,0.0009999275207519531,0.0036826133728027344,0.001149892807006836
20,7,0.7,optimal,7,16,5,1.6666666666666667,7,17,5,1.6666666666666667,7,24,0,3.3333333333333335,0.0035195350646972656,0.0049991607666015625,0.002540111541748047
21,7,0.7,optimal,7,17,5,1.3333333333333333,7,17,5,1.3333333333333333,7,24,0,3.3333333333333335,0.0032563209533691406,0.0033876895904541016,0.001031637191772461
22,7,0.7,optimal,7,14,5,0.6666666666666666,7,15,5,0.6666666666666666,7,21,0,2.3333333333333335,0.004515409469604492,0.005298614501953125,0.0020024776458740234
23,7,0.7,optimal,7,16,5,1.3333333333333333,7,17,5,1.0,7,22,0,2.6666666666666665,0.003982067108154297,0.003429412841796875,0.0
24,7,0.7,optimal,7,18,5,1.3333333333333333,7,18,5,1.3333333333333333,7,24,0,3.3333333333333335,0.008106231689453125,0.008872509002685547,0.00151824951171875
25,7,0.7,optimal,7,15,5,1.0,7,16,5,1.0,7,22,0,2.6666666666666665,0.004007577896118164,0.0019998550415039062,0.0010006427764892578
26,7,0.7,optimal,7,13,5,1.3333333333333333,7,15,5,1.3333333333333333,7,23,0,3.0,0.005013465881347656,0.004008054733276367,0.0013339519500732422
27,7,0.7,optimal,7,14,5,1.3333333333333333,7,15,5,1.3333333333333333,7,25,0,3.6666666666666665,0.0030052661895751953,0.0035469532012939453,0.0010476112365722656
28,7,0.7,optimal,7,15,5,1.6666666666666667,7,19,5,1.6666666666666667,7,25,0,3.6666666666666665,0.0020034313201904297,0.003524303436279297,0.004008769989013672
29,7,0.7,optimal,7,14,5,1.0,7,16,5,1.0,7,22,0,2.6666666666666665,0.00439000129699707,0.0032362937927246094,0.001996278762817383
30,7,0.7,optimal,7,15,5,1.3333333333333333,7,17,5,1.3333333333333333,7,25,0,3.6666666666666665,0.0040035247802734375,0.004513978958129883,0.003992795944213867
31,7,0.7,optimal,7,17,5,1.6666666666666667,7,19,5,1.6666666666666667,7,27,0,4.333333333333333,0.00399327278137207,0.003069162368774414,0.002024412155151367
32,7,0.7,optimal,7,14,5,1.3333333333333333,7,16,5,1.3333333333333333,7,24,0,3.3333333333333335,0.0029997825622558594,0.003474712371826172,0.0029993057250976562
33,7,0.7,optimal,7,15,5,1.6666666666666667,7,17,5,1.6666666666666667,7,26,0,4.0,0.006524801254272461,0.005526304244995117,0.002998828887939453
34,7,0.7,optimal,7,15,5,1.0,7,15,5,1.0,7,22,0,2.6666666666666665,0.0009961128234863281,0.001996755599975586,0.0009953975677490234
35,7,0.7,optimal,7,16,5,1.3333333333333333,7,18,5,1.3333333333333333,7,25,0,3.6666666666666665,0.004725933074951172,0.010100841522216797,0.0030717849731445312
36,7,0.7,optimal,7,16,5,1.3333333333333333,7,18,5,1.3333333333333333,7,24,0,3.3333333333333335,0.0026073455810546875,0.004559516906738281,0.001529693603515625
37,7,0.7,optimal,7,17,5,1.3333333333333333,7,18,5,1.3333333333333333,7,23,0,3.0,0.006344795227050781,0.007521152496337891,0.0020139217376708984
38,7,0.7,optimal,7,17,5,1.3333333333333333,7,18,5,1.3333333333333333,7,25,0,3.6666666666666665,0.004170417785644531,0.003010272979736328,0.0011839866638183594
39,7,0.7,optimal,7,14,5,0.6666666666666666,7,15,5,0.6666666666666666,7,21,0,2.6666666666666665,0.0009999275207519531,0.0015099048614501953,0.0010144710540771484
40,7,0.7,optimal,7,16,5,1.3333333333333333,7,18,5,1.3333333333333333,7,23,0,3.0,0.005124330520629883,0.0055999755859375,0.0010137557983398438
41,7,0.7,optimal,7,17,5,1.3333333333333333,7,18,5,1.3333333333333333,7,24,0,3.3333333333333335,0.0034852027893066406,0.0060045719146728516,0.0020995140075683594
42,7,0.7,optimal,7,15,5,1.0,7,16,5,1.0,7,22,0,2.6666666666666665,0.002525806427001953,0.004021644592285156,0.0019941329956054688
43,7,0.7,optimal,7,15,5,1.0,7,17,5,1.0,7,22,0,2.6666666666666665,0.0029973983764648438,0.0027227401733398438,0.003997087478637695
44,7,0.7,optimal,7,18,5,1.3333333333333333,7,18,5,1.3333333333333333,7,25,0,3.6666666666666665,0.0030012130737304688,0.01239013671875,0.0010144710540771484
45,7,0.7,optimal,7,16,5,1.3333333333333333,7,17,5,1.3333333333333333,7,24,0,3.3333333333333335,0.0034983158111572266,0.004015684127807617,0.004044532775878906
46,7,0.7,optimal,7,18,5,1.3333333333333333,7,18,5,1.3333333333333333,7,25,0,4.0,0.0023946762084960938,0.005518913269042969,0.0030117034912109375
47,7,0.7,optimal,7,16,5,1.3333333333333333,7,17,5,1.3333333333333333,7,24,0,3.3333333333333335,0.0035049915313720703,0.0040111541748046875,0.0009951591491699219
48,7,0.7,optimal,7,18,4,2.0,7,18,4,2.0,7,24,0,3.3333333333333335,0.003514528274536133,0.004464864730834961,0.0010004043579101562
49,7,0.7,optimal,7,18,5,1.6666666666666667,7,18,5,1.6666666666666667,7,24,0,3.6666666666666665,0.0040056705474853516,0.0035288333892822266,0.0010001659393310547
50,7,0.7,optimal,7,15,5,1.3333333333333333,7,15,5,1.3333333333333333,7,26,0,4.0,0.0020008087158203125,0.0010180473327636719,0.0024039745330810547
51,7,0.7,optimal,7,13,5,1.0,7,16,5,1.0,7,22,0,2.6666666666666665,0.003002643585205078,0.002004384994506836,0.0010111331939697266
52,7,0.7,optimal,7,15,5,1.0,7,16,5,1.0,7,23,0,3.0,0.001996755599975586,0.003618001937866211,0.0010073184967041016
53,7,0.7,optimal,7,18,5,1.6666666666666667,7,19,5,1.6666666666666667,7,26,0,4.333333333333333,0.005686521530151367,0.0024530887603759766,0.0037317276000976562
54,7,0.7,optimal,7,13,5,1.3333333333333333,7,18,5,1.3333333333333333,7,23,0,3.0,0.0035283565521240234,0.003997802734375,0.0030219554901123047
55,7,0.7,optimal,7,17,5,1.3333333333333333,7,17,5,1.3333333333333333,7,23,0,3.0,0.003000497817993164,0.003618478775024414,0.0009963512420654297
56,7,0.7,optimal,7,16,5,1.0,7,16,5,1.0,7,23,0,3.0,0.0030002593994140625,0.005673885345458984,0.0009829998016357422
57,7,0.7,optimal,7,14,5,1.3333333333333333,7,16,5,1.3333333333333333,7,22,0,3.0,0.0030198097229003906,0.004000425338745117,0.0010290145874023438
58,7,0.7,optimal,7,14,5,1.3333333333333333,7,18,5,1.3333333333333333,7,23,0,3.0,0.002522706985473633,0.0040187835693359375,0.0010154247283935547
59,7,0.7,optimal,7,17,5,1.3333333333333333,7,18,5,1.3333333333333333,7,23,0,3.0,0.0035212039947509766,0.003139495849609375,0.0035893917083740234
60,7,0.7,optimal,7,17,5,1.6666666666666667,7,19,5,1.6666666666666667,7,24,0,3.3333333333333335,0.004518985748291016,0.0021865367889404297,0.0009927749633789062
61,7,0.7,optimal,7,18,5,1.6666666666666667,7,18,5,1.6666666666666667,7,23,0,3.0,0.004565238952636719,0.004000186920166016,0.0036478042602539062
62,7,0.7,optimal,7,17,5,1.6666666666666667,7,19,5,1.6666666666666667,7,25,0,3.6666666666666665,0.0049517154693603516,0.003990888595581055,0.004562854766845703
63,7,0.7,optimal,7,17,5,1.3333333333333333,7,18,5,1.3333333333333333,7,24,0,3.3333333333333335,0.003999233245849609,0.0025153160095214844,0.003988027572631836
64,7,0.7,optimal,7,14,5,1.3333333333333333,7,17,5,1.3333333333333333,7,24,0,3.6666666666666665,0.0035593509674072266,0.001999378204345703,0.0020017623901367188
65,7,0.7,optimal,7,17,5,1.3333333333333333,7,18,5,1.3333333333333333,7,24,0,3.3333333333333335,0.0035161972045898438,0.0030014514923095703,0.000997304916381836
66,7,0.7,optimal,7,14,5,1.0,7,14,5,1.0,7,22,0,2.6666666666666665,0.0009965896606445312,0.0,0.001035451889038086
67,7,0.7,optimal,7,15,5,1.3333333333333333,7,16,5,1.3333333333333333,7,23,0,3.3333333333333335,0.0030312538146972656,0.004002809524536133,0.0
68,7,0.7,optimal,7,15,5,1.3333333333333333,7,15,5,1.3333333333333333,7,23,0,3.0,0.0,0.003083467483520508,0.0011835098266601562
69,7,0.7,optimal,7,14,5,1.6666666666666667,7,19,5,1.6666666666666667,7,26,0,4.333333333333333,0.004023551940917969,0.0020127296447753906,0.004868745803833008
70,7,0.7,optimal,7,16,5,1.0,7,17,5,1.0,7,22,0,2.6666666666666665,0.005007028579711914,0.004038572311401367,0.00099945068359375
71,7,0.7,optimal,7,18,5,1.6666666666666667,7,19,5,1.6666666666666667,7,25,0,3.6666666666666665,0.0030012130737304688,0.003523588180541992,0.0009987354278564453
72,7,0.7,optimal,7,14,5,1.0,7,15,5,1.0,7,25,0,3.6666666666666665,0.003991603851318359,0.006003141403198242,0.0009970664978027344
73,7,0.7,optimal,7,15,5,1.0,7,15,5,1.0,7,21,0,2.6666666666666665,0.005544424057006836,0.004304409027099609,0.0020036697387695312
74,7,0.7,optimal,7,18,5,1.6666666666666667,7,19,5,1.6666666666666667,7,24,0,3.3333333333333335,0.0029997825622558594,0.0043752193450927734,0.0010190010070800781
75,7,0.7,optimal,7,16,5,1.3333333333333333,7,18,5,1.3333333333333333,7,25,0,3.6666666666666665,0.003000020980834961,0.005357027053833008,0.0020346641540527344
76,7,0.7,optimal,7,18,5,1.6666666666666667,7,19,5,1.6666666666666667,7,24,0,3.3333333333333335,0.0033240318298339844,0.004751920700073242,0.0010035037994384766
77,7,0.7,optimal,7,17,4,1.6666666666666667,7,19,4,1.6666666666666667,7,22,1,2.6666666666666665,0.0012555122375488281,0.004910945892333984,0.0013806819915771484
78,7,0.7,optimal,7,14,5,1.0,7,16,5,1.0,7,22,0,2.6666666666666665,0.00416111946105957,0.0030126571655273438,0.0
79,7,0.7,optimal,7,15,5,1.3333333333333333,7,18,5,1.3333333333333333,7,24,0,3.3333333333333335,0.004834890365600586,0.006338596343994141,0.0010075569152832031
80,7,0.7,optimal,7,16,5,1.3333333333333333,7,18,5,1.3333333333333333,7,23,0,3.0,0.004307985305786133,0.00516200065612793,0.0010156631469726562
81,7,0.7,optimal,7,16,5,1.3333333333333333,7,18,5,1.3333333333333333,7,23,0,3.0,0.004495143890380859,0.005998134613037109,0.003009319305419922
82,7,0.7,optimal,7,15,5,1.0,7,17,5,1.0,7,22,0,2.6666666666666665,0.010334014892578125,0.0023696422576904297,0.001993417739868164
83,7,0.7,optimal,7,16,5,1.3333333333333333,7,18,5,1.3333333333333333,7,24,0,3.3333333333333335,0.0030393600463867188,0.003992795944213867,0.0010309219360351562
84,7,0.7,optimal,7,17,5,1.3333333333333333,7,18,5,1.3333333333333333,7,22,1,2.6666666666666665,0.0045566558837890625,0.003245830535888672,0.0018360614776611328
85,7,0.7,optimal,7,18,5,1.3333333333333333,7,18,5,1.3333333333333333,7,25,0,3.6666666666666665,0.004140377044677734,0.0043697357177734375,0.0013425350189208984
86,7,0.7,optimal,7,18,5,1.3333333333333333,7,18,5,1.3333333333333333,7,23,0,3.0,0.006517171859741211,0.006531238555908203,0.0040090084075927734
87,7,0.7,optimal,7,15,5,0.6666666666666666,7,16,5,0.6666666666666666,7,21,0,2.3333333333333335,0.0030074119567871094,0.0029997825622558594,0.0015184879302978516
88,7,0.7,optimal,7,16,5,1.3333333333333333,7,16,5,1.3333333333333333,7,24,0,3.3333333333333335,0.004179954528808594,0.005009174346923828,0.004676342010498047
89,7,0.7,optimal,7,14,5,1.0,7,16,5,1.0,7,22,0,2.6666666666666665,0.003019571304321289,0.003293752670288086,0.006107807159423828
90,7,0.7,optimal,7,13,5,0.6666666666666666,7,16,5,0.6666666666666666,7,21,0,2.3333333333333335,0.005500316619873047,0.010701417922973633,0.0069959163665771484
91,7,0.7,optimal,7,16,5,1.3333333333333333,7,18,5,1.3333333333333333,7,24,0,3.3333333333333335,0.014681339263916016,0.00933527946472168,0.0025739669799804688
92,7,0.7,optimal,7,15,5,1.3333333333333333,7,18,5,1.3333333333333333,7,23,0,3.0,0.005510091781616211,0.006002664566040039,0.006023406982421875
93,7,0.7,optimal,7,18,5,1.6666666666666667,7,19,5,1.6666666666666667,7,25,0,3.6666666666666665,0.01028585433959961,0.004539012908935547,0.006529092788696289
94,7,0.7,optimal,7,17,5,1.3333333333333333,7,18,5,1.3333333333333333,7,24,0,3.3333333333333335,0.005076408386230469,0.002858877182006836,0.004114389419555664
95,7,0.7,optimal,7,16,4,2.0,7,19,4,1.6666666666666667,7,25,0,3.6666666666666665,0.00560760498046875,0.004003763198852539,0.003525257110595703
96,7,0.7,optimal,7,18,5,1.3333333333333333,7,18,5,1.3333333333333333,7,23,0,3.0,0.004072904586791992,0.005086660385131836,0.0030138492584228516
97,7,0.7,optimal,7,12,5,1.0,7,14,5,1.0,7,22,0,2.6666666666666665,0.0035247802734375,0.006196260452270508,0.0014958381652832031
98,7,0.7,optimal,7,13,5,1.0,7,15,5,1.0,7,22,0,2.6666666666666665,0.006014108657836914,0.006516218185424805,0.0
99,7,0.7,optimal,7,16,5,1.0,7,16,5,1.0,7,22,0,2.6666666666666665,0.004048824310302734,0.005419731140136719,0.0010030269622802734
0,10,0.3,optimal,10,20,5,2.3333333333333335,10,24,5,2.3333333333333335,10,30,0,4.0,0.007567882537841797,0.006300449371337891,0.0056917667388916016
1,10,0.3,optimal,10,21,5,2.6666666666666665,10,25,5,2.6666666666666665,10,30,0,4.0,0.005346059799194336,0.008250951766967773,0.004359245300292969
2,10,0.3,optimal,10,16,5,1.6666666666666667,10,21,5,1.6666666666666667,10,27,0,2.6666666666666665,0.004018545150756836,0.00402522087097168,0.003507852554321289
3,10,0.3,optimal,10,24,5,3.0,10,27,5,3.0,10,32,0,4.333333333333333,0.005622386932373047,0.003963947296142578,0.004498004913330078
4,10,0.3,optimal,10,20,5,2.3333333333333335,10,22,5,2.3333333333333335,10,29,0,3.3333333333333335,0.003528594970703125,0.009390115737915039,0.002481222152709961
5,10,0.3,optimal,10,19,5,2.3333333333333335,10,25,5,2.3333333333333335,10,30,0,3.6666666666666665,0.004016399383544922,0.006797075271606445,0.0035254955291748047
6,10,0.3,optimal,10,22,5,2.6666666666666665,10,26,5,2.6666666666666665,10,30,0,4.0,0.005633115768432617,0.0070934295654296875,0.003998756408691406
7,10,0.3,optimal,10,21,5,3.0,10,26,5,3.0,10,30,1,4.0,0.003155946731567383,0.00402379035949707,0.003123760223388672
8,10,0.3,optimal,10,18,5,2.0,10,23,5,2.0,10,29,0,3.3333333333333335,0.004003286361694336,0.0045130252838134766,0.003498554229736328
9,10,0.3,optimal,10,18,5,2.3333333333333335,10,22,5,2.3333333333333335,10,28,0,3.3333333333333335,0.004029989242553711,0.004483938217163086,0.004991769790649414
10,10,0.3,optimal,10,20,5,2.0,10,25,5,2.0,10,27,2,3.0,0.00353240966796875,0.0039937496185302734,0.003523111343383789
11,10,0.3,optimal,10,19,5,2.6666666666666665,10,25,5,2.6666666666666665,10,29,1,4.0,0.004007816314697266,0.004011869430541992,0.0010025501251220703
12,10,0.3,optimal,10,19,5,2.3333333333333335,10,25,5,2.3333333333333335,10,30,0,3.6666666666666665,0.004988670349121094,0.005023002624511719,0.0030126571655273438
13,10,0.3,optimal,10,18,5,2.3333333333333335,10,25,5,2.3333333333333335,10,29,1,3.6666666666666665,0.0030040740966796875,0.0035674571990966797,0.004012107849121094
14,10,0.3,optimal,10,22,5,2.3333333333333335,10,25,5,2.3333333333333335,10,31,0,4.0,0.004990577697753906,0.00522303581237793,0.0029871463775634766
15,10,0.3,optimal,10,20,5,2.3333333333333335,10,24,5,2.3333333333333335,10,31,0,4.0,0.004003047943115234,0.003999471664428711,0.004004716873168945
16,10,0.3,optimal,10,19,5,2.6666666666666665,10,25,5,2.6666666666666665,10,30,1,4.0,0.004000186920166016,0.004998445510864258,0.003999233245849609
17,10,0.3,optimal,10,21,5,2.0,10,25,5,2.0,10,30,0,3.3333333333333335,0.003996610641479492,0.004010200500488281,0.005000591278076172
18,10,0.3,optimal,10,21,5,2.0,10,25,5,2.0,10,29,0,3.0,0.003996133804321289,0.00398564338684082,0.004127979278564453
19,10,0.3,optimal,10,21,5,2.6666666666666665,10,26,5,2.6666666666666665,10,31,0,4.0,0.003000020980834961,0.0054171085357666016,0.0034096240997314453
20,10,0.3,optimal,10,20,5,2.6666666666666665,10,25,5,2.6666666666666665,10,32,0,4.333333333333333,0.010999441146850586,0.007733583450317383,0.02899646759033203
21,10,0.3,optimal,10,23,5,2.6666666666666665,10,24,5,2.6666666666666665,10,32,0,4.0,0.005023479461669922,0.0055310726165771484,0.004012584686279297
22,10,0.3,optimal,10,17,5,1.6666666666666667,10,22,5,1.6666666666666667,10,30,0,3.3333333333333335,0.0040950775146484375,0.007895708084106445,0.004021406173706055
23,10,0.3,optimal,10,21,5,2.3333333333333335,10,24,5,2.3333333333333335,10,30,0,4.0,0.01349639892578125,0.012077569961547852,0.003997325897216797
24,10,0.3,optimal,10,22,5,2.6666666666666665,10,28,5,2.6666666666666665,10,31,0,4.0,0.008559226989746094,0.013127803802490234,0.013016462326049805
25,10,0.3,optimal,10,18,5,2.0,10,23,5,2.0,10,30,0,3.6666666666666665,0.004991769790649414,0.008436918258666992,0.008491277694702148
26,10,0.3,optimal,10,21,5,2.3333333333333335,10,23,5,2.3333333333333335,10,30,0,3.6666666666666665,0.005518198013305664,0.0039920806884765625,0.003023862838745117
27,10,0.3,optimal,10,22,5,3.0,10,25,5,3.0,10,32,0,4.666666666666667,0.0045490264892578125,0.00653839111328125,0.003273487091064453
28,10,0.3,optimal,10,22,5,3.0,10,26,5,3.0,10,32,0,4.333333333333333,0.0025649070739746094,0.004981279373168945,0.006011009216308594
29,10,0.3,optimal,10,19,5,2.0,10,24,5,2.0,10,30,0,3.6666666666666665,0.004729032516479492,0.005696296691894531,0.0056383609771728516
30,10,0.3,optimal,10,22,5,3.0,10,25,5,3.0,10,31,0,4.0,0.0040166378021240234,0.004614114761352539,0.003081083297729492
31,10,0.3,optimal,10,23,5,3.6666666666666665,10,25,5,3.6666666666666665,10,32,1,4.666666666666667,0.0031280517578125,0.003154754638671875,0.0035240650177001953
32,10,0.3,optimal,10,20,5,2.6666666666666665,10,24,5,2.6666666666666665,10,30,0,4.0,0.003812551498413086,0.011191129684448242,0.0029981136322021484
33,10,0.3,optimal,10,21,5,3.3333333333333335,10,28,5,3.3333333333333335,10,33,0,4.333333333333333,0.003000497817993164,0.004012346267700195,0.004529237747192383
34,10,0.3,optimal,10,18,5,2.0,10,22,5,2.0,10,28,0,3.3333333333333335,0.003009319305419922,0.0030050277709960938,0.005792856216430664
35,10,0.3,optimal,10,22,5,3.0,10,24,5,3.0,10,32,0,4.333333333333333,0.003677845001220703,0.004414081573486328,0.002521514892578125
36,10,0.3,optimal,10,21,5,2.6666666666666665,10,27,5,2.6666666666666665,10,32,0,4.333333333333333,0.005526065826416016,0.004540443420410156,0.003053426742553711
37,10,0.3,optimal,10,19,5,2.6666666666666665,10,26,5,2.6666666666666665,10,28,0,3.3333333333333335,0.003007173538208008,0.003002166748046875,0.0030472278594970703
38,10,0.3,optimal,10,23,5,3.0,10,27,5,3.0,10,33,1,4.333333333333333,0.004140138626098633,0.00442194938659668,0.002525806427001953
39,10,0.3,optimal,10,22,5,2.0,10,24,5,2.0,10,29,0,3.3333333333333335,0.004525423049926758,0.004007816314697266,0.0039958953857421875
40,10,0.3,optimal,10,22,5,2.3333333333333335,10,26,5,2.3333333333333335,10,30,0,3.6666666666666665,0.0045278072357177734,0.004013538360595703,0.004523277282714844
41,10,0.3,optimal,10,22,5,2.6666666666666665,10,26,5,2.6666666666666665,10,32,0,4.333333333333333,0.0045893192291259766,0.004003763198852539,0.003515481948852539
42,10,0.3,optimal,10,21,5,2.0,10,24,5,2.0,10,28,1,3.3333333333333335,0.0010025501251220703,0.0030035972595214844,0.0030269622802734375
43,10,0.3,optimal,10,20,5,2.0,10,23,5,2.0,10,29,0,3.3333333333333335,0.0035376548767089844,0.004826545715332031,0.003538370132446289
44,10,0.3,optimal,10,22,5,3.0,10,25,5,3.0,10,29,0,4.333333333333333,0.0049970149993896484,0.005543231964111328,0.003003835678100586
45,10,0.3,optimal,10,20,5,2.6666666666666665,10,26,5,2.6666666666666665,10,30,1,3.6666666666666665,0.0040149688720703125,0.0035371780395507812,0.0059320926666259766
46,10,0.3,optimal,10,23,5,3.3333333333333335,10,28,5,3.3333333333333335,10,32,2,4.333333333333333,0.0045511722564697266,0.004034280776977539,0.0034227371215820312
47,10,0.3,optimal,10,19,5,2.6666666666666665,10,25,5,2.6666666666666665,10,31,0,4.333333333333333,0.0055370330810546875,0.004721164703369141,0.0030226707458496094
48,10,0.3,optimal,10,23,5,2.6666666666666665,10,27,5,2.6666666666666665,10,33,0,4.333333333333333,0.004035234451293945,0.0029883384704589844,0.005322933197021484
49,10,0.3,optimal,10,22,5,3.0,10,25,5,3.0,10,33,0,4.666666666666667,0.003999233245849609,0.006147146224975586,0.0020012855529785156
50,10,0.3,optimal,10,22,5,3.3333333333333335,10,27,5,3.3333333333333335,10,31,0,4.333333333333333,0.005469322204589844,0.0033752918243408203,0.0010328292846679688
51,10,0.3,optimal,10,19,5,2.0,10,23,5,2.0,10,28,0,3.3333333333333335,0.004004955291748047,0.0045452117919921875,0.0030052661895751953
52,10,0.3,optimal,10,20,5,2.6666666666666665,10,24,5,2.3333333333333335,10,28,0,4.333333333333333,0.0031914710998535156,0.004386186599731445,0.0032129287719726562
53,10,0.3,optimal,10,25,5,3.6666666666666665,10,28,5,3.6666666666666665,10,31,1,4.666666666666667,0.002454996109008789,0.0034906864166259766,0.003011941909790039
54,10,0.3,optimal,10,20,5,2.3333333333333335,10,25,5,2.3333333333333335,10,30,0,3.6666666666666665,0.0034766197204589844,0.006020545959472656,0.0030281543731689453
55,10,0.3,optimal,10,19,5,2.3333333333333335,10,25,5,2.3333333333333335,10,30,0,3.6666666666666665,0.004694461822509766,0.006730556488037109,0.00531315803527832
56,10,0.3,optimal,10,20,5,2.3333333333333335,10,25,5,2.3333333333333335,10,30,0,4.0,0.004540920257568359,0.003998756408691406,0.005009651184082031
57,10,0.3,optimal,10,21,5,2.3333333333333335,10,26,5,2.3333333333333335,10,30,1,3.3333333333333335,0.003003835678100586,0.0035419464111328125,0.0030143260955810547
58,10,0.3,optimal,10,18,5,2.3333333333333335,10,24,5,2.3333333333333335,10,30,0,4.0,0.0030019283294677734,0.0035741329193115234,0.0047283172607421875
59,10,0.3,optimal,10,23,5,2.3333333333333335,10,27,5,2.3333333333333335,10,30,1,3.3333333333333335,0.004761457443237305,0.003535747528076172,0.0030007362365722656
60,10,0.3,optimal,10,21,5,2.6666666666666665,10,25,5,2.6666666666666665,10,30,0,4.0,0.004523277282714844,0.003995656967163086,0.0013210773468017578
61,10,0.3,optimal,10,20,5,2.6666666666666665,10,24,5,2.6666666666666665,10,30,0,4.333333333333333,0.0039980411529541016,0.0045239925384521484,0.005518674850463867
62,10,0.3,optimal,10,23,5,3.0,10,27,5,3.0,10,32,0,4.666666666666667,0.0030007362365722656,0.003069639205932617,0.004090070724487305
63,10,0.3,optimal,10,20,5,2.6666666666666665,10,27,5,2.6666666666666665,10,32,0,4.0,0.003002166748046875,0.0050084590911865234,0.0035190582275390625
64,10,0.3,optimal,10,22,5,3.0,10,25,5,2.6666666666666665,10,28,1,3.6666666666666665,0.0040013790130615234,0.004616498947143555,0.004574298858642578
65,10,0.3,optimal,10,20,5,2.6666666666666665,10,24,5,2.6666666666666665,10,31,0,4.0,0.0035424232482910156,0.003001689910888672,0.004248380661010742
66,10,0.3,optimal,10,18,5,2.0,10,22,5,2.0,10,28,0,3.6666666666666665,0.0029993057250976562,0.004411935806274414,0.003512859344482422
67,10,0.3,optimal,10,19,5,2.6666666666666665,10,26,5,2.3333333333333335,10,29,0,4.0,0.00654149055480957,0.0030324459075927734,0.008053064346313477
68,10,0.3,optimal,10,22,5,2.3333333333333335,10,25,5,2.3333333333333335,10,31,0,4.0,0.005002260208129883,0.004156589508056641,0.0029993057250976562
69,10,0.3,optimal,10,23,5,3.6666666666666665,10,27,5,3.6666666666666665,10,33,0,4.666666666666667,0.003002166748046875,0.004031658172607422,0.004997968673706055
70,10,0.3,optimal,10,17,5,2.0,10,23,5,2.0,10,30,0,3.6666666666666665,0.005410909652709961,0.0045506954193115234,0.00099945068359375
71,10,0.3,optimal,10,22,5,3.0,10,27,5,3.0,10,30,1,3.6666666666666665,0.0029821395874023438,0.004278421401977539,0.003002643585205078
72,10,0.3,optimal,10,22,5,3.0,10,23,5,3.0,10,32,0,4.0,0.0025186538696289062,0.004561901092529297,0.0046999454498291016
73,10,0.3,optimal,10,18,5,2.0,10,24,5,2.0,10,29,0,3.6666666666666665,0.0030846595764160156,0.005568742752075195,0.003800630569458008
74,10,0.3,optimal,10,22,5,2.6666666666666665,10,26,5,2.6666666666666665,10,29,0,3.6666666666666665,0.005033016204833984,0.0029954910278320312,0.0030183792114257812
75,10,0.3,optimal,10,22,5,3.0,10,29,5,3.0,10,34,0,4.666666666666667,0.003512859344482422,0.004010438919067383,0.0033028125762939453
76,10,0.3,optimal,10,24,5,3.0,10,26,5,3.0,10,31,0,4.333333333333333,0.003998517990112305,0.002838134765625,0.0038232803344726562
77,10,0.3,optimal,10,19,5,2.3333333333333335,10,24,5,2.3333333333333335,10,28,1,3.3333333333333335,0.0037682056427001953,0.003210783004760742,0.0009949207305908203
78,10,0.3,optimal,10,16,5,2.0,10,26,5,2.0,10,30,0,3.6666666666666665,0.0035278797149658203,0.0044629573822021484,0.002991914749145508
79,10,0.3,optimal,10,22,5,2.6666666666666665,10,27,5,2.6666666666666665,10,32,0,4.0,0.003506898880004883,0.005719661712646484,0.003927469253540039
80,10,0.3,optimal,10,20,5,2.3333333333333335,10,26,5,2.3333333333333335,10,31,0,3.6666666666666665,0.0051116943359375,0.004024505615234375,0.0030062198638916016
81,10,0.3,optimal,10,21,5,2.3333333333333335,10,24,5,2.3333333333333335,10,31,0,4.0,0.003507852554321289,0.0029828548431396484,0.003521442413330078
82,10,0.3,optimal,10,22,5,2.0,10,24,5,2.0,10,28,0,3.6666666666666665,0.002515077590942383,0.0030100345611572266,0.003740072250366211
83,10,0.3,optimal,10,24,5,2.6666666666666665,10,25,5,2.6666666666666665,10,29,0,4.0,0.0033609867095947266,0.0058901309967041016,0.0041255950927734375
84,10,0.3,optimal,10,22,5,2.3333333333333335,10,24,5,2.3333333333333335,10,30,1,3.6666666666666665,0.004003047943115234,0.005373716354370117,0.003385305404663086
85,10,0.3,optimal,10,23,5,3.0,10,28,5,3.0,10,30,1,3.6666666666666665,0.003999233245849609,0.00445103645324707,0.003540515899658203
86,10,0.3,optimal,10,19,5,2.3333333333333335,10,26,5,2.3333333333333335,10,29,1,3.3333333333333335,0.0030014514923095703,0.0031549930572509766,0.0040056705474853516
87,10,0.3,optimal,10,18,5,1.6666666666666667,10,25,5,1.6666666666666667,10,27,0,2.6666666666666665,0.003502368927001953,0.003004312515258789,0.004538297653198242
88,10,0.3,optimal,10,22,5,2.6666666666666665,10,26,5,2.6666666666666665,10,33,0,4.333333333333333,0.002994537353515625,0.002518892288208008,0.004559755325317383
89,10,0.3,optimal,10,20,5,2.0,10,24,5,2.0,10,29,0,3.6666666666666665,0.004534482955932617,0.005508899688720703,0.003002166748046875
90,10,0.3,optimal,10,18,5,1.6666666666666667,10,23,5,1.6666666666666667,10,27,0,3.0,0.002997159957885742,0.005563259124755859,0.002996683120727539
91,10,0.3,optimal,10,21,5,2.6666666666666665,10,27,5,2.6666666666666665,10,30,0,4.0,0.003796815872192383,0.0035064220428466797,0.002828359603881836
92,10,0.3,optimal,10,19,5,2.3333333333333335,10,27,5,2.3333333333333335,10,32,0,4.0,0.004027843475341797,0.0040073394775390625,0.004674434661865234
93,10,0.3,optimal,10,22,5,3.0,10,28,5,3.0,10,30,1,4.333333333333333,0.005614519119262695,0.0030460357666015625,0.003531932830810547
94,10,0.3,optimal,10,23,5,2.6666666666666665,10,27,5,2.6666666666666665,10,30,2,3.6666666666666665,0.0030050277709960938,0.004513978958129883,0.0029807090759277344
95,10,0.3,optimal,10,22,5,3.0,10,27,5,3.0,10,32,1,4.333333333333333,0.006029844284057617,0.004522085189819336,0.0030052661895751953
96,10,0.3,optimal,10,21,5,2.3333333333333335,10,26,5,2.3333333333333335,10,29,0,4.0,0.0030379295349121094,0.006037235260009766,0.005094051361083984
97,10,0.3,optimal,10,19,5,2.0,10,23,5,2.0,10,29,0,3.0,0.0036950111389160156,0.0045146942138671875,0.004662036895751953
98,10,0.3,optimal,10,19,5,2.0,10,23,5,2.0,10,28,1,3.3333333333333335,0.003991603851318359,0.0036995410919189453,0.002591371536254883
99,10,0.3,optimal,10,21,5,2.0,10,26,5,2.0,10,31,0,3.6666666666666665,0.003514528274536133,0.0030422210693359375,0.003497600555419922
0,10,0.5,optimal,10,22,5,2.3333333333333335,10,26,5,2.3333333333333335,10,31,0,3.6666666666666665,0.0024628639221191406,0.0036003589630126953,0.0020051002502441406
1,10,0.5,optimal,10,24,5,2.6666666666666665,10,28,5,2.6666666666666665,10,32,0,4.0,0.0028617382049560547,0.0039882659912109375,0.007180452346801758
2,10,0.5,optimal,10,19,5,1.6666666666666667,10,23,5,1.6666666666666667,10,29,0,3.0,0.003521442413330078,0.0030024051666259766,0.004557371139526367
3,10,0.5,optimal,10,25,5,3.0,10,27,5,3.0,10,32,0,4.0,0.005217552185058594,0.0063745975494384766,0.004004001617431641
4,10,0.5,optimal,10,21,5,2.3333333333333335,10,26,5,2.3333333333333335,10,32,0,4.0,0.003233194351196289,0.004544973373413086,0.0039806365966796875
5,10,0.5,optimal,10,20,5,2.3333333333333335,10,26,5,2.3333333333333335,10,32,0,4.0,0.002028226852416992,0.0044708251953125,0.002496957778930664
6,10,0.5,optimal,10,24,5,2.6666666666666665,10,27,5,2.6666666666666665,10,31,0,4.333333333333333,0.0032367706298828125,0.0035228729248046875,0.0020165443420410156
7,10,0.5,optimal,10,23,5,3.0,10,28,5,3.0,10,33,0,4.333333333333333,0.0051708221435546875,0.0045282840728759766,0.005697011947631836
8,10,0.5,optimal,10,20,5,2.0,10,26,5,2.0,10,31,0,3.6666666666666665,0.003993988037109375,0.003985404968261719,0.003529787063598633
9,10,0.5,optimal,10,21,5,2.3333333333333335,10,27,5,2.3333333333333335,10,32,0,4.0,0.004550457000732422,0.0030012130737304688,0.0035283565521240234
10,10,0.5,optimal,10,21,5,2.0,10,26,5,2.0,10,31,0,3.6666666666666665,0.004534244537353516,0.0019998550415039062,0.004557609558105469
11,10,0.5,optimal,10,22,5,2.6666666666666665,10,26,5,2.3333333333333335,10,31,0,4.333333333333333,0.004000425338745117,0.0036292076110839844,0.0013768672943115234
12,10,0.5,optimal,10,22,5,2.3333333333333335,10,27,5,2.3333333333333335,10,32,0,4.0,0.0045359134674072266,0.00401759147644043,0.003603696823120117
13,10,0.5,optimal,10,22,5,2.3333333333333335,10,27,5,2.3333333333333335,10,31,0,4.0,0.00955057144165039,0.006252288818359375,0.008535623550415039
14,10,0.5,optimal,10,23,5,2.3333333333333335,10,27,5,2.3333333333333335,10,32,0,4.0,0.004933595657348633,0.004755496978759766,0.004991769790649414
15,10,0.5,optimal,10,23,5,2.3333333333333335,10,26,5,2.3333333333333335,10,32,0,4.0,0.004489421844482422,0.005530118942260742,0.0030210018157958984
16,10,0.5,optimal,10,21,5,2.6666666666666665,10,27,5,2.6666666666666665,10,31,0,4.333333333333333,0.005866050720214844,0.005246639251708984,0.0040340423583984375
17,10,0.5,optimal,10,21,5,2.0,10,26,5,2.0,10,30,1,3.3333333333333335,0.0042324066162109375,0.006013631820678711,0.003534555435180664
18,10,0.5,optimal,10,23,5,2.0,10,26,5,2.0,10,30,0,3.3333333333333335,0.004514455795288086,0.0040547847747802734,0.004012346267700195
19,10,0.5,optimal,10,21,5,2.6666666666666665,10,26,5,2.6666666666666665,10,32,0,4.333333333333333,0.005019664764404297,0.0030159950256347656,0.0033440589904785156
20,10,0.5,optimal,10,21,5,2.6666666666666665,10,26,5,2.6666666666666665,10,33,0,4.333333333333333,0.004979133605957031,0.004712581634521484,0.004988193511962891
21,10,0.5,optimal,10,24,5,2.6666666666666665,10,27,5,2.6666666666666665,10,33,0,4.333333333333333,0.004524946212768555,0.003271341323852539,0.004525661468505859
22,10,0.5,optimal,10,19,5,1.6666666666666667,10,23,5,1.6666666666666667,10,30,0,3.3333333333333335,0.00565028190612793,0.006033182144165039,0.0030143260955810547
23,10,0.5,optimal,10,23,5,2.3333333333333335,10,26,5,2.3333333333333335,10,31,0,4.0,0.0075223445892333984,0.010557174682617188,0.00622105598449707
24,10,0.5,optimal,10,24,5,2.6666666666666665,10,28,5,2.6666666666666665,10,33,0,4.333333333333333,0.0039806365966796875,0.005463838577270508,0.002989053726196289
25,10,0.5,optimal,10,19,5,2.0,10,25,5,2.0,10,30,0,3.3333333333333335,0.0030002593994140625,0.005041599273681641,0.0035278797149658203
26,10,0.5,optimal,10,23,5,2.3333333333333335,10,26,5,2.3333333333333335,10,30,0,3.6666666666666665,0.003996372222900391,0.0035352706909179688,0.004031181335449219
27,10,0.5,optimal,10,23,5,3.0,10,27,5,3.0,10,33,0,4.666666666666667,0.004060506820678711,0.0040128231048583984,0.0040318965911865234
28,10,0.5,optimal,10,26,5,3.0,10,28,5,3.0,10,32,0,4.333333333333333,0.0035088062286376953,0.004003047943115234,0.004572391510009766
29,10,0.5,optimal,10,23,5,2.0,10,25,5,2.0,10,30,0,3.6666666666666665,0.003567934036254883,0.003983497619628906,0.005552053451538086
30,10,0.5,optimal,10,24,5,3.0,10,28,5,3.0,10,34,0,4.666666666666667,0.0050220489501953125,0.004010438919067383,0.003009796142578125
31,10,0.5,optimal,10,29,5,3.6666666666666665,10,31,5,3.6666666666666665,10,35,0,5.0,0.003984928131103516,0.0035626888275146484,0.004307985305786133
32,10,0.5,optimal,10,26,5,2.6666666666666665,10,26,5,2.6666666666666665,10,32,0,4.333333333333333,0.0025141239166259766,0.0040056705474853516,0.0039014816284179688
33,10,0.5,optimal,10,22,5,3.3333333333333335,10,28,5,3.3333333333333335,10,34,1,4.666666666666667,0.0034894943237304688,0.005045175552368164,0.003513813018798828
34,10,0.5,optimal,10,18,5,2.0,10,25,5,2.0,10,30,0,3.3333333333333335,0.004009246826171875,0.004675149917602539,0.003997802734375
35,10,0.5,optimal,10,25,5,3.0,10,27,5,3.0,10,34,0,4.666666666666667,0.0035278797149658203,0.004004716873168945,0.0035240650177001953
36,10,0.5,optimal,10,21,5,2.6666666666666665,10,27,5,2.6666666666666665,10,32,0,4.333333333333333,0.0051152706146240234,0.005584239959716797,0.004420280456542969
37,10,0.5,optimal,10,21,5,2.6666666666666665,10,27,5,2.6666666666666665,10,32,0,4.333333333333333,0.003531217575073242,0.003160715103149414,0.004971504211425781
38,10,0.5,optimal,10,27,5,3.0,10,29,5,3.0,10,33,0,4.333333333333333,0.003931522369384766,0.003979921340942383,0.003614664077758789
39,10,0.5,optimal,10,23,5,2.0,10,24,5,2.0,10,30,0,3.6666666666666665,0.004983663558959961,0.0030105113983154297,0.003559589385986328
40,10,0.5,optimal,10,23,5,2.3333333333333335,10,27,5,2.3333333333333335,10,32,0,4.0,0.002897500991821289,0.003560304641723633,0.004024505615234375
41,10,0.5,optimal,10,23,5,2.6666666666666665,10,28,5,2.6666666666666665,10,33,0,4.333333333333333,0.0042841434478759766,0.0040400028228759766,0.0023212432861328125
42,10,0.5,optimal,10,22,5,2.0,10,24,5,2.0,10,30,0,3.6666666666666665,0.002348661422729492,0.003992319107055664,0.0030181407928466797
43,10,0.5,optimal,10,22,5,2.0,10,25,5,2.0,10,31,0,3.6666666666666665,0.004720449447631836,0.007297515869140625,0.0033223628997802734
44,10,0.5,optimal,10,22,5,3.0,10,27,5,3.0,10,33,0,4.333333333333333,0.0030002593994140625,0.0037899017333984375,0.001988649368286133
45,10,0.5,optimal,10,22,5,2.6666666666666665,10,28,5,2.6666666666666665,10,32,0,4.333333333333333,0.00311279296875,0.00499272346496582,0.002012968063354492
46,10,0.5,optimal,10,24,5,3.3333333333333335,10,30,5,3.3333333333333335,10,34,0,4.666666666666667,0.004000186920166016,0.0046079158782958984,0.004625797271728516
47,10,0.5,optimal,10,21,5,2.6666666666666665,10,26,5,2.6666666666666665,10,32,1,4.0,0.0030002593994140625,0.005571603775024414,0.003564119338989258
48,10,0.5,optimal,10,23,5,2.6666666666666665,10,27,5,2.6666666666666665,10,33,0,4.333333333333333,0.004982948303222656,0.00548100471496582,0.0035419464111328125
49,10,0.5,optimal,10,25,5,3.0,10,27,5,3.0,10,33,0,4.333333333333333,0.0030062198638916016,0.0035295486450195312,0.004275321960449219
50,10,0.5,optimal,10,24,5,3.3333333333333335,10,28,5,3.3333333333333335,10,33,0,4.666666666666667,0.0029799938201904297,0.005423784255981445,0.004575252532958984
51,10,0.5,optimal,10,21,5,2.0,10,25,5,2.0,10,31,0,3.6666666666666665,0.004064798355102539,0.0030145645141601562,0.003312826156616211
52,10,0.5,optimal,10,22,5,2.6666666666666665,10,25,5,2.3333333333333335,10,31,0,4.0,0.006002187728881836,0.008968830108642578,0.0010118484497070312
53,10,0.5,optimal,10,25,5,3.6666666666666665,10,30,5,3.6666666666666665,10,34,1,5.0,0.005007505416870117,0.00502324104309082,0.0030791759490966797
54,10,0.5,optimal,10,23,5,2.3333333333333335,10,27,5,2.3333333333333335,10,32,0,4.0,0.003545522689819336,0.004563808441162109,0.003004312515258789
55,10,0.5,optimal,10,22,5,2.3333333333333335,10,27,5,2.3333333333333335,10,32,0,4.0,0.004530191421508789,0.0029997825622558594,0.0050199031829833984
56,10,0.5,optimal,10,22,5,2.3333333333333335,10,25,5,2.3333333333333335,10,32,0,4.0,0.005988121032714844,0.005698204040527344,0.004102468490600586
57,10,0.5,optimal,10,22,5,2.3333333333333335,10,26,5,2.3333333333333335,10,31,1,3.6666666666666665,0.0034987926483154297,0.00455474853515625,0.003541231155395508
58,10,0.5,optimal,10,20,5,2.3333333333333335,10,27,5,2.3333333333333335,10,32,0,4.0,0.006577014923095703,0.005919218063354492,0.0030040740966796875
59,10,0.5,optimal,10,24,5,2.3333333333333335,10,27,5,2.3333333333333335,10,31,0,3.6666666666666665,0.002540111541748047,0.0030031204223632812,0.0036535263061523438
60,10,0.5,optimal,10,23,5,2.6666666666666665,10,27,5,2.6666666666666665,10,32,0,4.333333333333333,0.0035119056701660156,0.004039287567138672,0.003545999526977539
61,10,0.5,optimal,10,24,5,2.6666666666666665,10,27,5,2.6666666666666665,10,31,1,4.0,0.002992391586303711,0.005573272705078125,0.004090547561645508
62,10,0.5,optimal,10,27,5,3.0,10,29,5,3.0,10,34,0,4.666666666666667,0.0035364627838134766,0.0030107498168945312,0.004281759262084961
63,10,0.5,optimal,10,23,5,2.6666666666666665,10,28,5,2.6666666666666665,10,33,0,4.333333333333333,0.004518985748291016,0.003998279571533203,0.00301361083984375
64,10,0.5,optimal,10,22,5,3.0,10,26,5,3.0,10,31,0,4.666666666666667,0.003998517990112305,0.008139610290527344,0.004102230072021484
65,10,0.5,optimal,10,22,5,2.6666666666666665,10,28,5,2.6666666666666665,10,33,0,4.333333333333333,0.005001068115234375,0.0035483837127685547,0.0030670166015625
66,10,0.5,optimal,10,19,5,2.0,10,25,5,2.0,10,31,0,3.6666666666666665,0.004010915756225586,0.0071070194244384766,0.004540443420410156
67,10,0.5,optimal,10,21,5,2.6666666666666665,10,27,5,2.3333333333333335,10,31,1,3.6666666666666665,0.003500699996948242,0.003549814224243164,0.0022881031036376953
68,10,0.5,optimal,10,22,5,2.3333333333333335,10,26,5,2.3333333333333335,10,32,0,4.0,0.007724285125732422,0.010613441467285156,0.02311396598815918
69,10,0.5,optimal,10,23,5,3.6666666666666665,10,28,5,3.6666666666666665,10,34,0,4.666666666666667,0.003946542739868164,0.004320859909057617,0.004858732223510742
70,10,0.5,optimal,10,21,5,2.0,10,25,5,2.0,10,31,0,3.6666666666666665,0.006029605865478516,0.00484776496887207,0.0010006427764892578
71,10,0.5,optimal,10,23,5,3.0,10,28,5,3.0,10,32,0,4.333333333333333,0.004538297653198242,0.0029969215393066406,0.002502918243408203
72,10,0.5,optimal,10,23,5,3.0,10,25,5,2.6666666666666665,10,33,0,4.333333333333333,0.003518819808959961,0.005086421966552734,0.0035238265991210938
73,10,0.5,optimal,10,20,5,2.0,10,24,5,2.0,10,31,0,3.6666666666666665,0.004297971725463867,0.0035028457641601562,0.003011941909790039
74,10,0.5,optimal,10,23,5,2.6666666666666665,10,27,5,2.6666666666666665,10,32,0,4.0,0.0039370059967041016,0.002000570297241211,0.004476308822631836
75,10,0.5,optimal,10,24,5,3.0,10,29,5,3.0,10,34,0,4.666666666666667,0.0045185089111328125,0.00532078742980957,0.003522634506225586
76,10,0.5,optimal,10,26,5,3.0,10,28,5,3.0,10,32,0,4.333333333333333,0.004000425338745117,0.005526304244995117,0.0030059814453125
77,10,0.5,optimal,10,21,5,2.3333333333333335,10,25,5,2.3333333333333335,10,30,0,3.3333333333333335,0.0035364627838134766,0.004222869873046875,0.0030078887939453125
78,10,0.5,optimal,10,23,5,2.0,10,26,5,2.0,10,31,0,3.6666666666666665,0.005017757415771484,0.003995180130004883,0.0043871402740478516
79,10,0.5,optimal,10,23,5,2.6666666666666665,10,28,5,2.6666666666666665,10,32,0,4.0,0.0025637149810791016,0.00451970100402832,0.0025229454040527344
80,10,0.5,optimal,10,21,5,2.3333333333333335,10,27,5,2.3333333333333335,10,32,0,4.0,0.004561901092529297,0.004035234451293945,0.0040130615234375
81,10,0.5,optimal,10,21,5,2.3333333333333335,10,25,5,2.3333333333333335,10,31,0,4.0,0.0035431385040283203,0.006060123443603516,0.006541728973388672
82,10,0.5,optimal,10,23,5,2.0,10,26,5,2.0,10,29,0,3.3333333333333335,0.003896951675415039,0.004001617431640625,0.0025191307067871094
83,10,0.5,optimal,10,24,5,2.6666666666666665,10,26,5,2.6666666666666665,10,31,1,4.0,0.002686738967895508,0.004477977752685547,0.0030388832092285156
84,10,0.5,optimal,10,23,5,2.3333333333333335,10,27,5,2.3333333333333335,10,31,1,3.6666666666666665,0.0040035247802734375,0.003520488739013672,0.003866910934448242
85,10,0.5,optimal,10,25,5,3.0,10,29,5,3.0,10,33,0,4.666666666666667,0.004518747329711914,0.005019664764404297,0.003511667251586914
86,10,0.5,optimal,10,22,5,2.3333333333333335,10,26,5,2.3333333333333335,10,31,0,3.6666666666666665,0.0020029544830322266,0.004006385803222656,0.004001617431640625
87,10,0.5,optimal,10,19,5,1.6666666666666667,10,25,5,1.6666666666666667,10,29,0,3.0,0.004717588424682617,0.003514528274536133,0.004486083984375
88,10,0.5,optimal,10,24,5,2.6666666666666665,10,27,5,2.6666666666666665,10,33,0,4.333333333333333,0.0030248165130615234,0.005395412445068359,0.0039081573486328125
89,10,0.5,optimal,10,23,5,2.0,10,26,5,2.0,10,31,0,3.6666666666666665,0.005548715591430664,0.004505157470703125,0.003999471664428711
90,10,0.5,optimal,10,18,5,1.6666666666666667,10,25,5,1.6666666666666667,10,29,0,3.3333333333333335,0.0060079097747802734,0.004020214080810547,0.00757908821105957
91,10,0.5,optimal,10,23,5,2.6666666666666665,10,28,5,2.6666666666666665,10,32,0,4.333333333333333,0.0045375823974609375,0.004534244537353516,0.005018711090087891
92,10,0.5,optimal,10,22,5,2.3333333333333335,10,27,5,2.3333333333333335,10,32,0,4.0,0.005563497543334961,0.006532430648803711,0.004235744476318359
93,10,0.5,optimal,10,24,5,3.0,10,29,5,3.0,10,32,1,4.333333333333333,0.0029985904693603516,0.004571437835693359,0.005489826202392578
94,10,0.5,optimal,10,24,5,2.6666666666666665,10,27,5,2.6666666666666665,10,31,1,4.0,0.004907846450805664,0.0046062469482421875,0.0030684471130371094
95,10,0.5,optimal,10,22,5,3.0,10,28,5,3.0,10,33,1,4.333333333333333,0.005662202835083008,0.004108428955078125,0.0031828880310058594
96,10,0.5,optimal,10,24,5,2.3333333333333335,10,27,5,2.3333333333333335,10,32,0,4.0,0.003526926040649414,0.004004001617431641,0.005063295364379883
97,10,0.5,optimal,10,20,5,2.0,10,25,5,2.0,10,31,0,3.6666666666666665,0.003000020980834961,0.003412961959838867,0.004008769989013672
98,10,0.5,optimal,10,21,5,2.0,10,25,5,2.0,10,31,0,3.6666666666666665,0.0035474300384521484,0.004034757614135742,0.004561424255371094
99,10,0.5,optimal,10,23,5,2.0,10,26,5,2.0,10,31,0,3.6666666666666665,0.0049686431884765625,0.005405902862548828,0.0042438507080078125
0,10,0.7,optimal,10,24,5,2.3333333333333335,10,27,5,2.3333333333333335,10,32,0,4.0,0.004004716873168945,0.0050165653228759766,0.003549814224243164
1,10,0.7,optimal,10,24,5,2.6666666666666665,10,28,5,2.6666666666666665,10,32,0,4.0,0.006002664566040039,0.002996206283569336,0.003878355026245117
2,10,0.7,optimal,10,22,5,1.6666666666666667,10,24,5,1.6666666666666667,10,29,0,3.0,0.0035228729248046875,0.004015445709228516,0.004551410675048828
3,10,0.7,optimal,10,25,5,3.0,10,28,5,3.0,10,33,0,4.333333333333333,0.004002571105957031,0.0045244693756103516,0.0030074119567871094
4,10,0.7,optimal,10,24,5,2.3333333333333335,10,27,5,2.3333333333333335,10,32,0,4.0,0.003538370132446289,0.0045855045318603516,0.0029900074005126953
5,10,0.7,optimal,10,22,5,2.3333333333333335,10,27,5,2.3333333333333335,10,32,0,4.0,0.003859281539916992,0.007230997085571289,0.0030090808868408203
6,10,0.7,optimal,10,26,5,2.6666666666666665,10,28,5,2.6666666666666665,10,32,1,4.0,0.0055577754974365234,0.004323005676269531,0.005030155181884766
7,10,0.7,optimal,10,25,5,3.0,10,28,5,3.0,10,34,0,4.666666666666667,0.003037691116333008,0.0055997371673583984,0.0030083656311035156
8,10,0.7,optimal,10,23,5,2.0,10,26,5,2.0,10,31,0,3.6666666666666665,0.003511190414428711,0.00401616096496582,0.003548860549926758
9,10,0.7,optimal,10,23,5,2.3333333333333335,10,27,5,2.3333333333333335,10,32,0,4.0,0.005254507064819336,0.003786802291870117,0.0029985904693603516
10,10,0.7,optimal,10,22,5,2.0,10,26,5,2.0,10,31,0,3.6666666666666665,0.004761219024658203,0.0036232471466064453,0.005792140960693359
11,10,0.7,optimal,10,25,5,2.6666666666666665,10,27,5,2.6666666666666665,10,32,0,4.333333333333333,0.0030007362365722656,0.003320455551147461,0.0010006427764892578
12,10,0.7,optimal,10,22,5,2.3333333333333335,10,27,5,2.3333333333333335,10,32,0,4.0,0.003987550735473633,0.005238533020019531,0.0036427974700927734
13,10,0.7,optimal,10,24,5,2.3333333333333335,10,27,5,2.3333333333333335,10,32,0,4.0,0.002567768096923828,0.0035445690155029297,0.003001689910888672
14,10,0.7,optimal,10,25,5,2.3333333333333335,10,27,5,2.3333333333333335,10,32,0,4.0,0.0025408267974853516,0.0049169063568115234,0.005133390426635742
15,10,0.7,optimal,10,24,5,2.3333333333333335,10,27,5,2.3333333333333335,10,32,0,4.0,0.0034422874450683594,0.004027366638183594,0.0033102035522460938
16,10,0.7,optimal,10,24,5,2.6666666666666665,10,27,5,2.6666666666666665,10,31,0,4.0,0.003610372543334961,0.005127668380737305,0.0025382041931152344
17,10,0.7,optimal,10,24,5,2.0,10,26,5,2.0,10,31,0,3.6666666666666665,0.004567623138427734,0.005532264709472656,0.0023419857025146484
18,10,0.7,optimal,10,24,5,2.0,10,26,5,2.0,10,30,0,3.3333333333333335,0.0045166015625,0.0030045509338378906,0.0052793025970458984
19,10,0.7,optimal,10,25,5,2.6666666666666665,10,27,5,2.6666666666666665,10,33,0,4.333333333333333,0.0070116519927978516,0.007062196731567383,0.005340099334716797
20,10,0.7,optimal,10,23,5,2.6666666666666665,10,28,5,2.6666666666666665,10,33,0,4.333333333333333,0.0030040740966796875,0.0055081844329833984,0.0029897689819335938
21,10,0.7,optimal,10,26,5,2.6666666666666665,10,28,5,2.6666666666666665,10,33,0,4.333333333333333,0.005125999450683594,0.004025936126708984,0.0020427703857421875
22,10,0.7,optimal,10,21,5,1.6666666666666667,10,25,5,1.6666666666666667,10,30,0,3.3333333333333335,0.003655672073364258,0.0058972835540771484,0.004235029220581055
23,10,0.7,optimal,10,25,5,2.3333333333333335,10,26,5,2.3333333333333335,10,31,0,4.0,0.005035877227783203,0.0055844783782958984,0.004507541656494141
24,10,0.7,optimal,10,26,5,2.6666666666666665,10,28,5,2.6666666666666665,10,33,0,4.333333333333333,0.005038022994995117,0.004950046539306641,0.0020008087158203125
25,10,0.7,optimal,10,22,5,2.0,10,25,5,2.0,10,30,0,3.3333333333333335,0.00445246696472168,0.005005598068237305,0.00408625602722168
26,10,0.7,optimal,10,24,5,2.3333333333333335,10,26,5,2.3333333333333335,10,31,0,3.6666666666666665,0.0055272579193115234,0.003013134002685547,0.003618001937866211
27,10,0.7,optimal,10,26,5,3.0,10,28,5,3.0,10,34,0,4.666666666666667,0.004647970199584961,0.006276369094848633,0.005141496658325195
28,10,0.7,optimal,10,26,5,3.0,10,29,5,3.0,10,34,0,4.666666666666667,0.004003286361694336,0.004541635513305664,0.003996610641479492
29,10,0.7,optimal,10,24,5,2.0,10,26,5,2.0,10,31,0,3.6666666666666665,0.003005504608154297,0.004551410675048828,0.0030241012573242188
30,10,0.7,optimal,10,26,5,3.0,10,29,5,3.0,10,34,0,4.666666666666667,0.003984928131103516,0.0034804344177246094,0.0035669803619384766
31,10,0.7,optimal,10,31,5,3.6666666666666665,10,31,5,3.6666666666666665,10,35,1,5.0,0.004288196563720703,0.0034923553466796875,0.003690958023071289
32,10,0.7,optimal,10,26,5,2.6666666666666665,10,28,5,2.6666666666666665,10,33,0,4.333333333333333,0.004509449005126953,0.0030045509338378906,0.003512859344482422
33,10,0.7,optimal,10,25,5,3.3333333333333335,10,30,5,3.3333333333333335,10,35,0,5.0,0.003040790557861328,0.004562854766845703,0.0040607452392578125
34,10,0.7,optimal,10,21,5,2.0,10,26,5,2.0,10,31,0,3.6666666666666665,0.0029997825622558594,0.00453948974609375,0.0030069351196289062
35,10,0.7,optimal,10,28,5,3.0,10,29,5,3.0,10,34,0,4.666666666666667,0.0035347938537597656,0.0040090084075927734,0.0035331249237060547
36,10,0.7,optimal,10,25,5,2.6666666666666665,10,28,5,2.6666666666666665,10,33,0,4.333333333333333,0.005295276641845703,0.00563502311706543,0.0028624534606933594
37,10,0.7,optimal,10,25,5,2.6666666666666665,10,28,5,2.6666666666666665,10,32,0,4.333333333333333,0.003016233444213867,0.003040313720703125,0.003038167953491211
38,10,0.7,optimal,10,28,5,3.0,10,29,5,3.0,10,34,0,4.666666666666667,0.003999233245849609,0.005366325378417969,0.008770942687988281
39,10,0.7,optimal,10,24,5,2.0,10,25,5,2.0,10,30,0,3.6666666666666665,0.002986431121826172,0.0035572052001953125,0.002980947494506836
40,10,0.7,optimal,10,25,5,2.3333333333333335,10,27,5,2.3333333333333335,10,32,0,4.0,0.004038333892822266,0.0046613216400146484,0.002068042755126953
41,10,0.7,optimal,10,25,5,2.6666666666666665,10,28,5,2.6666666666666665,10,33,0,4.333333333333333,0.0030002593994140625,0.0038785934448242188,0.0030965805053710938
42,10,0.7,optimal,10,23,5,2.0,10,25,5,2.0,10,31,0,3.6666666666666665,0.0010006427764892578,0.004426479339599609,0.0033206939697265625
43,10,0.7,optimal,10,23,5,2.0,10,26,5,2.0,10,31,0,3.6666666666666665,0.0050008296966552734,0.004034280776977539,0.009493350982666016
44,10,0.7,optimal,10,26,5,3.0,10,29,5,3.0,10,34,0,4.666666666666667,0.005000591278076172,0.004014015197753906,0.004513263702392578
45,10,0.7,optimal,10,23,5,2.6666666666666665,10,28,5,2.6666666666666665,10,33,0,4.333333333333333,0.003645181655883789,0.003016233444213867,0.003078460693359375
46,10,0.7,optimal,10,28,5,3.3333333333333335,10,30,5,3.3333333333333335,10,35,0,5.0,0.00459599494934082,0.00665736198425293,0.0034859180450439453
47,10,0.7,optimal,10,25,5,2.6666666666666665,10,28,5,2.6666666666666665,10,33,0,4.333333333333333,0.003988742828369141,0.0041103363037109375,0.002996206283569336
48,10,0.7,optimal,10,24,5,2.6666666666666665,10,28,5,2.6666666666666665,10,33,0,4.333333333333333,0.00530552864074707,0.003885030746459961,0.00501704216003418
49,10,0.7,optimal,10,27,5,3.0,10,28,5,3.0,10,33,0,4.666666666666667,0.0030107498168945312,0.003880739212036133,0.0037217140197753906
50,10,0.7,optimal,10,25,5,3.3333333333333335,10,28,5,3.3333333333333335,10,34,0,5.0,0.005169868469238281,0.005277872085571289,0.0030210018157958984
51,10,0.7,optimal,10,23,5,2.0,10,26,5,2.0,10,31,0,3.6666666666666665,0.0033652782440185547,0.003962039947509766,0.004681587219238281
52,10,0.7,optimal,10,23,5,2.6666666666666665,10,27,5,2.6666666666666665,10,32,0,4.333333333333333,0.0041103363037109375,0.005728960037231445,0.0009961128234863281
53,10,0.7,optimal,10,28,5,3.6666666666666665,10,31,5,3.6666666666666665,10,35,0,5.0,0.0030231475830078125,0.0030045509338378906,0.004721879959106445
54,10,0.7,optimal,10,24,5,2.3333333333333335,10,27,5,2.3333333333333335,10,32,0,4.0,0.003299713134765625,0.003265857696533203,0.004056453704833984
55,10,0.7,optimal,10,23,5,2.3333333333333335,10,27,5,2.3333333333333335,10,32,0,4.0,0.003041505813598633,0.0045680999755859375,0.005299091339111328
56,10,0.7,optimal,10,23,5,2.3333333333333335,10,26,5,2.3333333333333335,10,32,0,4.0,0.003981828689575195,0.0033609867095947266,0.003989458084106445
57,10,0.7,optimal,10,22,5,2.3333333333333335,10,26,5,2.3333333333333335,10,32,0,4.0,0.003040790557861328,0.003560781478881836,0.004113912582397461
58,10,0.7,optimal,10,25,5,2.3333333333333335,10,27,5,2.3333333333333335,10,32,0,4.0,0.003983736038208008,0.0030231475830078125,0.006394624710083008
59,10,0.7,optimal,10,26,5,2.3333333333333335,10,27,5,2.3333333333333335,10,32,0,4.0,0.0019996166229248047,0.004275798797607422,0.0035550594329833984
60,10,0.7,optimal,10,26,5,2.6666666666666665,10,27,5,2.6666666666666665,10,32,0,4.333333333333333,0.004012107849121094,0.004800319671630859,0.00732111930847168
61,10,0.7,optimal,10,26,5,2.6666666666666665,10,28,5,2.6666666666666665,10,32,0,4.0,0.0059282779693603516,0.0048944950103759766,0.003924131393432617
62,10,0.7,optimal,10,28,5,3.0,10,29,5,3.0,10,34,0,4.666666666666667,0.002980470657348633,0.003985881805419922,0.0030014514923095703
63,10,0.7,optimal,10,26,5,2.6666666666666665,10,28,5,2.6666666666666665,10,33,0,4.333333333333333,0.0035424232482910156,0.0030412673950195312,0.004539012908935547
64,10,0.7,optimal,10,23,5,3.0,10,28,5,3.0,10,33,0,4.666666666666667,0.00400853157043457,0.0034668445587158203,0.0038001537322998047
65,10,0.7,optimal,10,24,5,2.6666666666666665,10,28,5,2.6666666666666665,10,33,0,4.333333333333333,0.005527019500732422,0.0034601688385009766,0.006417274475097656
66,10,0.7,optimal,10,23,5,2.0,10,25,5,2.0,10,31,0,3.6666666666666665,0.003000020980834961,0.004004955291748047,0.0043866634368896484
67,10,0.7,optimal,10,24,5,2.6666666666666665,10,27,5,2.6666666666666665,10,32,0,4.333333333333333,0.004186153411865234,0.005896806716918945,0.0012378692626953125
68,10,0.7,optimal,10,22,5,2.3333333333333335,10,26,5,2.3333333333333335,10,32,0,4.0,0.004515171051025391,0.002995014190673828,0.004030942916870117
69,10,0.7,optimal,10,26,5,3.6666666666666665,10,31,5,3.6666666666666665,10,35,0,5.0,0.003978252410888672,0.005011320114135742,0.003536224365234375
70,10,0.7,optimal,10,24,5,2.0,10,26,5,2.0,10,31,0,3.6666666666666665,0.004021167755126953,0.005688667297363281,0.001998424530029297
71,10,0.7,optimal,10,25,5,3.0,10,29,5,3.0,10,34,0,4.666666666666667,0.0029964447021484375,0.003536224365234375,0.004308938980102539
72,10,0.7,optimal,10,24,5,3.0,10,27,5,3.0,10,34,0,4.666666666666667,0.004518270492553711,0.006754875183105469,0.003996133804321289
73,10,0.7,optimal,10,22,5,2.0,10,25,5,2.0,10,31,0,3.6666666666666665,0.003974199295043945,0.008138895034790039,0.0060577392578125
74,10,0.7,optimal,10,23,5,2.6666666666666665,10,28,5,2.6666666666666665,10,33,0,4.333333333333333,0.004525661468505859,0.002997159957885742,0.004528522491455078
75,10,0.7,optimal,10,27,5,3.0,10,29,5,3.0,10,34,0,4.666666666666667,0.00600743293762207,0.004500150680541992,0.0044629573822021484
76,10,0.7,optimal,10,26,5,3.0,10,29,5,3.0,10,33,0,4.333333333333333,0.0035130977630615234,0.006247043609619141,0.004546403884887695
77,10,0.7,optimal,10,21,5,2.3333333333333335,10,27,5,2.3333333333333335,10,31,0,3.6666666666666665,0.005515575408935547,0.003004312515258789,0.003032684326171875
78,10,0.7,optimal,10,24,5,2.0,10,26,5,2.0,10,31,0,3.6666666666666665,0.003999948501586914,0.0055882930755615234,0.0037164688110351562
79,10,0.7,optimal,10,24,5,2.6666666666666665,10,28,5,2.6666666666666665,10,33,0,4.333333333333333,0.003995180130004883,0.004328489303588867,0.003999471664428711
80,10,0.7,optimal,10,22,5,2.3333333333333335,10,27,5,2.3333333333333335,10,32,0,4.0,0.003995418548583984,0.005418539047241211,0.004556179046630859
81,10,0.7,optimal,10,24,5,2.3333333333333335,10,27,5,2.3333333333333335,10,32,0,4.0,0.004026889801025391,0.003993988037109375,0.0035398006439208984
82,10,0.7,optimal,10,23,5,2.0,10,26,5,2.0,10,31,0,3.6666666666666665,0.0050051212310791016,0.006404399871826172,0.004538774490356445
83,10,0.7,optimal,10,26,5,2.6666666666666665,10,28,5,2.6666666666666665,10,33,0,4.333333333333333,0.0029985904693603516,0.005022764205932617,0.0035102367401123047
84,10,0.7,optimal,10,25,5,2.3333333333333335,10,27,5,2.3333333333333335,10,31,1,3.6666666666666665,0.003640413284301758,0.0064563751220703125,0.003010988235473633
85,10,0.7,optimal,10,25,5,3.0,10,29,5,3.0,10,34,0,4.666666666666667,0.004987239837646484,0.004576683044433594,0.005113363265991211
86,10,0.7,optimal,10,25,5,2.3333333333333335,10,27,5,2.3333333333333335,10,32,0,4.0,0.0035092830657958984,0.004896402359008789,0.0030488967895507812
87,10,0.7,optimal,10,20,5,1.6666666666666667,10,25,5,1.6666666666666667,10,30,0,3.3333333333333335,0.00608515739440918,0.008524656295776367,0.0055811405181884766
88,10,0.7,optimal,10,25,5,2.6666666666666665,10,28,5,2.6666666666666665,10,33,0,4.333333333333333,0.0029954910278320312,0.005530357360839844,0.0033676624298095703
89,10,0.7,optimal,10,23,5,2.0,10,26,5,2.0,10,31,0,3.6666666666666665,0.0029938220977783203,0.004916667938232422,0.005007266998291016
90,10,0.7,optimal,10,22,5,1.6666666666666667,10,25,5,1.6666666666666667,10,30,0,3.3333333333333335,0.004179954528808594,0.0035245418548583984,0.0039937496185302734
91,10,0.7,optimal,10,24,5,2.6666666666666665,10,28,5,2.6666666666666665,10,33,0,4.333333333333333,0.002513408660888672,0.0031974315643310547,0.005188465118408203
92,10,0.7,optimal,10,25,5,2.3333333333333335,10,27,5,2.3333333333333335,10,32,0,4.0,0.0035114288330078125,0.003062725067138672,0.003977775573730469
93,10,0.7,optimal,10,25,5,3.0,10,29,5,3.0,10,34,0,4.666666666666667,0.0040013790130615234,0.0045490264892578125,0.004001140594482422
94,10,0.7,optimal,10,24,5,2.6666666666666665,10,28,5,2.6666666666666665,10,33,0,4.333333333333333,0.004020214080810547,0.005566835403442383,0.003506898880004883
95,10,0.7,optimal,10,23,5,3.0,10,29,5,3.0,10,34,0,4.666666666666667,0.003517627716064453,0.00438237190246582,0.005008697509765625
96,10,0.7,optimal,10,27,5,2.3333333333333335,10,27,5,2.3333333333333335,10,32,0,4.0,0.002514362335205078,0.004006862640380859,0.004210233688354492
97,10,0.7,optimal,10,23,5,2.0,10,25,5,2.0,10,31,0,3.6666666666666665,0.004817962646484375,0.004004001617431641,0.0035331249237060547
98,10,0.7,optimal,10,23,5,2.0,10,26,5,2.0,10,31,0,3.6666666666666665,0.008478403091430664,0.005569934844970703,0.006838083267211914
99,10,0.7,optimal,10,25,5,2.0,10,26,5,2.0,10,31,0,3.6666666666666665,0.005585908889770508,0.010592460632324219,0.004579782485961914
