seed,num_resources,availability_probability,suitability_probability,status,quantity_assignments,quantity_assignment_value,quantity_highest_priority,quantity_secondary_priority,quality_assignments,quality_assignment_value,quality_highest_priority,quality_secondary_priority,aggregate_value_assignments,aggregate_value_assignment_value,aggregate_value_highest_priority,aggregate_value_secondary_priority,quantity_time,quality_time,aggregate_value_time
0,4,0.3,0.3,optimal,4,7,3,0.6666666666666666,4,8,3,0.6666666666666666,4,12,0,1.6666666666666667,0.0006198883056640625,0.0010106563568115234,0.0014777183532714844
1,4,0.3,0.3,optimal,4,7,3,0.6666666666666666,4,8,3,0.6666666666666666,4,13,0,2.0,0.0010004043579101562,0.0015170574188232422,0.0020208358764648438
2,4,0.3,0.3,optimal,4,5,3,0.3333333333333333,4,6,3,0.3333333333333333,4,11,0,1.3333333333333333,0.0010561943054199219,0.0027968883514404297,0.0
3,4,0.3,0.3,optimal,4,9,3,1.0,4,9,3,1.0,4,15,0,2.6666666666666665,0.0010020732879638672,0.0,0.0015370845794677734
4,4,0.3,0.3,optimal,4,4,4,0.0,4,5,4,0.0,4,13,0,1.6666666666666667,0.0,0.002008199691772461,0.0
5,4,0.3,0.3,optimal,4,6,4,0.0,4,6,4,0.0,4,11,0,1.6666666666666667,0.001505136489868164,0.0010759830474853516,0.0
6,4,0.3,0.3,optimal,4,4,4,0.0,4,4,4,0.0,4,12,0,1.6666666666666667,0.0006372928619384766,0.0015795230865478516,0.0
7,4,0.3,0.3,optimal,4,4,4,0.0,4,4,4,0.0,4,12,0,2.0,0.0009989738464355469,0.0010006427764892578,0.0
8,4,0.3,0.3,optimal,4,4,4,0.0,4,4,4,0.0,4,12,0,1.3333333333333333,0.0,0.0010123252868652344,0.0009894371032714844
9,4,0.3,0.3,optimal,4,5,4,0.0,4,5,4,0.0,4,12,0,1.6666666666666667,0.0005087852478027344,0.0,0.0009987354278564453
10,4,0.3,0.3,optimal,4,4,4,0.0,4,5,4,0.0,4,12,0,1.6666666666666667,0.0021178722381591797,0.002023458480834961,0.002996683120727539
11,4,0.3,0.3,optimal,4,8,3,0.6666666666666666,4,9,3,0.6666666666666666,4,13,0,2.0,0.0014581680297851562,0.0036079883575439453,0.0010039806365966797
12,4,0.3,0.3,optimal,4,5,3,0.0,4,6,3,0.0,4,11,0,1.0,0.0025055408477783203,0.0011436939239501953,0.0012521743774414062
13,4,0.3,0.3,optimal,4,5,4,0.0,4,5,4,0.0,4,13,0,2.0,0.0015118122100830078,0.0019812583923339844,0.0029706954956054688
14,4,0.3,0.3,optimal,4,5,4,0.0,4,6,4,0.0,4,12,0,1.3333333333333333,0.004219770431518555,0.0030057430267333984,0.0010707378387451172
15,4,0.3,0.3,optimal,4,5,4,0.0,4,6,4,0.0,4,11,0,1.3333333333333333,0.0020024776458740234,0.0009903907775878906,0.001995563507080078
16,4,0.3,0.3,optimal,4,6,3,0.6666666666666666,4,6,3,0.6666666666666666,4,12,0,2.0,0.0,0.0,0.0
17,4,0.3,0.3,optimal,4,7,3,0.3333333333333333,4,7,3,0.3333333333333333,4,12,0,1.6666666666666667,0.00099945068359375,0.0010001659393310547,0.0009996891021728516
18,4,0.3,0.3,optimal,4,7,3,0.3333333333333333,4,7,3,0.3333333333333333,4,12,0,1.3333333333333333,0.0,0.0,0.0
19,4,0.3,0.3,optimal,4,6,4,0.0,4,6,4,0.0,4,10,0,2.0,0.0,0.0013806819915771484,0.0
20,4,0.3,0.3,optimal,4,6,4,0.0,4,6,4,0.0,4,13,0,2.3333333333333335,0.0,0.0,0.0009906291961669922
21,4,0.3,0.3,optimal,4,5,4,0.0,4,6,4,0.0,4,14,0,2.3333333333333335,0.003911733627319336,0.0013344287872314453,0.0011610984802246094
22,4,0.3,0.3,optimal,4,5,3,0.3333333333333333,4,7,3,0.3333333333333333,4,12,0,1.3333333333333333,0.0010116100311279297,0.000993490219116211,0.0
23,4,0.3,0.3,optimal,4,4,4,0.0,4,4,4,0.0,4,12,0,1.3333333333333333,0.0009975433349609375,0.0009992122650146484,0.0
24,4,0.3,0.3,optimal,4,5,4,0.0,4,5,4,0.0,4,14,0,2.0,0.0,0.0009951591491699219,0.0010006427764892578
25,4,0.3,0.3,optimal,4,6,3,0.3333333333333333,4,7,3,0.3333333333333333,4,12,0,1.3333333333333333,0.0009891986846923828,0.0010008811950683594,0.0
26,4,0.3,0.3,optimal,4,4,4,0.0,4,4,4,0.0,4,12,0,1.6666666666666667,0.0,0.0,0.0
27,4,0.3,0.3,optimal,4,7,3,0.6666666666666666,4,8,3,0.6666666666666666,4,12,0,2.3333333333333335,0.0010006427764892578,0.00099945068359375,0.0010023117065429688
28,4,0.3,0.3,optimal,4,4,4,0.0,4,5,4,0.0,4,12,0,2.6666666666666665,0.0010027885437011719,0.0010030269622802734,0.0010304450988769531
29,4,0.3,0.3,optimal,4,9,3,0.6666666666666666,4,9,3,0.6666666666666666,4,12,0,1.3333333333333333,0.0,0.0010046958923339844,0.0
30,4,0.3,0.3,optimal,4,5,4,0.0,4,5,4,0.0,4,13,0,1.6666666666666667,0.001995563507080078,0.001995563507080078,0.0010228157043457031
31,4,0.3,0.3,optimal,4,7,3,0.6666666666666666,4,8,3,0.6666666666666666,4,13,0,2.3333333333333335,0.0,0.0014774799346923828,0.0012276172637939453
32,4,0.3,0.3,optimal,4,6,4,0.0,4,6,4,0.0,4,11,0,1.3333333333333333,0.0010042190551757812,0.0,0.0
33,4,0.3,0.3,optimal,4,4,4,0.0,4,4,4,0.0,4,12,0,2.0,0.0013887882232666016,0.0,0.0
34,4,0.3,0.3,optimal,4,4,4,0.0,4,5,4,0.0,4,11,0,1.3333333333333333,0.0,0.0010266304016113281,0.0014071464538574219
35,4,0.3,0.3,optimal,4,6,3,0.3333333333333333,4,7,3,0.3333333333333333,4,11,0,2.0,0.0009999275207519531,0.000993490219116211,0.0
36,4,0.3,0.3,optimal,4,9,2,1.0,4,9,2,1.0,4,12,0,1.6666666666666667,0.0009868144989013672,0.0013175010681152344,0.0
37,4,0.3,0.3,optimal,4,9,3,0.6666666666666666,4,9,3,0.6666666666666666,4,12,0,2.0,0.0010917186737060547,0.0010161399841308594,0.0
38,4,0.3,0.3,optimal,4,9,3,0.6666666666666666,4,10,3,0.6666666666666666,4,13,0,2.0,0.0,0.0,0.0
39,4,0.3,0.3,optimal,4,6,4,0.0,4,6,4,0.0,4,12,0,1.6666666666666667,0.0,0.0,0.0
40,4,0.3,0.3,optimal,4,7,3,0.6666666666666666,4,8,3,0.6666666666666666,4,13,0,2.0,0.0,0.0,0.0
41,4,0.3,0.3,optimal,4,7,4,0.0,4,7,4,0.0,4,12,0,2.0,0.0010139942169189453,0.0009899139404296875,0.0
42,4,0.3,0.3,optimal,4,8,3,0.6666666666666666,4,8,3,0.6666666666666666,4,12,0,1.3333333333333333,0.000993490219116211,0.0010001659393310547,0.0
43,4,0.3,0.3,optimal,4,6,3,0.3333333333333333,4,7,3,0.3333333333333333,4,12,0,1.6666666666666667,0.0010001659393310547,0.0009996891021728516,0.0010001659393310547
44,4,0.3,0.3,optimal,4,5,4,0.0,4,6,4,0.0,4,13,0,2.3333333333333335,0.0,0.001001119613647461,0.0012271404266357422
45,4,0.3,0.3,optimal,4,7,3,0.6666666666666666,4,8,3,0.6666666666666666,4,11,1,1.3333333333333333,0.0,0.0,0.0
46,4,0.3,0.3,optimal,4,7,3,0.6666666666666666,4,7,3,0.6666666666666666,4,12,1,2.0,0.0009999275207519531,0.0005118846893310547,0.0010297298431396484
47,4,0.3,0.3,optimal,4,6,4,0.0,4,6,4,0.0,4,13,0,2.0,0.0010023117065429688,0.0010025501251220703,0.0
48,4,0.3,0.3,optimal,4,5,4,0.0,4,5,4,0.0,4,12,0,2.0,0.0,0.0,0.0009999275207519531
49,4,0.3,0.3,optimal,4,6,4,0.0,4,6,4,0.0,4,15,0,2.3333333333333335,0.0009996891021728516,0.000995635986328125,0.001514434814453125
50,4,0.3,0.3,optimal,4,4,4,0.0,4,4,4,0.0,4,13,0,2.3333333333333335,0.0,0.0010004043579101562,0.0010001659393310547
51,4,0.3,0.3,optimal,4,5,4,0.0,4,6,4,0.0,4,11,0,1.6666666666666667,0.0010497570037841797,0.0009984970092773438,0.0
52,4,0.3,0.3,optimal,4,5,4,0.0,4,6,4,0.0,4,12,0,2.3333333333333335,0.0009989738464355469,0.0,0.0
53,4,0.3,0.3,optimal,4,9,3,1.0,4,9,3,1.0,4,13,0,2.3333333333333335,0.0010004043579101562,0.0010001659393310547,0.00099945068359375
54,4,0.3,0.3,optimal,4,6,4,0.0,4,6,4,0.0,4,13,0,2.0,0.0010001659393310547,0.0010001659393310547,0.0009999275207519531
55,4,0.3,0.3,optimal,4,6,3,0.6666666666666666,4,8,3,0.6666666666666666,4,13,0,2.0,0.0010018348693847656,0.0009987354278564453,0.0
56,4,0.3,0.3,optimal,4,6,3,0.3333333333333333,4,7,3,0.3333333333333333,4,10,0,1.0,0.0,0.0,0.0
57,4,0.3,0.3,optimal,4,7,3,0.6666666666666666,4,10,3,0.6666666666666666,4,13,0,1.6666666666666667,0.0009996891021728516,0.001505136489868164,0.0010433197021484375
58,4,0.3,0.3,optimal,4,6,3,0.6666666666666666,4,7,3,0.6666666666666666,4,11,0,1.6666666666666667,0.000990152359008789,0.0,0.0
59,4,0.3,0.3,optimal,4,5,4,0.0,4,7,4,0.0,4,12,0,1.6666666666666667,0.0010013580322265625,0.0,0.0
60,4,0.3,0.3,optimal,4,7,3,0.3333333333333333,4,8,3,0.3333333333333333,4,14,0,2.3333333333333335,0.0,0.0010251998901367188,0.0
61,4,0.3,0.3,optimal,4,6,4,0.0,4,6,4,0.0,4,13,0,2.3333333333333335,0.0010013580322265625,0.0,0.0
62,4,0.3,0.3,optimal,4,5,4,0.0,4,5,4,0.0,4,14,0,2.6666666666666665,0.001001119613647461,0.0,0.0012788772583007812
63,4,0.3,0.3,optimal,4,6,4,0.0,4,6,4,0.0,4,13,0,2.3333333333333335,0.0013079643249511719,0.0009987354278564453,0.0
64,4,0.3,0.3,optimal,4,6,4,0.0,4,6,4,0.0,4,13,0,2.0,0.001003265380859375,0.0009965896606445312,0.0
65,4,0.3,0.3,optimal,4,5,4,0.0,4,5,4,0.0,4,12,0,1.6666666666666667,0.0010008811950683594,0.0009968280792236328,0.0010013580322265625
66,4,0.3,0.3,optimal,4,6,3,0.6666666666666666,4,6,3,0.6666666666666666,4,12,0,1.3333333333333333,0.0,0.0010075569152832031,0.0
67,4,0.3,0.3,optimal,4,6,3,0.6666666666666666,4,8,3,0.6666666666666666,4,11,0,1.6666666666666667,0.0009961128234863281,0.0009839534759521484,0.0
68,4,0.3,0.3,optimal,4,6,3,0.3333333333333333,4,7,3,0.3333333333333333,4,12,0,2.0,0.0,0.0010387897491455078,0.0009999275207519531
69,4,0.3,0.3,optimal,4,4,4,0.0,4,4,4,0.0,4,15,0,3.0,0.0,0.0,0.0
70,4,0.3,0.3,optimal,4,7,3,0.3333333333333333,4,8,3,0.3333333333333333,4,12,0,1.3333333333333333,0.001676797866821289,0.0,0.0015194416046142578
71,4,0.3,0.3,optimal,4,6,4,0.0,4,6,4,0.0,4,14,0,2.6666666666666665,0.0,0.0017466545104980469,0.0
72,4,0.3,0.3,optimal,4,6,3,0.3333333333333333,4,6,3,0.3333333333333333,4,14,0,2.3333333333333335,0.0,0.0010001659393310547,0.0010113716125488281
73,4,0.3,0.3,optimal,4,7,3,0.3333333333333333,4,7,3,0.3333333333333333,4,12,0,1.6666666666666667,0.0,0.0,0.0
74,4,0.3,0.3,optimal,4,7,4,0.0,4,8,4,0.0,4,14,0,2.3333333333333335,0.0,0.0005106925964355469,0.001035928726196289
75,4,0.3,0.3,optimal,4,7,3,0.6666666666666666,4,7,3,0.6666666666666666,4,14,0,2.0,0.0009975433349609375,0.001007080078125,0.0010378360748291016
76,4,0.3,0.3,optimal,4,6,4,0.0,4,6,4,0.0,4,14,0,2.6666666666666665,0.0,0.0,0.0005121231079101562
77,4,0.3,0.3,optimal,4,7,3,0.3333333333333333,4,7,3,0.3333333333333333,4,12,0,1.6666666666666667,0.0,0.0,0.0
78,4,0.3,0.3,optimal,4,4,4,0.0,4,4,4,0.0,4,12,0,1.3333333333333333,0.0005114078521728516,0.0,0.0
79,4,0.3,0.3,optimal,4,4,4,0.0,4,5,4,0.0,4,12,0,1.6666666666666667,0.0,0.0,0.0
80,4,0.3,0.3,optimal,4,4,4,0.0,4,4,4,0.0,4,11,0,1.3333333333333333,0.0009987354278564453,0.0,0.001001119613647461
81,4,0.3,0.3,optimal,4,5,4,0.0,4,7,4,0.0,4,13,0,1.6666666666666667,0.0010020732879638672,0.0014367103576660156,0.0
82,4,0.3,0.3,optimal,4,6,4,0.0,4,6,4,0.0,4,13,0,1.6666666666666667,0.0,0.0,0.0
83,4,0.3,0.3,optimal,4,7,3,0.6666666666666666,4,8,3,0.6666666666666666,4,13,0,2.3333333333333335,0.0,0.0,0.0
84,4,0.3,0.3,optimal,4,7,3,0.6666666666666666,4,7,3,0.6666666666666666,4,11,0,1.6666666666666667,0.0009999275207519531,0.0,0.0015153884887695312
85,4,0.3,0.3,optimal,4,6,4,0.0,4,7,4,0.0,4,14,0,2.3333333333333335,0.0,0.01732778549194336,0.0
86,4,0.3,0.3,optimal,4,9,2,1.0,4,11,2,1.0,4,12,0,1.3333333333333333,0.0,0.0009996891021728516,0.000985860824584961
87,4,0.3,0.3,optimal,4,5,4,0.0,4,6,4,0.0,4,11,0,1.3333333333333333,0.0009937286376953125,0.0,0.0
88,4,0.3,0.3,optimal,4,7,3,0.6666666666666666,4,7,3,0.6666666666666666,4,14,0,2.3333333333333335,0.0,0.0,0.0010066032409667969
89,4,0.3,0.3,optimal,4,6,4,0.0,4,6,4,0.0,4,12,0,1.6666666666666667,0.0009999275207519531,0.0,0.0
90,4,0.3,0.3,optimal,4,8,3,0.3333333333333333,4,8,3,0.3333333333333333,4,11,0,1.0,0.0,0.0,0.0
91,4,0.3,0.3,optimal,4,9,3,0.6666666666666666,4,10,3,0.6666666666666666,4,12,1,1.6666666666666667,0.0,0.0,0.000993490219116211
92,4,0.3,0.3,optimal,4,4,4,0.0,4,4,4,0.0,4,12,0,2.0,0.0009958744049072266,0.0010094642639160156,0.0
93,4,0.3,0.3,optimal,4,7,3,0.6666666666666666,4,7,3,0.6666666666666666,4,12,0,2.3333333333333335,0.0009987354278564453,0.0009984970092773438,0.0010013580322265625
94,4,0.3,0.3,optimal,4,6,4,0.0,4,6,4,0.0,4,12,0,1.6666666666666667,0.0010328292846679688,0.0,0.0
95,4,0.3,0.3,optimal,4,8,3,0.6666666666666666,4,8,3,0.6666666666666666,4,13,1,1.6666666666666667,0.0009989738464355469,0.0,0.0
96,4,0.3,0.3,optimal,4,6,3,0.3333333333333333,4,8,3,0.3333333333333333,4,12,0,2.0,0.0009989738464355469,0.0020368099212646484,0.0009944438934326172
97,4,0.3,0.3,optimal,4,4,4,0.0,4,4,4,0.0,4,12,0,1.3333333333333333,0.0,0.0,0.0009937286376953125
98,4,0.3,0.3,optimal,4,6,4,0.0,4,7,4,0.0,4,12,0,1.3333333333333333,0.0010035037994384766,0.0009958744049072266,0.001001596450805664
99,4,0.3,0.3,optimal,4,6,3,0.6666666666666666,4,6,3,0.6666666666666666,4,13,0,1.6666666666666667,0.0,0.0009999275207519531,0.0
0,4,0.3,0.5,optimal,4,7,3,0.6666666666666666,4,8,3,0.6666666666666666,4,14,0,2.0,0.0009984970092773438,0.0010182857513427734,0.0009913444519042969
1,4,0.3,0.5,optimal,4,8,3,0.6666666666666666,4,9,3,0.6666666666666666,4,13,0,2.0,0.0009999275207519531,0.0010004043579101562,0.0
2,4,0.3,0.5,optimal,4,5,3,0.3333333333333333,4,6,3,0.3333333333333333,4,11,0,1.3333333333333333,0.0,0.0,0.0
3,4,0.3,0.5,optimal,4,9,3,1.0,4,9,3,1.0,4,16,0,2.6666666666666665,0.0010039806365966797,0.0,0.0
4,4,0.3,0.5,optimal,4,5,4,0.0,4,6,4,0.0,4,13,0,1.6666666666666667,0.0009999275207519531,0.0,0.0
5,4,0.3,0.5,optimal,4,7,4,0.0,4,7,4,0.0,4,13,0,2.0,0.0,0.0,0.0
6,4,0.3,0.5,optimal,4,5,4,0.0,4,6,4,0.0,4,14,0,2.0,0.0,0.0,0.0
7,4,0.3,0.5,optimal,4,7,4,0.0,4,7,4,0.0,4,13,0,2.0,0.0009996891021728516,0.0,0.0
8,4,0.3,0.5,optimal,4,4,4,0.0,4,4,4,0.0,4,13,0,1.6666666666666667,0.0,0.0009961128234863281,0.0009987354278564453
9,4,0.3,0.5,optimal,4,6,4,0.0,4,6,4,0.0,4,13,0,1.6666666666666667,0.0010001659393310547,0.0,0.0
10,4,0.3,0.5,optimal,4,7,4,0.0,4,7,4,0.0,4,12,0,1.6666666666666667,0.0,0.0,0.0
11,4,0.3,0.5,optimal,4,8,3,0.6666666666666666,4,10,3,0.6666666666666666,4,14,0,2.0,0.0,0.0010018348693847656,0.0
12,4,0.3,0.5,optimal,4,7,3,0.0,4,8,3,0.0,4,13,0,1.6666666666666667,0.0,0.0,0.0
13,4,0.3,0.5,optimal,4,6,4,0.0,4,6,4,0.0,4,14,0,2.0,0.0010008811950683594,0.0009961128234863281,0.0010025501251220703
14,4,0.3,0.5,optimal,4,6,4,0.0,4,7,4,0.0,4,13,0,1.6666666666666667,0.0009996891021728516,0.0009999275207519531,0.0
15,4,0.3,0.5,optimal,4,6,4,0.0,4,7,4,0.0,4,12,0,1.6666666666666667,0.0,0.0,0.0
16,4,0.3,0.5,optimal,4,7,3,0.6666666666666666,4,7,3,0.6666666666666666,4,13,0,2.0,0.0010001659393310547,0.0009999275207519531,0.0009999275207519531
17,4,0.3,0.5,optimal,4,7,3,0.3333333333333333,4,7,3,0.3333333333333333,4,13,0,1.6666666666666667,0.0,0.0010221004486083984,0.0010013580322265625
18,4,0.3,0.5,optimal,4,8,3,0.3333333333333333,4,9,3,0.3333333333333333,4,13,0,1.6666666666666667,0.0,0.0,0.0010001659393310547
19,4,0.3,0.5,optimal,4,6,4,0.0,4,6,4,0.0,4,13,0,2.0,0.0009806156158447266,0.0,0.0009984970092773438
20,4,0.3,0.5,optimal,4,6,4,0.0,4,7,4,0.0,4,14,0,2.3333333333333335,0.0014736652374267578,0.0,0.0
21,4,0.3,0.5,optimal,4,5,4,0.0,4,7,4,0.0,4,14,0,2.3333333333333335,0.0009999275207519531,0.008554220199584961,0.0009987354278564453
22,4,0.3,0.5,optimal,4,5,3,0.3333333333333333,4,8,3,0.3333333333333333,4,12,0,1.3333333333333333,0.0,0.0,0.0
23,4,0.3,0.5,optimal,4,6,4,0.0,4,6,4,0.0,4,13,0,1.6666666666666667,0.0009949207305908203,0.0010094642639160156,0.0010929107666015625
24,4,0.3,0.5,optimal,4,7,4,0.0,4,7,4,0.0,4,14,0,2.0,0.0010089874267578125,0.0,0.0
25,4,0.3,0.5,optimal,4,8,3,0.3333333333333333,4,9,3,0.3333333333333333,4,12,0,1.3333333333333333,0.0,0.0009975433349609375,0.0010027885437011719
26,4,0.3,0.5,optimal,4,4,4,0.0,4,4,4,0.0,4,13,0,1.6666666666666667,0.0,0.0010173320770263672,0.0010066032409667969
27,4,0.3,0.5,optimal,4,9,3,0.6666666666666666,4,9,3,0.6666666666666666,4,14,0,2.6666666666666665,0.001027822494506836,0.0,0.0009927749633789062
28,4,0.3,0.5,optimal,4,6,4,0.0,4,6,4,0.0,4,15,0,2.6666666666666665,0.0,0.0010035037994384766,0.0
29,4,0.3,0.5,optimal,4,9,3,0.6666666666666666,4,9,3,0.6666666666666666,4,12,0,1.3333333333333333,0.0,0.0,0.0
30,4,0.3,0.5,optimal,4,6,4,0.0,4,7,4,0.0,4,13,0,1.6666666666666667,0.0,0.0009963512420654297,0.0010039806365966797
31,4,0.3,0.5,optimal,4,10,3,0.6666666666666666,4,10,3,0.6666666666666666,4,15,0,2.6666666666666665,0.0,0.0,0.0
32,4,0.3,0.5,optimal,4,7,4,0.0,4,7,4,0.0,4,12,0,2.0,0.0010342597961425781,0.0,0.0
33,4,0.3,0.5,optimal,4,4,4,0.0,4,4,4,0.0,4,14,0,2.0,0.001001596450805664,0.0011963844299316406,0.0
34,4,0.3,0.5,optimal,4,6,4,0.0,4,7,4,0.0,4,11,0,1.3333333333333333,0.0,0.0,0.0
35,4,0.3,0.5,optimal,4,6,3,0.3333333333333333,4,8,3,0.3333333333333333,4,13,0,2.0,0.0009961128234863281,0.0010035037994384766,0.0009961128234863281
36,4,0.3,0.5,optimal,4,10,2,1.0,4,10,2,1.0,4,13,0,1.6666666666666667,0.001016855239868164,0.0,0.0
37,4,0.3,0.5,optimal,4,9,3,0.6666666666666666,4,9,3,0.6666666666666666,4,12,0,2.0,0.0,0.0010001659393310547,0.0
38,4,0.3,0.5,optimal,4,9,3,0.6666666666666666,4,10,3,0.6666666666666666,4,14,0,2.0,0.0009987354278564453,0.0,0.0
39,4,0.3,0.5,optimal,4,7,4,0.0,4,7,4,0.0,4,12,0,1.6666666666666667,0.0,0.0,0.0
40,4,0.3,0.5,optimal,4,9,3,0.6666666666666666,4,10,3,0.6666666666666666,4,14,0,2.0,0.0010042190551757812,0.0009944438934326172,0.0
41,4,0.3,0.5,optimal,4,7,4,0.0,4,7,4,0.0,4,13,0,2.0,0.0009961128234863281,0.0,0.0011849403381347656
42,4,0.3,0.5,optimal,4,8,3,0.6666666666666666,4,8,3,0.6666666666666666,4,12,0,1.3333333333333333,0.0,0.0,0.0
43,4,0.3,0.5,optimal,4,7,3,0.3333333333333333,4,8,3,0.3333333333333333,4,13,0,1.6666666666666667,0.0,0.0010035037994384766,0.000997781753540039
44,4,0.3,0.5,optimal,4,6,4,0.0,4,7,4,0.0,4,14,0,2.3333333333333335,0.0009996891021728516,0.0010001659393310547,0.0
45,4,0.3,0.5,optimal,4,8,3,0.6666666666666666,4,9,3,0.6666666666666666,4,12,1,1.6666666666666667,0.0009818077087402344,0.0,0.0
46,4,0.3,0.5,optimal,4,7,3,0.6666666666666666,4,7,3,0.6666666666666666,4,15,0,2.3333333333333335,0.0010013580322265625,0.0,0.0
47,4,0.3,0.5,optimal,4,7,4,0.0,4,7,4,0.0,4,14,0,2.0,0.0011622905731201172,0.0010497570037841797,0.0009996891021728516
48,4,0.3,0.5,optimal,4,6,4,0.0,4,6,4,0.0,4,13,0,2.0,0.0,0.0,0.0
49,4,0.3,0.5,optimal,4,7,4,0.0,4,8,4,0.0,4,15,0,2.3333333333333335,0.0,0.0,0.0
50,4,0.3,0.5,optimal,4,4,4,0.0,4,5,4,0.0,4,13,0,2.3333333333333335,0.0,0.0,0.0
51,4,0.3,0.5,optimal,4,5,4,0.0,4,6,4,0.0,4,12,0,1.6666666666666667,0.0,0.0,0.0
52,4,0.3,0.5,optimal,4,5,4,0.0,4,6,4,0.0,4,13,0,1.6666666666666667,0.0010004043579101562,0.0,0.0
53,4,0.3,0.5,optimal,4,11,3,1.0,4,11,3,1.0,4,15,0,2.3333333333333335,0.0010008811950683594,0.0,0.0
54,4,0.3,0.5,optimal,4,6,4,0.0,4,6,4,0.0,4,14,0,2.0,0.0,0.0,0.0
55,4,0.3,0.5,optimal,4,6,3,0.6666666666666666,4,8,3,0.6666666666666666,4,13,0,2.0,0.0010204315185546875,0.0010166168212890625,0.00099945068359375
56,4,0.3,0.5,optimal,4,6,3,0.3333333333333333,4,8,3,0.3333333333333333,4,12,0,1.6666666666666667,0.0,0.0,0.0
57,4,0.3,0.5,optimal,4,7,3,0.6666666666666666,4,10,3,0.6666666666666666,4,13,0,1.6666666666666667,0.0009992122650146484,0.0009980201721191406,0.0
58,4,0.3,0.5,optimal,4,7,3,0.6666666666666666,4,8,3,0.6666666666666666,4,13,0,1.6666666666666667,0.0010001659393310547,0.0009849071502685547,0.0
59,4,0.3,0.5,optimal,4,6,4,0.0,4,8,4,0.0,4,12,0,1.6666666666666667,0.0,0.0,0.0
60,4,0.3,0.5,optimal,4,8,3,0.3333333333333333,4,9,3,0.3333333333333333,4,15,0,2.3333333333333335,0.0,0.0,0.0
61,4,0.3,0.5,optimal,4,7,4,0.0,4,7,4,0.0,4,14,0,2.3333333333333335,0.0009999275207519531,0.0010042190551757812,0.0
62,4,0.3,0.5,optimal,4,7,4,0.0,4,7,4,0.0,4,16,0,2.6666666666666665,0.0,0.0,0.0
63,4,0.3,0.5,optimal,4,7,4,0.0,4,7,4,0.0,4,13,0,2.0,0.0,0.0,0.0
64,4,0.3,0.5,optimal,4,6,4,0.0,4,6,4,0.0,4,14,0,2.0,0.0,0.0,0.0
65,4,0.3,0.5,optimal,4,7,4,0.0,4,7,4,0.0,4,14,0,2.0,0.0,0.0009961128234863281,0.0
66,4,0.3,0.5,optimal,4,8,3,0.6666666666666666,4,9,3,0.6666666666666666,4,12,0,1.3333333333333333,0.0,0.0,0.0
67,4,0.3,0.5,optimal,4,7,3,0.6666666666666666,4,10,3,0.6666666666666666,4,12,0,1.6666666666666667,0.0,0.0,0.0
68,4,0.3,0.5,optimal,4,6,3,0.3333333333333333,4,7,3,0.3333333333333333,4,13,0,2.0,0.0009999275207519531,0.0,0.0
69,4,0.3,0.5,optimal,4,5,4,0.0,4,5,4,0.0,4,15,0,3.0,0.0010113716125488281,0.0,0.0
70,4,0.3,0.5,optimal,4,7,3,0.3333333333333333,4,8,3,0.3333333333333333,4,12,0,1.3333333333333333,0.0010001659393310547,0.0,0.0
71,4,0.3,0.5,optimal,4,6,4,0.0,4,6,4,0.0,4,14,0,2.6666666666666665,0.0,0.0,0.0
72,4,0.3,0.5,optimal,4,7,3,0.3333333333333333,4,7,3,0.3333333333333333,4,15,0,2.3333333333333335,0.0009992122650146484,0.0011143684387207031,0.0005042552947998047
73,4,0.3,0.5,optimal,4,8,3,0.3333333333333333,4,8,3,0.3333333333333333,4,12,0,1.6666666666666667,0.0,0.0010418891906738281,0.0
74,4,0.3,0.5,optimal,4,7,4,0.0,4,8,4,0.0,4,14,0,2.0,0.0,0.0,0.0
75,4,0.3,0.5,optimal,4,7,3,0.6666666666666666,4,7,3,0.6666666666666666,4,15,0,2.3333333333333335,0.0009951591491699219,0.0009992122650146484,0.0
76,4,0.3,0.5,optimal,4,6,4,0.0,4,6,4,0.0,4,14,0,2.6666666666666665,0.0,0.0009944438934326172,0.0009984970092773438
77,4,0.3,0.5,optimal,4,7,3,0.3333333333333333,4,9,3,0.3333333333333333,4,13,0,1.6666666666666667,0.0,0.0005097389221191406,0.0
78,4,0.3,0.5,optimal,4,5,4,0.0,4,5,4,0.0,4,12,0,1.3333333333333333,0.0,0.0,0.0
79,4,0.3,0.5,optimal,4,4,4,0.0,4,6,4,0.0,4,13,0,1.6666666666666667,0.0,0.0009999275207519531,0.0010001659393310547
80,4,0.3,0.5,optimal,4,4,4,0.0,4,5,4,0.0,4,13,0,1.6666666666666667,0.0,0.0011560916900634766,0.001405477523803711
81,4,0.3,0.5,optimal,4,7,4,0.0,4,8,4,0.0,4,13,0,1.6666666666666667,0.0014095306396484375,0.0,0.0
82,4,0.3,0.5,optimal,4,6,4,0.0,4,6,4,0.0,4,13,0,1.6666666666666667,0.0,0.0012464523315429688,0.0009989738464355469
83,4,0.3,0.5,optimal,4,7,3,0.6666666666666666,4,9,3,0.6666666666666666,4,13,0,2.0,0.0009987354278564453,0.001050710678100586,0.0011639595031738281
84,4,0.3,0.5,optimal,4,8,3,0.6666666666666666,4,8,3,0.6666666666666666,4,12,0,1.6666666666666667,0.0009965896606445312,0.0,0.0
85,4,0.3,0.5,optimal,4,6,4,0.0,4,7,4,0.0,4,15,0,2.3333333333333335,0.0010232925415039062,0.009045124053955078,0.0011844635009765625
86,4,0.3,0.5,optimal,4,9,2,1.0,4,11,2,1.0,4,13,0,1.6666666666666667,0.0,0.0,0.0011813640594482422
87,4,0.3,0.5,optimal,4,6,4,0.0,4,6,4,0.0,4,12,0,1.3333333333333333,0.0010001659393310547,0.0,0.0013070106506347656
88,4,0.3,0.5,optimal,4,9,3,0.6666666666666666,4,9,3,0.6666666666666666,4,14,0,2.3333333333333335,0.0011212825775146484,0.0,0.0
89,4,0.3,0.5,optimal,4,6,4,0.0,4,6,4,0.0,4,13,0,1.6666666666666667,0.0010030269622802734,0.000993967056274414,0.0010118484497070312
90,4,0.3,0.5,optimal,4,9,3,0.3333333333333333,4,9,3,0.3333333333333333,4,12,0,1.3333333333333333,0.00102996826171875,0.001009225845336914,0.0
91,4,0.3,0.5,optimal,4,10,3,0.6666666666666666,4,10,3,0.6666666666666666,4,14,0,2.0,0.001007080078125,0.0010094642639160156,0.0
92,4,0.3,0.5,optimal,4,4,4,0.0,4,5,4,0.0,4,13,0,2.0,0.002020597457885742,0.0010364055633544922,0.0013227462768554688
93,4,0.3,0.5,optimal,4,8,3,0.6666666666666666,4,9,3,0.6666666666666666,4,14,0,2.3333333333333335,0.0,0.0015761852264404297,0.0010082721710205078
94,4,0.3,0.5,optimal,4,7,4,0.0,4,7,4,0.0,4,13,0,1.6666666666666667,0.0009996891021728516,0.0,0.0
95,4,0.3,0.5,optimal,4,9,3,0.6666666666666666,4,9,3,0.6666666666666666,4,13,1,1.6666666666666667,0.0,0.0010075569152832031,0.0
96,4,0.3,0.5,optimal,4,6,3,0.3333333333333333,4,8,3,0.3333333333333333,4,13,0,2.0,0.0009922981262207031,0.0009980201721191406,0.0015289783477783203
97,4,0.3,0.5,optimal,4,4,4,0.0,4,4,4,0.0,4,12,0,1.3333333333333333,0.0009970664978027344,0.0,0.00099945068359375
98,4,0.3,0.5,optimal,4,6,4,0.0,4,7,4,0.0,4,13,0,1.6666666666666667,0.0010046958923339844,0.001062631607055664,0.0
99,4,0.3,0.5,optimal,4,6,3,0.6666666666666666,4,6,3,0.6666666666666666,4,13,0,1.6666666666666667,0.0,0.0010209083557128906,0.0
0,4,0.3,0.7,optimal,4,9,3,0.6666666666666666,4,10,3,0.6666666666666666,4,14,0,2.0,0.002012968063354492,0.001003265380859375,0.0009996891021728516
1,4,0.3,0.7,optimal,4,8,3,0.6666666666666666,4,9,3,0.6666666666666666,4,13,0,2.0,0.0,0.00404047966003418,0.0
2,4,0.3,0.7,optimal,4,6,3,0.3333333333333333,4,7,3,0.3333333333333333,4,11,0,1.3333333333333333,0.0,0.0,0.0
3,4,0.3,0.7,optimal,4,9,3,1.0,4,9,3,1.0,4,16,0,2.6666666666666665,0.0,0.0011184215545654297,0.002995729446411133
4,4,0.3,0.7,optimal,4,6,4,0.0,4,7,4,0.0,4,14,0,2.0,0.0,0.0020122528076171875,0.0
5,4,0.3,0.7,optimal,4,7,4,0.0,4,7,4,0.0,4,14,0,2.0,0.0,0.0006487369537353516,0.0
6,4,0.3,0.7,optimal,4,7,4,0.0,4,7,4,0.0,4,15,0,2.3333333333333335,0.0,0.0,0.0
7,4,0.3,0.7,optimal,4,7,4,0.0,4,7,4,0.0,4,13,0,2.0,0.0,0.0,0.0
8,4,0.3,0.7,optimal,4,6,4,0.0,4,6,4,0.0,4,13,0,1.6666666666666667,0.0,0.00103759765625,0.001154184341430664
9,4,0.3,0.7,optimal,4,8,4,0.0,4,8,4,0.0,4,13,0,1.6666666666666667,0.001004934310913086,0.0,0.0010006427764892578
10,4,0.3,0.7,optimal,4,8,4,0.0,4,8,4,0.0,4,13,0,1.6666666666666667,0.0,0.0010039806365966797,0.000997781753540039
11,4,0.3,0.7,optimal,4,10,3,0.6666666666666666,4,10,3,0.6666666666666666,4,15,0,2.3333333333333335,0.0010037422180175781,0.0009999275207519531,0.0
12,4,0.3,0.7,optimal,4,7,3,0.0,4,8,3,0.0,4,13,0,1.6666666666666667,0.0009732246398925781,0.0010223388671875,0.0015163421630859375
13,4,0.3,0.7,optimal,4,6,4,0.0,4,6,4,0.0,4,14,0,2.0,0.0,0.0009996891021728516,0.0
14,4,0.3,0.7,optimal,4,6,4,0.0,4,7,4,0.0,4,13,0,1.6666666666666667,0.0,0.0009970664978027344,0.0009999275207519531
15,4,0.3,0.7,optimal,4,6,4,0.0,4,7,4,0.0,4,14,0,2.0,0.0010137557983398438,0.0020034313201904297,0.0
16,4,0.3,0.7,optimal,4,8,3,0.6666666666666666,4,9,3,0.6666666666666666,4,14,0,2.3333333333333335,0.0,0.0015099048614501953,0.0010170936584472656
17,4,0.3,0.7,optimal,4,7,3,0.3333333333333333,4,7,3,0.3333333333333333,4,13,0,1.6666666666666667,0.0,0.0010101795196533203,0.0009996891021728516
18,4,0.3,0.7,optimal,4,9,3,0.3333333333333333,4,9,3,0.3333333333333333,4,13,0,1.6666666666666667,0.0,0.0,0.0
19,4,0.3,0.7,optimal,4,7,4,0.0,4,7,4,0.0,4,13,0,2.0,0.0,0.0,0.0
20,4,0.3,0.7,optimal,4,7,4,0.0,4,7,4,0.0,4,15,0,2.3333333333333335,0.0,0.0009989738464355469,0.0009987354278564453
21,4,0.3,0.7,optimal,4,6,4,0.0,4,7,4,0.0,4,15,0,2.3333333333333335,0.0009970664978027344,0.0010013580322265625,0.0
22,4,0.3,0.7,optimal,4,7,3,0.3333333333333333,4,8,3,0.3333333333333333,4,12,0,1.3333333333333333,0.0,0.0009915828704833984,0.0
23,4,0.3,0.7,optimal,4,7,4,0.0,4,8,4,0.0,4,13,0,1.6666666666666667,0.0,0.0,0.0010080337524414062
24,4,0.3,0.7,optimal,4,8,4,0.0,4,8,4,0.0,4,14,0,2.0,0.0,0.0005106925964355469,0.0
25,4,0.3,0.7,optimal,4,8,3,0.3333333333333333,4,9,3,0.3333333333333333,4,13,0,1.6666666666666667,0.0,0.0,0.0
26,4,0.3,0.7,optimal,4,6,4,0.0,4,6,4,0.0,4,14,0,2.0,0.0009996891021728516,0.0,0.0
27,4,0.3,0.7,optimal,4,9,3,0.6666666666666666,4,9,3,0.6666666666666666,4,15,0,2.6666666666666665,0.003117084503173828,0.003972291946411133,0.0019729137420654297
28,4,0.3,0.7,optimal,4,7,4,0.0,4,7,4,0.0,4,16,0,2.6666666666666665,0.0,0.0,0.0
29,4,0.3,0.7,optimal,4,9,3,0.6666666666666666,4,9,3,0.6666666666666666,4,12,0,1.3333333333333333,0.0005133152008056641,0.0010259151458740234,0.0009999275207519531
30,4,0.3,0.7,optimal,4,7,4,0.0,4,7,4,0.0,4,14,0,2.0,0.0015270709991455078,0.0,0.0
31,4,0.3,0.7,optimal,4,10,3,0.6666666666666666,4,10,3,0.6666666666666666,4,16,0,2.6666666666666665,0.0,0.0,0.0
32,4,0.3,0.7,optimal,4,7,4,0.0,4,7,4,0.0,4,14,0,2.0,0.001013040542602539,0.0010237693786621094,0.0009937286376953125
33,4,0.3,0.7,optimal,4,6,4,0.0,4,6,4,0.0,4,14,0,2.0,0.0,0.0,0.0
34,4,0.3,0.7,optimal,4,6,4,0.0,4,7,4,0.0,4,11,0,1.3333333333333333,0.0010437965393066406,0.0010037422180175781,0.0010001659393310547
35,4,0.3,0.7,optimal,4,7,3,0.3333333333333333,4,9,3,0.3333333333333333,4,14,0,2.0,0.0,0.0,0.0
36,4,0.3,0.7,optimal,4,10,2,1.0,4,10,2,1.0,4,14,0,2.0,0.0010306835174560547,0.001003265380859375,0.0009975433349609375
37,4,0.3,0.7,optimal,4,10,3,0.6666666666666666,4,10,3,0.6666666666666666,4,14,0,2.0,0.0,0.0,0.0012059211730957031
38,4,0.3,0.7,optimal,4,9,3,0.6666666666666666,4,10,3,0.6666666666666666,4,15,0,2.3333333333333335,0.001016378402709961,0.0,0.0009925365447998047
39,4,0.3,0.7,optimal,4,7,4,0.0,4,7,4,0.0,4,12,0,1.6666666666666667,0.0,0.0010237693786621094,0.0
40,4,0.3,0.7,optimal,4,10,3,0.6666666666666666,4,10,3,0.6666666666666666,4,14,0,2.0,0.0,0.0009992122650146484,0.001001596450805664
41,4,0.3,0.7,optimal,4,7,4,0.0,4,8,4,0.0,4,14,0,2.0,0.0,0.001977205276489258,0.0009987354278564453
42,4,0.3,0.7,optimal,4,8,3,0.6666666666666666,4,8,3,0.6666666666666666,4,13,0,1.6666666666666667,0.0,0.0009980201721191406,0.0
43,4,0.3,0.7,optimal,4,9,3,0.3333333333333333,4,9,3,0.3333333333333333,4,13,0,1.6666666666666667,0.0010008811950683594,0.0,0.0
44,4,0.3,0.7,optimal,4,7,4,0.0,4,8,4,0.0,4,15,0,2.3333333333333335,0.0010001659393310547,0.0,0.0
45,4,0.3,0.7,optimal,4,8,3,0.6666666666666666,4,9,3,0.6666666666666666,4,13,1,1.6666666666666667,0.0009996891021728516,0.0,0.0
46,4,0.3,0.7,optimal,4,9,3,0.6666666666666666,4,9,3,0.6666666666666666,4,15,0,2.3333333333333335,0.0010027885437011719,0.0,0.0
47,4,0.3,0.7,optimal,4,7,4,0.0,4,7,4,0.0,4,14,0,2.0,0.0,0.0,0.0
48,4,0.3,0.7,optimal,4,7,4,0.0,4,7,4,0.0,4,14,0,2.0,0.0,0.0,0.0
49,4,0.3,0.7,optimal,4,7,4,0.0,4,8,4,0.0,4,15,0,2.3333333333333335,0.0009980201721191406,0.0010013580322265625,0.0
50,4,0.3,0.7,optimal,4,5,4,0.0,4,6,4,0.0,4,13,0,1.6666666666666667,0.0009987354278564453,0.0,0.0
51,4,0.3,0.7,optimal,4,6,4,0.0,4,7,4,0.0,4,13,0,1.6666666666666667,0.0019419193267822266,0.0019872188568115234,0.003187894821166992
52,4,0.3,0.7,optimal,4,6,4,0.0,4,7,4,0.0,4,13,0,1.6666666666666667,0.0,0.0009932518005371094,0.001003265380859375
53,4,0.3,0.7,optimal,4,11,3,1.0,4,11,3,1.0,4,15,0,2.3333333333333335,0.0,0.0015177726745605469,0.0005240440368652344
54,4,0.3,0.7,optimal,4,7,4,0.0,4,7,4,0.0,4,14,0,2.0,0.0010089874267578125,0.0009887218475341797,0.0011107921600341797
55,4,0.3,0.7,optimal,4,8,3,0.6666666666666666,4,9,3,0.6666666666666666,4,14,0,2.0,0.0005102157592773438,0.0019512176513671875,0.0
56,4,0.3,0.7,optimal,4,6,3,0.3333333333333333,4,8,3,0.3333333333333333,4,13,0,1.6666666666666667,0.0009999275207519531,0.0,0.0
57,4,0.3,0.7,optimal,4,8,3,0.6666666666666666,4,10,3,0.6666666666666666,4,13,0,1.6666666666666667,0.0,0.0009989738464355469,0.0010001659393310547
58,4,0.3,0.7,optimal,4,8,3,0.6666666666666666,4,9,3,0.6666666666666666,4,14,0,2.0,0.0,0.0009942054748535156,0.0
59,4,0.3,0.7,optimal,4,8,4,0.0,4,8,4,0.0,4,13,0,1.6666666666666667,0.0,0.0,0.0
60,4,0.3,0.7,optimal,4,9,3,0.3333333333333333,4,9,3,0.3333333333333333,4,15,0,2.3333333333333335,0.001142740249633789,0.0,0.0
61,4,0.3,0.7,optimal,4,7,4,0.0,4,8,4,0.0,4,15,0,2.3333333333333335,0.0,0.0,0.0015361309051513672
62,4,0.3,0.7,optimal,4,8,4,0.0,4,8,4,0.0,4,16,0,2.6666666666666665,0.0,0.0015158653259277344,0.001016855239868164
63,4,0.3,0.7,optimal,4,7,4,0.0,4,8,4,0.0,4,14,0,2.3333333333333335,0.0010809898376464844,0.0,0.0
64,4,0.3,0.7,optimal,4,6,4,0.0,4,6,4,0.0,4,15,0,2.3333333333333335,0.001001119613647461,0.00099945068359375,0.0010008811950683594
65,4,0.3,0.7,optimal,4,7,4,0.0,4,8,4,0.0,4,15,0,2.3333333333333335,0.0,0.0,0.0
66,4,0.3,0.7,optimal,4,8,3,0.6666666666666666,4,9,3,0.6666666666666666,4,12,0,1.3333333333333333,0.000997304916381836,0.0,0.0
67,4,0.3,0.7,optimal,4,9,3,0.6666666666666666,4,10,3,0.6666666666666666,4,12,0,1.6666666666666667,0.0010030269622802734,0.0,0.0
68,4,0.3,0.7,optimal,4,6,3,0.3333333333333333,4,7,3,0.3333333333333333,4,14,0,2.0,0.0,0.0010371208190917969,0.0009937286376953125
69,4,0.3,0.7,optimal,4,7,4,0.0,4,7,4,0.0,4,16,0,3.0,0.0,0.001001119613647461,0.0009987354278564453
70,4,0.3,0.7,optimal,4,9,3,0.3333333333333333,4,9,3,0.3333333333333333,4,12,0,1.3333333333333333,0.001001596450805664,0.0,0.0
71,4,0.3,0.7,optimal,4,6,4,0.0,4,6,4,0.0,4,15,0,2.6666666666666665,0.0,0.0,0.001535654067993164
72,4,0.3,0.7,optimal,4,9,3,0.3333333333333333,4,9,3,0.3333333333333333,4,15,0,2.3333333333333335,0.0,0.0,0.0
73,4,0.3,0.7,optimal,4,8,3,0.3333333333333333,4,8,3,0.3333333333333333,4,12,0,1.6666666666666667,0.0010008811950683594,0.0,0.0
74,4,0.3,0.7,optimal,4,8,4,0.0,4,8,4,0.0,4,15,0,2.3333333333333335,0.0,0.0,0.0
75,4,0.3,0.7,optimal,4,8,3,0.6666666666666666,4,9,3,0.6666666666666666,4,15,0,2.3333333333333335,0.0,0.0,0.0
76,4,0.3,0.7,optimal,4,7,4,0.0,4,7,4,0.0,4,15,0,2.6666666666666665,0.0,0.0,0.0
77,4,0.3,0.7,optimal,4,8,3,0.3333333333333333,4,9,3,0.3333333333333333,4,14,0,2.0,0.0,0.0009963512420654297,0.0
78,4,0.3,0.7,optimal,4,6,4,0.0,4,6,4,0.0,4,13,0,1.6666666666666667,0.0004162788391113281,0.0,0.0
79,4,0.3,0.7,optimal,4,5,4,0.0,4,6,4,0.0,4,13,0,1.6666666666666667,0.0015380382537841797,0.002013683319091797,0.0010237693786621094
80,4,0.3,0.7,optimal,4,4,4,0.0,4,5,4,0.0,4,14,0,2.0,0.0,0.0009999275207519531,0.0009999275207519531
81,4,0.3,0.7,optimal,4,7,4,0.0,4,8,4,0.0,4,13,0,1.6666666666666667,0.0,0.0,0.000985860824584961
82,4,0.3,0.7,optimal,4,8,4,0.0,4,8,4,0.0,4,13,0,1.6666666666666667,0.0,0.0009937286376953125,0.0
83,4,0.3,0.7,optimal,4,9,3,0.6666666666666666,4,10,3,0.6666666666666666,4,15,0,2.3333333333333335,0.0,0.0,0.0005116462707519531
84,4,0.3,0.7,optimal,4,8,3,0.6666666666666666,4,8,3,0.6666666666666666,4,13,0,2.0,0.0,0.0,0.0
85,4,0.3,0.7,optimal,4,7,4,0.0,4,8,4,0.0,4,15,0,2.3333333333333335,0.0009963512420654297,0.0009965896606445312,0.0
86,4,0.3,0.7,optimal,4,10,2,1.0,4,11,2,1.0,4,13,0,1.6666666666666667,0.0,0.0009992122650146484,0.0
87,4,0.3,0.7,optimal,4,6,4,0.0,4,6,4,0.0,4,12,0,1.3333333333333333,0.0,0.0,0.0
88,4,0.3,0.7,optimal,4,10,3,0.6666666666666666,4,10,3,0.6666666666666666,4,15,0,2.3333333333333335,0.0,0.0,0.0
89,4,0.3,0.7,optimal,4,7,4,0.0,4,7,4,0.0,4,13,0,1.6666666666666667,0.0010001659393310547,0.0010001659393310547,0.0009999275207519531
90,4,0.3,0.7,optimal,4,9,3,0.3333333333333333,4,9,3,0.3333333333333333,4,12,0,1.3333333333333333,0.0,0.0,0.0
91,4,0.3,0.7,optimal,4,10,3,0.6666666666666666,4,10,3,0.6666666666666666,4,14,0,2.0,0.0,0.0,0.0015141963958740234
92,4,0.3,0.7,optimal,4,5,4,0.0,4,6,4,0.0,4,14,0,2.0,0.0,0.0,0.0010008811950683594
93,4,0.3,0.7,optimal,4,9,3,0.6666666666666666,4,10,3,0.6666666666666666,4,15,0,2.3333333333333335,0.0,0.00173187255859375,0.0010275840759277344
94,4,0.3,0.7,optimal,4,7,4,0.0,4,7,4,0.0,4,14,0,2.0,0.0010900497436523438,0.0010480880737304688,0.0
95,4,0.3,0.7,optimal,4,10,3,0.6666666666666666,4,10,3,0.6666666666666666,4,14,0,2.0,0.0,0.0,0.0
96,4,0.3,0.7,optimal,4,7,3,0.3333333333333333,4,8,3,0.3333333333333333,4,13,0,2.0,0.0010380744934082031,0.0,0.0
97,4,0.3,0.7,optimal,4,4,4,0.0,4,4,4,0.0,4,13,0,1.6666666666666667,0.001506805419921875,0.0,0.0
98,4,0.3,0.7,optimal,4,6,4,0.0,4,7,4,0.0,4,13,0,1.6666666666666667,0.0,0.001010894775390625,0.0
99,4,0.3,0.7,optimal,4,7,3,0.6666666666666666,4,8,3,0.6666666666666666,4,13,0,1.6666666666666667,0.0,0.0,0.0
0,4,0.45,0.3,optimal,4,6,4,0.0,4,6,4,0.0,4,13,0,2.0,0.00099945068359375,0.0,0.0
1,4,0.45,0.3,optimal,4,5,4,0.0,4,6,4,0.0,4,13,0,2.0,0.0,0.0,0.0
2,4,0.45,0.3,optimal,4,6,3,0.3333333333333333,4,6,3,0.3333333333333333,4,11,0,1.3333333333333333,0.0,0.0009987354278564453,0.0
3,4,0.45,0.3,optimal,4,7,4,0.0,4,7,4,0.0,4,15,0,2.6666666666666665,0.001001119613647461,0.0009975433349609375,0.0
4,4,0.45,0.3,optimal,4,5,4,0.0,4,5,4,0.0,4,13,0,1.6666666666666667,0.0010128021240234375,0.0017614364624023438,0.0
5,4,0.45,0.3,optimal,4,4,4,0.0,4,4,4,0.0,4,12,0,1.6666666666666667,0.0,0.000997304916381836,0.0010004043579101562
6,4,0.45,0.3,optimal,4,5,4,0.0,4,6,4,0.0,4,13,0,2.3333333333333335,0.0010013580322265625,0.0010001659393310547,0.0009980201721191406
7,4,0.45,0.3,optimal,4,4,4,0.0,4,6,4,0.0,4,14,0,2.6666666666666665,0.0010116100311279297,0.00099945068359375,0.0
8,4,0.45,0.3,optimal,4,5,4,0.0,4,5,4,0.0,4,12,0,1.6666666666666667,0.006994962692260742,0.04021406173706055,0.0
9,4,0.45,0.3,optimal,4,5,4,0.0,4,5,4,0.0,4,12,0,1.6666666666666667,0.0009975433349609375,0.0,0.0
10,4,0.45,0.3,optimal,4,6,4,0.0,4,7,4,0.0,4,12,0,1.6666666666666667,0.0,0.0010066032409667969,0.0
11,4,0.45,0.3,optimal,4,5,4,0.0,4,7,4,0.0,4,13,0,2.0,0.007038593292236328,0.0024132728576660156,0.0
12,4,0.45,0.3,optimal,4,5,4,0.0,4,6,4,0.0,4,12,0,1.6666666666666667,0.0010018348693847656,0.0,0.0010232925415039062
13,4,0.45,0.3,optimal,4,4,4,0.0,4,6,4,0.0,4,12,0,1.6666666666666667,0.0,0.003607511520385742,0.0
14,4,0.45,0.3,optimal,4,4,4,0.0,4,6,4,0.0,4,13,0,1.6666666666666667,0.0009906291961669922,0.00856924057006836,0.0010204315185546875
15,4,0.45,0.3,optimal,4,4,4,0.0,4,5,4,0.0,4,12,0,1.6666666666666667,0.0,0.0009949207305908203,0.0
16,4,0.45,0.3,optimal,4,6,3,0.6666666666666666,4,7,3,0.6666666666666666,4,12,0,2.0,0.0,0.0,0.0
17,4,0.45,0.3,optimal,4,5,4,0.0,4,6,4,0.0,4,13,0,1.6666666666666667,0.0,0.0009942054748535156,0.0
18,4,0.45,0.3,optimal,4,8,3,0.3333333333333333,4,8,3,0.3333333333333333,4,12,1,1.3333333333333333,0.0,0.00101470947265625,0.0010600090026855469
19,4,0.45,0.3,optimal,4,6,4,0.0,4,7,4,0.0,4,11,0,1.3333333333333333,0.0,0.0,0.001001119613647461
20,4,0.45,0.3,optimal,4,6,4,0.0,4,7,4,0.0,4,13,0,2.3333333333333335,0.0009989738464355469,0.0,0.0009932518005371094
21,4,0.45,0.3,optimal,4,6,4,0.0,4,6,4,0.0,4,14,0,2.3333333333333335,0.0009951591491699219,0.0009989738464355469,0.0010077953338623047
22,4,0.45,0.3,optimal,4,6,3,0.3333333333333333,4,8,3,0.3333333333333333,4,12,0,1.3333333333333333,0.0,0.0009961128234863281,0.0
23,4,0.45,0.3,optimal,4,4,4,0.0,4,4,4,0.0,4,12,0,1.6666666666666667,0.0,0.0009989738464355469,0.0
24,4,0.45,0.3,optimal,4,6,4,0.0,4,7,4,0.0,4,15,0,2.3333333333333335,0.0,0.0009975433349609375,0.0010006427764892578
25,4,0.45,0.3,optimal,4,4,4,0.0,4,5,4,0.0,4,12,0,1.6666666666666667,0.0005061626434326172,0.0,0.0
26,4,0.45,0.3,optimal,4,4,4,0.0,4,4,4,0.0,4,12,0,1.3333333333333333,0.0015301704406738281,0.0010020732879638672,0.0009980201721191406
27,4,0.45,0.3,optimal,4,7,4,0.0,4,7,4,0.0,4,13,0,2.0,0.001001596450805664,0.0,0.0
28,4,0.45,0.3,optimal,4,4,4,0.0,4,5,4,0.0,4,14,0,2.3333333333333335,0.0009999275207519531,0.003046751022338867,0.0012137889862060547
29,4,0.45,0.3,optimal,4,7,3,0.6666666666666666,4,9,3,0.6666666666666666,4,12,0,1.6666666666666667,0.0010001659393310547,0.0,0.0012612342834472656
30,4,0.45,0.3,optimal,4,7,3,0.6666666666666666,4,8,3,0.6666666666666666,4,13,0,2.3333333333333335,0.00099945068359375,0.0,0.0
31,4,0.45,0.3,optimal,4,5,4,0.0,4,5,4,0.0,4,13,0,3.0,0.0,0.0,0.0
32,4,0.45,0.3,optimal,4,4,4,0.0,4,6,4,0.0,4,11,0,2.0,0.0009996891021728516,0.002993345260620117,0.0014162063598632812
33,4,0.45,0.3,optimal,4,4,4,0.0,4,4,4,0.0,4,16,0,3.0,0.0,0.0,0.001007080078125
34,4,0.45,0.3,optimal,4,4,4,0.0,4,5,4,0.0,4,12,0,1.6666666666666667,0.0,0.0012707710266113281,0.0012600421905517578
35,4,0.45,0.3,optimal,4,4,4,0.0,4,5,4,0.0,4,13,0,2.3333333333333335,0.001001119613647461,0.0,0.0
36,4,0.45,0.3,optimal,4,5,4,0.0,4,7,4,0.0,4,13,0,2.0,0.000997304916381836,0.0010013580322265625,0.0009980201721191406
37,4,0.45,0.3,optimal,4,6,4,0.0,4,6,4,0.0,4,13,0,2.0,0.0,0.0,0.0
38,4,0.45,0.3,optimal,4,5,4,0.0,4,7,4,0.0,4,13,0,2.3333333333333335,0.0006909370422363281,0.00099945068359375,0.0
39,4,0.45,0.3,optimal,4,7,3,0.3333333333333333,4,7,3,0.3333333333333333,4,12,0,1.6666666666666667,0.0,0.0,0.0
40,4,0.45,0.3,optimal,4,6,4,0.0,4,6,4,0.0,4,13,0,2.0,0.00099945068359375,0.0010001659393310547,0.0
41,4,0.45,0.3,optimal,4,6,4,0.0,4,7,4,0.0,4,13,0,2.3333333333333335,0.0009937286376953125,0.002984285354614258,0.0
42,4,0.45,0.3,optimal,4,5,4,0.0,4,6,4,0.0,4,12,0,1.3333333333333333,0.0010025501251220703,0.0,0.0009953975677490234
43,4,0.45,0.3,optimal,4,5,4,0.0,4,5,4,0.0,4,13,0,1.6666666666666667,0.0,0.0010471343994140625,0.0009996891021728516
44,4,0.45,0.3,optimal,4,5,4,0.0,4,6,4,0.0,4,13,0,2.3333333333333335,0.0,0.0,0.0
45,4,0.45,0.3,optimal,4,5,4,0.0,4,5,4,0.0,4,12,0,2.0,0.0,0.0,0.0
46,4,0.45,0.3,optimal,4,5,4,0.0,4,7,4,0.0,4,12,1,2.0,0.0009999275207519531,0.0048656463623046875,0.0013072490692138672
47,4,0.45,0.3,optimal,4,5,4,0.0,4,6,4,0.0,4,13,0,2.0,0.0005085468292236328,0.0,0.0
48,4,0.45,0.3,optimal,4,5,4,0.0,4,6,4,0.0,4,14,0,2.0,0.0,0.0009963512420654297,0.0009984970092773438
49,4,0.45,0.3,optimal,4,5,4,0.0,4,6,4,0.0,4,15,0,2.6666666666666665,0.0009982585906982422,0.0,0.0
50,4,0.45,0.3,optimal,4,4,4,0.0,4,5,4,0.0,4,15,0,2.6666666666666665,0.0010709762573242188,0.0,0.0
51,4,0.45,0.3,optimal,4,5,4,0.0,4,5,4,0.0,4,12,0,1.6666666666666667,0.0,0.0009999275207519531,0.0
52,4,0.45,0.3,optimal,4,6,4,0.0,4,6,4,0.0,4,12,0,2.3333333333333335,0.0,0.0009965896606445312,0.0010020732879638672
53,4,0.45,0.3,optimal,4,6,4,0.0,4,7,4,0.0,4,14,0,2.6666666666666665,0.0010690689086914062,0.0,0.0
54,4,0.45,0.3,optimal,4,4,4,0.0,4,6,4,0.0,4,13,0,2.0,0.006377696990966797,0.004030942916870117,0.001001119613647461
55,4,0.45,0.3,optimal,4,5,4,0.0,4,5,4,0.0,4,13,0,2.0,0.0010142326354980469,0.0,0.0
56,4,0.45,0.3,optimal,4,6,4,0.0,4,6,4,0.0,4,12,0,1.6666666666666667,0.0,0.0009984970092773438,0.0010025501251220703
57,4,0.45,0.3,optimal,4,5,4,0.0,4,6,4,0.0,4,13,0,1.6666666666666667,0.0010004043579101562,0.0045087337493896484,0.0
58,4,0.45,0.3,optimal,4,5,4,0.0,4,5,4,0.0,4,11,0,1.3333333333333333,0.0,0.001066446304321289,0.0
59,4,0.45,0.3,optimal,4,5,4,0.0,4,7,4,0.0,4,12,0,2.0,0.0009996891021728516,0.009213447570800781,0.0
60,4,0.45,0.3,optimal,4,5,4,0.0,4,5,4,0.0,4,13,0,2.0,0.0010008811950683594,0.0011022090911865234,0.000997781753540039
61,4,0.45,0.3,optimal,4,6,4,0.0,4,6,4,0.0,4,13,0,2.0,0.001010894775390625,0.0,0.0
62,4,0.45,0.3,optimal,4,5,4,0.0,4,6,4,0.0,4,15,0,2.6666666666666665,0.0,0.0,0.0009999275207519531
63,4,0.45,0.3,optimal,4,6,4,0.0,4,6,4,0.0,4,14,0,2.0,0.001993894577026367,0.0020225048065185547,0.0011205673217773438
64,4,0.45,0.3,optimal,4,5,4,0.0,4,6,4,0.0,4,14,0,2.3333333333333335,0.0,0.0010001659393310547,0.0
65,4,0.45,0.3,optimal,4,5,4,0.0,4,5,4,0.0,4,12,0,1.3333333333333333,0.0010004043579101562,0.0,0.0
66,4,0.45,0.3,optimal,4,5,3,0.3333333333333333,4,6,3,0.3333333333333333,4,12,0,1.3333333333333333,0.0,0.0,0.0011928081512451172
67,4,0.45,0.3,optimal,4,7,4,0.0,4,7,4,0.0,4,11,0,2.0,0.0010025501251220703,0.0009949207305908203,0.0
68,4,0.45,0.3,optimal,4,6,4,0.0,4,7,4,0.0,4,14,0,2.0,0.0009839534759521484,0.0009968280792236328,0.0
69,4,0.45,0.3,optimal,4,4,4,0.0,4,4,4,0.0,4,15,0,3.0,0.0,0.0,0.0010001659393310547
70,4,0.45,0.3,optimal,4,6,4,0.0,4,7,4,0.0,4,13,0,1.6666666666666667,0.0,0.0,0.0
71,4,0.45,0.3,optimal,4,6,4,0.0,4,6,4,0.0,4,14,1,2.0,0.0,0.0010001659393310547,0.0010008811950683594
72,4,0.45,0.3,optimal,4,7,3,0.6666666666666666,4,7,3,0.6666666666666666,4,13,0,2.0,0.0,0.0,0.0
73,4,0.45,0.3,optimal,4,5,4,0.0,4,5,4,0.0,4,12,0,1.6666666666666667,0.0010089874267578125,0.0,0.0
74,4,0.45,0.3,optimal,4,7,4,0.0,4,8,4,0.0,4,14,0,2.3333333333333335,0.0,0.0015151500701904297,0.0
75,4,0.45,0.3,optimal,4,4,4,0.0,4,6,4,0.0,4,15,0,2.3333333333333335,0.0009953975677490234,0.004520416259765625,0.0
76,4,0.45,0.3,optimal,4,6,4,0.0,4,7,4,0.0,4,15,0,2.6666666666666665,0.0010027885437011719,0.0,0.0
77,4,0.45,0.3,optimal,4,7,3,0.3333333333333333,4,7,3,0.3333333333333333,4,12,0,1.6666666666666667,0.0005054473876953125,0.0,0.0
78,4,0.45,0.3,optimal,4,4,4,0.0,4,5,4,0.0,4,12,0,1.6666666666666667,0.004535198211669922,0.002215862274169922,0.0
79,4,0.45,0.3,optimal,4,5,4,0.0,4,6,4,0.0,4,15,0,2.3333333333333335,0.0,0.0039920806884765625,0.0
80,4,0.45,0.3,optimal,4,6,4,0.0,4,6,4,0.0,4,13,0,2.0,0.0,0.0005054473876953125,0.001077413558959961
81,4,0.45,0.3,optimal,4,4,4,0.0,4,5,4,0.0,4,13,0,1.6666666666666667,0.0010068416595458984,0.0010006427764892578,0.0010027885437011719
82,4,0.45,0.3,optimal,4,7,4,0.0,4,7,4,0.0,4,12,0,1.6666666666666667,0.0010006427764892578,0.0029897689819335938,0.0
83,4,0.45,0.3,optimal,4,6,4,0.0,4,6,4,0.0,4,14,0,2.3333333333333335,0.0,0.0009992122650146484,0.0010004043579101562
84,4,0.45,0.3,optimal,4,6,4,0.0,4,7,4,0.0,4,11,1,1.3333333333333333,0.0009984970092773438,0.007648944854736328,0.0010004043579101562
85,4,0.45,0.3,optimal,4,7,4,0.0,4,7,4,0.0,4,14,0,2.3333333333333335,0.0,0.0062408447265625,0.0
86,4,0.45,0.3,optimal,4,6,4,0.0,4,6,4,0.0,4,12,0,1.3333333333333333,0.0,0.0,0.0
87,4,0.45,0.3,optimal,4,5,4,0.0,4,7,4,0.0,4,11,0,1.3333333333333333,0.0009970664978027344,0.0010006427764892578,0.0
88,4,0.45,0.3,optimal,4,7,4,0.0,4,7,4,0.0,4,14,0,2.3333333333333335,0.0,0.0009992122650146484,0.0
89,4,0.45,0.3,optimal,4,6,4,0.0,4,6,4,0.0,4,12,0,1.6666666666666667,0.0010340213775634766,0.012106180191040039,0.0016813278198242188
90,4,0.45,0.3,optimal,4,6,4,0.0,4,7,4,0.0,4,12,0,1.3333333333333333,0.0,0.0009992122650146484,0.0
91,4,0.45,0.3,optimal,4,5,4,0.0,4,8,4,0.0,4,12,0,2.3333333333333335,0.0010020732879638672,0.0025260448455810547,0.0009951591491699219
92,4,0.45,0.3,optimal,4,5,4,0.0,4,5,4,0.0,4,14,0,2.0,0.0,0.001397848129272461,0.0011608600616455078
93,4,0.45,0.3,optimal,4,6,4,0.0,4,6,4,0.0,4,14,0,2.0,0.0009999275207519531,0.0034973621368408203,0.0010223388671875
94,4,0.45,0.3,optimal,4,6,4,0.0,4,7,4,0.0,4,12,1,1.6666666666666667,0.0020012855529785156,0.0019981861114501953,0.0
95,4,0.45,0.3,optimal,4,4,4,0.0,4,6,4,0.0,4,13,0,2.3333333333333335,0.0,0.0,0.0
96,4,0.45,0.3,optimal,4,8,3,0.3333333333333333,4,9,3,0.3333333333333333,4,12,1,1.6666666666666667,0.0,0.0,0.0
97,4,0.45,0.3,optimal,4,4,4,0.0,4,4,4,0.0,4,12,0,1.3333333333333333,0.0,0.0009987354278564453,0.0
98,4,0.45,0.3,optimal,4,4,4,0.0,4,6,4,0.0,4,13,0,1.6666666666666667,0.0,0.0,0.0
99,4,0.45,0.3,optimal,4,6,3,0.3333333333333333,4,7,3,0.3333333333333333,4,13,0,1.6666666666666667,0.0,0.0,0.0010166168212890625
0,4,0.45,0.5,optimal,4,6,4,0.0,4,6,4,0.0,4,14,0,2.0,0.0009958744049072266,0.0,0.0
1,4,0.45,0.5,optimal,4,7,4,0.0,4,8,4,0.0,4,13,1,1.6666666666666667,0.0,0.0009953975677490234,0.0009984970092773438
2,4,0.45,0.5,optimal,4,6,3,0.3333333333333333,4,6,3,0.3333333333333333,4,11,0,1.3333333333333333,0.0,0.0009932518005371094,0.0010004043579101562
3,4,0.45,0.5,optimal,4,8,4,0.0,4,8,4,0.0,4,16,0,2.6666666666666665,0.0,0.0,0.0
4,4,0.45,0.5,optimal,4,6,4,0.0,4,6,4,0.0,4,13,0,1.6666666666666667,0.0009915828704833984,0.0009984970092773438,0.000995635986328125
5,4,0.45,0.5,optimal,4,5,4,0.0,4,5,4,0.0,4,14,0,2.0,0.0009925365447998047,0.0,0.000993967056274414
6,4,0.45,0.5,optimal,4,5,4,0.0,4,6,4,0.0,4,14,0,2.3333333333333335,0.0009975433349609375,0.0009989738464355469,0.0009982585906982422
7,4,0.45,0.5,optimal,4,7,4,0.0,4,7,4,0.0,4,15,0,2.6666666666666665,0.0009942054748535156,0.0017366409301757812,0.0
8,4,0.45,0.5,optimal,4,5,4,0.0,4,5,4,0.0,4,13,0,1.6666666666666667,0.0009987354278564453,0.0013229846954345703,0.0010020732879638672
9,4,0.45,0.5,optimal,4,6,4,0.0,4,6,4,0.0,4,14,0,2.0,0.0,0.0,0.0
10,4,0.45,0.5,optimal,4,8,4,0.0,4,8,4,0.0,4,12,0,1.3333333333333333,0.0010275840759277344,0.0,0.0
11,4,0.45,0.5,optimal,4,7,4,0.0,4,7,4,0.0,4,14,0,2.0,0.0010051727294921875,0.0009968280792236328,0.0010144710540771484
12,4,0.45,0.5,optimal,4,6,4,0.0,4,7,4,0.0,4,14,0,2.0,0.0,0.00199127197265625,0.0015189647674560547
13,4,0.45,0.5,optimal,4,6,4,0.0,4,8,4,0.0,4,13,0,2.0,0.0015363693237304688,0.0009915828704833984,0.000997781753540039
14,4,0.45,0.5,optimal,4,4,4,0.0,4,7,4,0.0,4,13,0,1.6666666666666667,0.0,0.00400090217590332,0.0
15,4,0.45,0.5,optimal,4,6,4,0.0,4,7,4,0.0,4,12,0,2.0,0.0,0.0,0.0
16,4,0.45,0.5,optimal,4,7,3,0.6666666666666666,4,8,3,0.6666666666666666,4,13,0,2.3333333333333335,0.0,0.0009968280792236328,0.0
17,4,0.45,0.5,optimal,4,5,4,0.0,4,6,4,0.0,4,13,0,1.6666666666666667,0.002184152603149414,0.001016855239868164,0.0005099773406982422
18,4,0.45,0.5,optimal,4,9,3,0.3333333333333333,4,9,3,0.3333333333333333,4,13,0,1.6666666666666667,0.0015118122100830078,0.0005061626434326172,0.000507354736328125
19,4,0.45,0.5,optimal,4,6,4,0.0,4,7,4,0.0,4,13,0,1.6666666666666667,0.0,0.0,0.0
20,4,0.45,0.5,optimal,4,6,4,0.0,4,7,4,0.0,4,14,0,2.0,0.0,0.0011603832244873047,0.0005328655242919922
21,4,0.45,0.5,optimal,4,6,4,0.0,4,7,4,0.0,4,15,0,2.3333333333333335,0.0,0.0009958744049072266,0.001001596450805664
22,4,0.45,0.5,optimal,4,7,3,0.3333333333333333,4,9,3,0.3333333333333333,4,12,0,1.3333333333333333,0.0,0.0069429874420166016,0.0009963512420654297
23,4,0.45,0.5,optimal,4,6,4,0.0,4,6,4,0.0,4,13,0,1.6666666666666667,0.0015299320220947266,0.0010242462158203125,0.001010894775390625
24,4,0.45,0.5,optimal,4,8,4,0.0,4,8,4,0.0,4,15,0,2.3333333333333335,0.0,0.0,0.0
25,4,0.45,0.5,optimal,4,6,4,0.0,4,7,4,0.0,4,12,0,1.6666666666666667,0.0,0.0010001659393310547,0.0
26,4,0.45,0.5,optimal,4,5,4,0.0,4,5,4,0.0,4,13,0,1.6666666666666667,0.0010018348693847656,0.0010030269622802734,0.0009982585906982422
27,4,0.45,0.5,optimal,4,8,4,0.0,4,8,4,0.0,4,14,0,2.3333333333333335,0.001531362533569336,0.0,0.0009996891021728516
28,4,0.45,0.5,optimal,4,4,4,0.0,4,7,4,0.0,4,15,0,2.6666666666666665,0.0009996891021728516,0.0010051727294921875,0.0
29,4,0.45,0.5,optimal,4,7,3,0.6666666666666666,4,9,3,0.6666666666666666,4,12,0,1.6666666666666667,0.0010113716125488281,0.0,0.000993967056274414
30,4,0.45,0.5,optimal,4,8,3,0.6666666666666666,4,9,3,0.6666666666666666,4,13,0,2.3333333333333335,0.0,0.0010218620300292969,0.0
31,4,0.45,0.5,optimal,4,7,4,0.0,4,7,4,0.0,4,15,0,3.0,0.0,0.0,0.0
32,4,0.45,0.5,optimal,4,5,4,0.0,4,7,4,0.0,4,12,0,2.3333333333333335,0.0,0.002993345260620117,0.0010023117065429688
33,4,0.45,0.5,optimal,4,4,4,0.0,4,4,4,0.0,4,16,0,2.6666666666666665,0.000997304916381836,0.0,0.0
34,4,0.45,0.5,optimal,4,5,4,0.0,4,7,4,0.0,4,13,0,1.6666666666666667,0.00099945068359375,0.005594015121459961,0.004534244537353516
35,4,0.45,0.5,optimal,4,5,4,0.0,4,6,4,0.0,4,15,0,2.3333333333333335,0.0,0.0,0.0
36,4,0.45,0.5,optimal,4,7,4,0.0,4,7,4,0.0,4,13,0,2.0,0.0009968280792236328,0.001004934310913086,0.00099945068359375
37,4,0.45,0.5,optimal,4,7,4,0.0,4,7,4,0.0,4,13,0,1.6666666666666667,0.0010027885437011719,0.0,0.0
38,4,0.45,0.5,optimal,4,6,4,0.0,4,7,4,0.0,4,15,0,2.6666666666666665,0.001001119613647461,0.002977609634399414,0.0
39,4,0.45,0.5,optimal,4,8,3,0.3333333333333333,4,8,3,0.3333333333333333,4,12,0,1.6666666666666667,0.001001596450805664,0.0009989738464355469,0.0
40,4,0.45,0.5,optimal,4,7,4,0.0,4,8,4,0.0,4,14,0,2.0,0.0009987354278564453,0.0,0.0
41,4,0.45,0.5,optimal,4,6,4,0.0,4,7,4,0.0,4,14,0,2.3333333333333335,0.006036281585693359,0.003003835678100586,0.001013040542602539
42,4,0.45,0.5,optimal,4,5,4,0.0,4,6,4,0.0,4,12,0,1.3333333333333333,0.0009984970092773438,0.0009920597076416016,0.0015153884887695312
43,4,0.45,0.5,optimal,4,5,4,0.0,4,6,4,0.0,4,13,0,1.6666666666666667,0.0,0.0009970664978027344,0.0
44,4,0.45,0.5,optimal,4,5,4,0.0,4,7,4,0.0,4,14,0,2.3333333333333335,0.0010275840759277344,0.001997709274291992,0.000997781753540039
45,4,0.45,0.5,optimal,4,6,4,0.0,4,7,4,0.0,4,14,0,2.0,0.0009984970092773438,0.0019996166229248047,0.0
46,4,0.45,0.5,optimal,4,5,4,0.0,4,7,4,0.0,4,15,0,2.3333333333333335,0.0,0.0038025379180908203,0.00115966796875
47,4,0.45,0.5,optimal,4,5,4,0.0,4,7,4,0.0,4,14,0,2.0,0.0,0.0030150413513183594,0.0
48,4,0.45,0.5,optimal,4,6,4,0.0,4,7,4,0.0,4,14,0,2.0,0.0,0.0,0.0
49,4,0.45,0.5,optimal,4,7,4,0.0,4,8,4,0.0,4,15,0,2.6666666666666665,0.0,0.0009987354278564453,0.0009963512420654297
50,4,0.45,0.5,optimal,4,5,4,0.0,4,5,4,0.0,4,15,0,2.6666666666666665,0.0,0.0010249614715576172,0.0
51,4,0.45,0.5,optimal,4,6,4,0.0,4,6,4,0.0,4,12,0,1.6666666666666667,0.0009984970092773438,0.0010006427764892578,0.0009984970092773438
52,4,0.45,0.5,optimal,4,6,4,0.0,4,6,4,0.0,4,13,0,2.0,0.0009999275207519531,0.0,0.0005121231079101562
53,4,0.45,0.5,optimal,4,8,4,0.0,4,8,4,0.0,4,16,0,3.0,0.0010004043579101562,0.0,0.0
54,4,0.45,0.5,optimal,4,5,4,0.0,4,8,4,0.0,4,14,0,2.0,0.001001596450805664,0.00400090217590332,0.0010266304016113281
55,4,0.45,0.5,optimal,4,7,4,0.0,4,7,4,0.0,4,13,0,2.0,0.0,0.0009992122650146484,0.0009961128234863281
56,4,0.45,0.5,optimal,4,6,4,0.0,4,6,4,0.0,4,12,0,1.6666666666666667,0.0009999275207519531,0.0009996891021728516,0.0010001659393310547
57,4,0.45,0.5,optimal,4,6,4,0.0,4,8,4,0.0,4,13,0,1.6666666666666667,0.0,0.002277374267578125,0.000995635986328125
58,4,0.45,0.5,optimal,4,6,4,0.0,4,6,4,0.0,4,13,0,1.6666666666666667,0.0009996891021728516,0.0,0.0
59,4,0.45,0.5,optimal,4,5,4,0.0,4,8,4,0.0,4,13,0,1.6666666666666667,0.0,0.002034902572631836,0.0
60,4,0.45,0.5,optimal,4,7,4,0.0,4,8,4,0.0,4,14,0,2.0,0.001531362533569336,0.0010347366333007812,0.0
61,4,0.45,0.5,optimal,4,8,4,0.0,4,8,4,0.0,4,14,0,2.3333333333333335,0.0,0.0010001659393310547,0.0009999275207519531
62,4,0.45,0.5,optimal,4,7,4,0.0,4,7,4,0.0,4,16,0,2.6666666666666665,0.0010335445404052734,0.0010042190551757812,0.0
63,4,0.45,0.5,optimal,4,7,4,0.0,4,7,4,0.0,4,14,0,2.3333333333333335,0.0010344982147216797,0.0009951591491699219,0.0009884834289550781
64,4,0.45,0.5,optimal,4,5,4,0.0,4,6,4,0.0,4,15,0,2.3333333333333335,0.0,0.0010035037994384766,0.0
65,4,0.45,0.5,optimal,4,6,4,0.0,4,7,4,0.0,4,14,0,2.0,0.0,0.007009267807006836,0.0019974708557128906
66,4,0.45,0.5,optimal,4,5,3,0.3333333333333333,4,7,3,0.3333333333333333,4,12,0,1.3333333333333333,0.0,0.0,0.0
67,4,0.45,0.5,optimal,4,7,4,0.0,4,7,4,0.0,4,13,0,2.0,0.0,0.0,0.0
68,4,0.45,0.5,optimal,4,8,4,0.0,4,8,4,0.0,4,14,0,2.0,0.0010013580322265625,0.0,0.000972747802734375
69,4,0.45,0.5,optimal,4,5,4,0.0,4,5,4,0.0,4,15,0,3.0,0.0009996891021728516,0.0,0.0
70,4,0.45,0.5,optimal,4,6,4,0.0,4,7,4,0.0,4,13,0,1.6666666666666667,0.0,0.0015311241149902344,0.0
71,4,0.45,0.5,optimal,4,6,4,0.0,4,7,4,0.0,4,14,1,2.0,0.0009987354278564453,0.0009999275207519531,0.0011839866638183594
72,4,0.45,0.5,optimal,4,8,3,0.6666666666666666,4,8,3,0.6666666666666666,4,15,0,2.3333333333333335,0.0009996891021728516,0.0,0.0005190372467041016
73,4,0.45,0.5,optimal,4,7,4,0.0,4,7,4,0.0,4,12,0,1.6666666666666667,0.0,0.0,0.0
74,4,0.45,0.5,optimal,4,7,4,0.0,4,8,4,0.0,4,14,0,2.0,0.0,0.0009970664978027344,0.001001119613647461
75,4,0.45,0.5,optimal,4,4,4,0.0,4,6,4,0.0,4,15,0,2.3333333333333335,0.0061414241790771484,0.0040013790130615234,0.0010139942169189453
76,4,0.45,0.5,optimal,4,6,4,0.0,4,7,4,0.0,4,15,0,2.6666666666666665,0.0,0.0,0.0
77,4,0.45,0.5,optimal,4,8,3,0.3333333333333333,4,9,3,0.3333333333333333,4,13,0,1.6666666666666667,0.0,0.0,0.0
78,4,0.45,0.5,optimal,4,5,4,0.0,4,5,4,0.0,4,12,0,1.6666666666666667,0.0,0.0009999275207519531,0.00099945068359375
79,4,0.45,0.5,optimal,4,6,4,0.0,4,7,4,0.0,4,15,0,2.3333333333333335,0.0010004043579101562,0.002012014389038086,0.0009832382202148438
80,4,0.45,0.5,optimal,4,6,4,0.0,4,7,4,0.0,4,13,0,2.0,0.0,0.0009999275207519531,0.0010001659393310547
81,4,0.45,0.5,optimal,4,5,4,0.0,4,6,4,0.0,4,13,0,1.6666666666666667,0.0009996891021728516,0.00099945068359375,0.00099945068359375
82,4,0.45,0.5,optimal,4,7,4,0.0,4,7,4,0.0,4,13,0,1.6666666666666667,0.007661342620849609,0.004593372344970703,0.0
83,4,0.45,0.5,optimal,4,7,4,0.0,4,8,4,0.0,4,14,0,2.3333333333333335,0.000997781753540039,0.0,0.0
84,4,0.45,0.5,optimal,4,7,4,0.0,4,8,4,0.0,4,12,1,1.3333333333333333,0.0,0.0,0.0
85,4,0.45,0.5,optimal,4,7,4,0.0,4,8,4,0.0,4,15,0,2.3333333333333335,0.0010006427764892578,0.0015091896057128906,0.0012049674987792969
86,4,0.45,0.5,optimal,4,6,4,0.0,4,6,4,0.0,4,13,0,2.0,0.0010516643524169922,0.0017852783203125,0.001016378402709961
87,4,0.45,0.5,optimal,4,5,4,0.0,4,8,4,0.0,4,12,0,1.3333333333333333,0.0010001659393310547,0.00399017333984375,0.0015172958374023438
88,4,0.45,0.5,optimal,4,7,4,0.0,4,8,4,0.0,4,14,0,2.3333333333333335,0.0,0.0009984970092773438,0.0
89,4,0.45,0.5,optimal,4,6,4,0.0,4,6,4,0.0,4,13,0,1.6666666666666667,0.0018510818481445312,0.0029878616333007812,0.0
90,4,0.45,0.5,optimal,4,7,4,0.0,4,8,4,0.0,4,12,0,1.3333333333333333,0.0009996891021728516,0.0009982585906982422,0.0
91,4,0.45,0.5,optimal,4,5,4,0.0,4,8,4,0.0,4,14,0,2.3333333333333335,0.0009999275207519531,0.002997159957885742,0.0011942386627197266
92,4,0.45,0.5,optimal,4,6,4,0.0,4,6,4,0.0,4,14,0,2.0,0.0009870529174804688,0.0,0.0015330314636230469
93,4,0.45,0.5,optimal,4,7,4,0.0,4,8,4,0.0,4,15,0,2.3333333333333335,0.0,0.0010051727294921875,0.0
94,4,0.45,0.5,optimal,4,7,4,0.0,4,8,4,0.0,4,13,0,1.6666666666666667,0.0010018348693847656,0.002004861831665039,0.0
95,4,0.45,0.5,optimal,4,4,4,0.0,4,7,4,0.0,4,13,0,2.0,0.0010004043579101562,0.0,0.0
96,4,0.45,0.5,optimal,4,9,3,0.3333333333333333,4,9,3,0.3333333333333333,4,13,0,2.0,0.0009996891021728516,0.0,0.0
97,4,0.45,0.5,optimal,4,4,4,0.0,4,4,4,0.0,4,13,0,1.6666666666666667,0.0010023117065429688,0.0005106925964355469,0.0010294914245605469
98,4,0.45,0.5,optimal,4,5,4,0.0,4,7,4,0.0,4,13,0,1.6666666666666667,0.0,0.0,0.0
99,4,0.45,0.5,optimal,4,6,3,0.3333333333333333,4,7,3,0.3333333333333333,4,13,0,1.6666666666666667,0.0010020732879638672,0.0,0.0
0,4,0.45,0.7,optimal,4,8,4,0.0,4,8,4,0.0,4,14,0,2.0,0.0,0.0009968280792236328,0.0
1,4,0.45,0.7,optimal,4,7,4,0.0,4,8,4,0.0,4,13,1,1.6666666666666667,0.0,0.0010073184967041016,0.0
2,4,0.45,0.7,optimal,4,7,3,0.3333333333333333,4,7,3,0.3333333333333333,4,11,0,1.3333333333333333,0.0,0.000997304916381836,0.0
3,4,0.45,0.7,optimal,4,8,4,0.0,4,8,4,0.0,4,16,0,2.6666666666666665,0.0005116462707519531,0.0,0.0
4,4,0.45,0.7,optimal,4,6,4,0.0,4,7,4,0.0,4,14,0,2.0,0.0,0.001032114028930664,0.0010080337524414062
5,4,0.45,0.7,optimal,4,5,4,0.0,4,6,4,0.0,4,14,0,2.0,0.0,0.0,0.0
6,4,0.45,0.7,optimal,4,8,4,0.0,4,8,4,0.0,4,15,0,2.3333333333333335,0.0,0.001009225845336914,0.0
7,4,0.45,0.7,optimal,4,7,4,0.0,4,7,4,0.0,4,15,0,2.6666666666666665,0.0009965896606445312,0.0010013580322265625,0.0
8,4,0.45,0.7,optimal,4,6,4,0.0,4,7,4,0.0,4,13,0,1.6666666666666667,0.0009968280792236328,0.0020020008087158203,0.0010139942169189453
9,4,0.45,0.7,optimal,4,8,4,0.0,4,8,4,0.0,4,14,0,2.0,0.0010013580322265625,0.0010094642639160156,0.001008749008178711
10,4,0.45,0.7,optimal,4,8,4,0.0,4,8,4,0.0,4,13,0,1.6666666666666667,0.0,0.0,0.0
11,4,0.45,0.7,optimal,4,7,4,0.0,4,8,4,0.0,4,15,0,2.3333333333333335,0.001009225845336914,0.0,0.000993967056274414
12,4,0.45,0.7,optimal,4,6,4,0.0,4,7,4,0.0,4,14,0,2.0,0.0015156269073486328,0.0010085105895996094,0.0
13,4,0.45,0.7,optimal,4,8,4,0.0,4,8,4,0.0,4,14,0,2.0,0.0010001659393310547,0.0009996891021728516,0.000997304916381836
14,4,0.45,0.7,optimal,4,5,4,0.0,4,7,4,0.0,4,13,0,1.6666666666666667,0.0009996891021728516,0.0035219192504882812,0.0
15,4,0.45,0.7,optimal,4,7,4,0.0,4,7,4,0.0,4,14,0,2.0,0.001001119613647461,0.0,0.0
16,4,0.45,0.7,optimal,4,8,3,0.6666666666666666,4,9,3,0.6666666666666666,4,14,0,2.3333333333333335,0.0,0.0009968280792236328,0.0
17,4,0.45,0.7,optimal,4,6,4,0.0,4,7,4,0.0,4,13,0,1.6666666666666667,0.0,0.0,0.0
18,4,0.45,0.7,optimal,4,9,3,0.3333333333333333,4,9,3,0.3333333333333333,4,13,0,1.6666666666666667,0.0009987354278564453,0.0010311603546142578,0.0009949207305908203
19,4,0.45,0.7,optimal,4,6,4,0.0,4,8,4,0.0,4,13,0,1.6666666666666667,0.0009987354278564453,0.0035071372985839844,0.001031637191772461
20,4,0.45,0.7,optimal,4,7,4,0.0,4,8,4,0.0,4,15,0,2.3333333333333335,0.0,0.0009965896606445312,0.0010023117065429688
21,4,0.45,0.7,optimal,4,6,4,0.0,4,7,4,0.0,4,15,0,2.3333333333333335,0.00099945068359375,0.0015110969543457031,0.001013040542602539
22,4,0.45,0.7,optimal,4,8,3,0.3333333333333333,4,9,3,0.3333333333333333,4,12,0,1.3333333333333333,0.0,0.0019991397857666016,0.0
23,4,0.45,0.7,optimal,4,6,4,0.0,4,6,4,0.0,4,13,0,1.6666666666666667,0.0005109310150146484,0.0011603832244873047,0.0010035037994384766
24,4,0.45,0.7,optimal,4,8,4,0.0,4,8,4,0.0,4,15,0,2.3333333333333335,0.0,0.0,0.0009870529174804688
25,4,0.45,0.7,optimal,4,7,4,0.0,4,8,4,0.0,4,13,0,1.6666666666666667,0.0,0.000997304916381836,0.0
26,4,0.45,0.7,optimal,4,6,4,0.0,4,6,4,0.0,4,14,0,2.0,0.0010001659393310547,0.0009999275207519531,0.0010066032409667969
27,4,0.45,0.7,optimal,4,8,4,0.0,4,8,4,0.0,4,16,0,2.6666666666666665,0.0,0.0010089874267578125,0.001001119613647461
28,4,0.45,0.7,optimal,4,6,4,0.0,4,7,4,0.0,4,16,0,2.6666666666666665,0.0009999275207519531,0.002524137496948242,0.0
29,4,0.45,0.7,optimal,4,7,3,0.6666666666666666,4,9,3,0.6666666666666666,4,12,0,1.6666666666666667,0.0036287307739257812,0.003747224807739258,0.0015723705291748047
30,4,0.45,0.7,optimal,4,8,3,0.6666666666666666,4,9,3,0.6666666666666666,4,14,0,2.3333333333333335,0.0,0.0,0.0
31,4,0.45,0.7,optimal,4,8,4,0.0,4,8,4,0.0,4,17,0,3.0,0.0009982585906982422,0.001001596450805664,0.0
32,4,0.45,0.7,optimal,4,6,4,0.0,4,7,4,0.0,4,14,0,2.3333333333333335,0.0009961128234863281,0.0,0.0014545917510986328
33,4,0.45,0.7,optimal,4,6,4,0.0,4,6,4,0.0,4,16,0,2.6666666666666665,0.0010366439819335938,0.0010313987731933594,0.0
34,4,0.45,0.7,optimal,4,6,4,0.0,4,7,4,0.0,4,13,0,1.6666666666666667,0.0,0.0009958744049072266,0.0
35,4,0.45,0.7,optimal,4,7,4,0.0,4,8,4,0.0,4,15,0,2.3333333333333335,0.0,0.0010023117065429688,0.0
36,4,0.45,0.7,optimal,4,7,4,0.0,4,7,4,0.0,4,15,0,2.3333333333333335,0.000988006591796875,0.0010294914245605469,0.0010006427764892578
37,4,0.45,0.7,optimal,4,7,4,0.0,4,7,4,0.0,4,14,0,2.0,0.001970052719116211,0.0013010501861572266,0.0
38,4,0.45,0.7,optimal,4,7,4,0.0,4,8,4,0.0,4,15,0,2.3333333333333335,0.00099945068359375,0.0009999275207519531,0.0
39,4,0.45,0.7,optimal,4,9,3,0.3333333333333333,4,9,3,0.3333333333333333,4,12,0,1.6666666666666667,0.0010418891906738281,0.0,0.0
40,4,0.45,0.7,optimal,4,7,4,0.0,4,8,4,0.0,4,14,0,2.0,0.0010001659393310547,0.0,0.0
41,4,0.45,0.7,optimal,4,6,4,0.0,4,8,4,0.0,4,15,0,2.3333333333333335,0.000993490219116211,0.0009946823120117188,0.0
42,4,0.45,0.7,optimal,4,6,4,0.0,4,6,4,0.0,4,13,0,1.6666666666666667,0.0009996891021728516,0.0,0.0
43,4,0.45,0.7,optimal,4,7,4,0.0,4,8,4,0.0,4,13,0,1.6666666666666667,0.001001119613647461,0.0015101432800292969,0.0
44,4,0.45,0.7,optimal,4,7,4,0.0,4,8,4,0.0,4,16,0,2.6666666666666665,0.0,0.0010001659393310547,0.0
45,4,0.45,0.7,optimal,4,7,4,0.0,4,8,4,0.0,4,14,0,2.0,0.0010120868682861328,0.002010345458984375,0.0009996891021728516
46,4,0.45,0.7,optimal,4,7,4,0.0,4,8,4,0.0,4,15,0,2.3333333333333335,0.0,0.0010080337524414062,0.0
47,4,0.45,0.7,optimal,4,7,4,0.0,4,7,4,0.0,4,14,0,2.0,0.0005068778991699219,0.0,0.0005056858062744141
48,4,0.45,0.7,optimal,4,6,4,0.0,4,7,4,0.0,4,14,0,2.0,0.0010035037994384766,0.0,0.0
49,4,0.45,0.7,optimal,4,8,4,0.0,4,8,4,0.0,4,15,0,2.6666666666666665,0.0,0.0010309219360351562,0.0
50,4,0.45,0.7,optimal,4,6,4,0.0,4,7,4,0.0,4,16,0,2.6666666666666665,0.0,0.0009984970092773438,0.001989126205444336
51,4,0.45,0.7,optimal,4,7,4,0.0,4,7,4,0.0,4,13,0,1.6666666666666667,0.0,0.0009980201721191406,0.0
52,4,0.45,0.7,optimal,4,6,4,0.0,4,7,4,0.0,4,14,0,2.3333333333333335,0.0,0.003006458282470703,0.0
53,4,0.45,0.7,optimal,4,8,4,0.0,4,8,4,0.0,4,17,0,3.0,0.0,0.0,0.0017366409301757812
54,4,0.45,0.7,optimal,4,5,4,0.0,4,8,4,0.0,4,14,0,2.0,0.001001119613647461,0.0024628639221191406,0.0010077953338623047
55,4,0.45,0.7,optimal,4,7,4,0.0,4,7,4,0.0,4,13,0,2.0,0.0009975433349609375,0.0,0.0
56,4,0.45,0.7,optimal,4,6,4,0.0,4,6,4,0.0,4,13,0,1.6666666666666667,0.0,0.0009989738464355469,0.000997781753540039
57,4,0.45,0.7,optimal,4,6,4,0.0,4,8,4,0.0,4,13,0,1.6666666666666667,0.0009920597076416016,0.0031664371490478516,0.0
58,4,0.45,0.7,optimal,4,6,4,0.0,4,6,4,0.0,4,14,0,2.0,0.0009953975677490234,0.0005040168762207031,0.0
59,4,0.45,0.7,optimal,4,8,4,0.0,4,8,4,0.0,4,13,0,1.6666666666666667,0.0009982585906982422,0.0020041465759277344,0.0
60,4,0.45,0.7,optimal,4,7,4,0.0,4,8,4,0.0,4,14,0,2.0,0.0,0.0009961128234863281,0.0009996891021728516
61,4,0.45,0.7,optimal,4,8,4,0.0,4,8,4,0.0,4,15,0,2.3333333333333335,0.0009844303131103516,0.0,0.0
62,4,0.45,0.7,optimal,4,7,4,0.0,4,8,4,0.0,4,16,0,2.6666666666666665,0.0,0.0009961128234863281,0.0010039806365966797
63,4,0.45,0.7,optimal,4,8,4,0.0,4,8,4,0.0,4,14,0,2.3333333333333335,0.0010340213775634766,0.0009951591491699219,0.0
64,4,0.45,0.7,optimal,4,5,4,0.0,4,6,4,0.0,4,15,0,2.3333333333333335,0.0005288124084472656,0.0,0.0
65,4,0.45,0.7,optimal,4,7,4,0.0,4,8,4,0.0,4,14,0,2.0,0.000997781753540039,0.001009225845336914,0.0
66,4,0.45,0.7,optimal,4,7,3,0.3333333333333333,4,7,3,0.3333333333333333,4,12,0,1.3333333333333333,0.001004934310913086,0.0,0.0
67,4,0.45,0.7,optimal,4,7,4,0.0,4,7,4,0.0,4,14,0,2.0,0.0,0.0,0.0
68,4,0.45,0.7,optimal,4,8,4,0.0,4,8,4,0.0,4,14,0,2.0,0.0,0.0,0.0009832382202148438
69,4,0.45,0.7,optimal,4,7,4,0.0,4,7,4,0.0,4,16,0,3.0,0.0010180473327636719,0.0,0.0
70,4,0.45,0.7,optimal,4,8,4,0.0,4,8,4,0.0,4,13,0,1.6666666666666667,0.0009999275207519531,0.0,0.0
71,4,0.45,0.7,optimal,4,6,4,0.0,4,7,4,0.0,4,15,0,2.6666666666666665,0.0,0.0010001659393310547,0.0
72,4,0.45,0.7,optimal,4,9,3,0.6666666666666666,4,9,3,0.6666666666666666,4,15,0,2.3333333333333335,0.0010035037994384766,0.0020046234130859375,0.0
73,4,0.45,0.7,optimal,4,7,4,0.0,4,8,4,0.0,4,12,0,1.3333333333333333,0.0009999275207519531,0.0,0.0
74,4,0.45,0.7,optimal,4,8,4,0.0,4,8,4,0.0,4,15,0,2.3333333333333335,0.0011587142944335938,0.0009999275207519531,0.0010058879852294922
75,4,0.45,0.7,optimal,4,6,4,0.0,4,7,4,0.0,4,16,0,2.6666666666666665,0.0010001659393310547,0.000997304916381836,0.00551605224609375
76,4,0.45,0.7,optimal,4,6,4,0.0,4,8,4,0.0,4,16,0,2.6666666666666665,0.0009996891021728516,0.0009815692901611328,0.0015141963958740234
77,4,0.45,0.7,optimal,4,9,3,0.3333333333333333,4,9,3,0.3333333333333333,4,14,0,2.0,0.0,0.0023679733276367188,0.000997304916381836
78,4,0.45,0.7,optimal,4,6,4,0.0,4,6,4,0.0,4,13,0,1.6666666666666667,0.0009946823120117188,0.0010001659393310547,0.0
79,4,0.45,0.7,optimal,4,6,4,0.0,4,7,4,0.0,4,15,0,2.3333333333333335,0.0009996891021728516,0.0015180110931396484,0.0009980201721191406
80,4,0.45,0.7,optimal,4,7,4,0.0,4,7,4,0.0,4,14,0,2.0,0.0009999275207519531,0.0009999275207519531,0.0
81,4,0.45,0.7,optimal,4,6,4,0.0,4,7,4,0.0,4,13,0,1.6666666666666667,0.001428365707397461,0.0009989738464355469,0.0
82,4,0.45,0.7,optimal,4,8,4,0.0,4,8,4,0.0,4,13,0,1.6666666666666667,0.0023615360260009766,0.0037429332733154297,0.0010018348693847656
83,4,0.45,0.7,optimal,4,8,4,0.0,4,8,4,0.0,4,15,0,2.3333333333333335,0.00043487548828125,0.0,0.0
84,4,0.45,0.7,optimal,4,8,4,0.0,4,8,4,0.0,4,13,1,1.6666666666666667,0.0010006427764892578,0.0009975433349609375,0.0
85,4,0.45,0.7,optimal,4,8,4,0.0,4,8,4,0.0,4,15,0,2.3333333333333335,0.0009949207305908203,0.0015027523040771484,0.0010104179382324219
86,4,0.45,0.7,optimal,4,7,4,0.0,4,7,4,0.0,4,13,0,1.6666666666666667,0.0,0.0,0.0
87,4,0.45,0.7,optimal,4,6,4,0.0,4,8,4,0.0,4,12,0,1.3333333333333333,0.0009999275207519531,0.0031588077545166016,0.0010285377502441406
88,4,0.45,0.7,optimal,4,7,4,0.0,4,8,4,0.0,4,15,0,2.3333333333333335,0.000997304916381836,0.0,0.0
89,4,0.45,0.7,optimal,4,6,4,0.0,4,7,4,0.0,4,13,0,1.6666666666666667,0.001003265380859375,0.0009968280792236328,0.0009970664978027344
90,4,0.45,0.7,optimal,4,7,4,0.0,4,8,4,0.0,4,12,0,1.3333333333333333,0.0010001659393310547,0.0010504722595214844,0.0
91,4,0.45,0.7,optimal,4,6,4,0.0,4,8,4,0.0,4,15,0,2.3333333333333335,0.0015094280242919922,0.0035920143127441406,0.0
92,4,0.45,0.7,optimal,4,7,4,0.0,4,8,4,0.0,4,14,0,2.0,0.0005061626434326172,0.0010082721710205078,0.0005083084106445312
93,4,0.45,0.7,optimal,4,8,4,0.0,4,8,4,0.0,4,16,0,2.6666666666666665,0.0010268688201904297,0.005045413970947266,0.001495361328125
94,4,0.45,0.7,optimal,4,7,4,0.0,4,8,4,0.0,4,15,0,2.3333333333333335,0.0009946823120117188,0.001998424530029297,0.005385160446166992
95,4,0.45,0.7,optimal,4,6,4,0.0,4,8,4,0.0,4,13,0,2.0,0.0,0.0010075569152832031,0.0
96,4,0.45,0.7,optimal,4,9,3,0.3333333333333333,4,9,3,0.3333333333333333,4,13,0,2.0,0.0009942054748535156,0.0,0.0
97,4,0.45,0.7,optimal,4,4,4,0.0,4,4,4,0.0,4,13,0,1.6666666666666667,0.0010192394256591797,0.0,0.0
98,4,0.45,0.7,optimal,4,5,4,0.0,4,7,4,0.0,4,13,0,1.6666666666666667,0.0009984970092773438,0.0015132427215576172,0.0
99,4,0.45,0.7,optimal,4,7,3,0.3333333333333333,4,8,3,0.3333333333333333,4,13,0,1.6666666666666667,0.0,0.0009996891021728516,0.0
0,4,0.6,0.3,optimal,4,6,4,0.0,4,6,4,0.0,4,13,0,2.0,0.0010004043579101562,0.0010023117065429688,0.0
1,4,0.6,0.3,optimal,4,6,4,0.0,4,6,4,0.0,4,14,0,2.0,0.0009937286376953125,0.002996206283569336,0.003940582275390625
2,4,0.6,0.3,optimal,4,4,4,0.0,4,5,4,0.0,4,11,0,1.0,0.0009996891021728516,0.0,0.0010402202606201172
3,4,0.6,0.3,optimal,4,7,4,0.0,4,7,4,0.0,4,15,0,2.6666666666666665,0.0,0.0009999275207519531,0.0
4,4,0.6,0.3,optimal,4,5,4,0.0,4,6,4,0.0,4,14,0,2.0,0.0030236244201660156,0.0030164718627929688,0.0009887218475341797
5,4,0.6,0.3,optimal,4,5,4,0.0,4,6,4,0.0,4,12,0,1.6666666666666667,0.0010004043579101562,0.0035626888275146484,0.0005121231079101562
6,4,0.6,0.3,optimal,4,4,4,0.0,4,5,4,0.0,4,13,0,2.3333333333333335,0.0009942054748535156,0.0010156631469726562,0.0
7,4,0.6,0.3,optimal,4,5,4,0.0,4,6,4,0.0,4,15,0,2.3333333333333335,0.002000093460083008,0.0025243759155273438,0.0
8,4,0.6,0.3,optimal,4,4,4,0.0,4,6,4,0.0,4,12,0,1.6666666666666667,0.0009992122650146484,0.0029997825622558594,0.0
9,4,0.6,0.3,optimal,4,5,4,0.0,4,5,4,0.0,4,12,0,1.6666666666666667,0.0010042190551757812,0.0010001659393310547,0.0
10,4,0.6,0.3,optimal,4,5,4,0.0,4,7,4,0.0,4,13,0,1.6666666666666667,0.0015323162078857422,0.003535747528076172,0.0009987354278564453
11,4,0.6,0.3,optimal,4,4,4,0.0,4,7,4,0.0,4,14,0,2.3333333333333335,0.0016949176788330078,0.0030007362365722656,0.0010006427764892578
12,4,0.6,0.3,optimal,4,5,4,0.0,4,7,4,0.0,4,13,0,1.6666666666666667,0.0009999275207519531,0.003011941909790039,0.0
13,4,0.6,0.3,optimal,4,6,4,0.0,4,6,4,0.0,4,12,0,2.0,0.0019788742065429688,0.003406524658203125,0.0
14,4,0.6,0.3,optimal,4,6,4,0.0,4,7,4,0.0,4,14,0,2.0,0.001996278762817383,0.003557443618774414,0.0010554790496826172
15,4,0.6,0.3,optimal,4,4,4,0.0,4,5,4,0.0,4,12,0,1.6666666666666667,0.0010001659393310547,0.0019996166229248047,0.0
16,4,0.6,0.3,optimal,4,7,3,0.6666666666666666,4,8,3,0.6666666666666666,4,12,0,2.0,0.0,0.0009999275207519531,0.0
17,4,0.6,0.3,optimal,4,6,4,0.0,4,6,4,0.0,4,13,0,1.6666666666666667,0.0,0.0009953975677490234,0.0006475448608398438
18,4,0.6,0.3,optimal,4,7,3,0.6666666666666666,4,9,3,0.6666666666666666,4,12,1,1.3333333333333333,0.001009225845336914,0.0029997825622558594,0.0009963512420654297
19,4,0.6,0.3,optimal,4,7,4,0.0,4,7,4,0.0,4,13,0,2.0,0.000988006591796875,0.002003908157348633,0.000997304916381836
20,4,0.6,0.3,optimal,4,6,4,0.0,4,7,4,0.0,4,14,0,2.3333333333333335,0.0009996891021728516,0.0032532215118408203,0.0
21,4,0.6,0.3,optimal,4,6,4,0.0,4,6,4,0.0,4,13,0,2.0,0.0009980201721191406,0.0,0.0010089874267578125
22,4,0.6,0.3,optimal,4,5,4,0.0,4,6,4,0.0,4,12,0,1.3333333333333333,0.0,0.0010275840759277344,0.0
23,4,0.6,0.3,optimal,4,5,4,0.0,4,5,4,0.0,4,12,0,1.6666666666666667,0.0,0.0010101795196533203,0.0
24,4,0.6,0.3,optimal,4,4,4,0.0,4,6,4,0.0,4,15,0,2.3333333333333335,0.0,0.0010457038879394531,0.001191854476928711
25,4,0.6,0.3,optimal,4,5,4,0.0,4,6,4,0.0,4,12,0,1.6666666666666667,0.0009965896606445312,0.007138729095458984,0.0009965896606445312
26,4,0.6,0.3,optimal,4,4,4,0.0,4,4,4,0.0,4,12,0,1.6666666666666667,0.0010099411010742188,0.00400090217590332,0.0
27,4,0.6,0.3,optimal,4,6,4,0.0,4,6,4,0.0,4,16,0,2.6666666666666665,0.0015132427215576172,0.004004716873168945,0.001008749008178711
28,4,0.6,0.3,optimal,4,4,4,0.0,4,6,4,0.0,4,14,0,2.3333333333333335,0.0009856224060058594,0.002352476119995117,0.0
29,4,0.6,0.3,optimal,4,6,3,0.6666666666666666,4,8,3,0.6666666666666666,4,12,0,1.3333333333333333,0.0,0.0009982585906982422,0.0
30,4,0.6,0.3,optimal,4,5,4,0.0,4,6,4,0.0,4,14,0,2.3333333333333335,0.0010077953338623047,0.0,0.0028448104858398438
31,4,0.6,0.3,optimal,4,5,4,0.0,4,6,4,0.0,4,13,0,3.0,0.000997781753540039,0.0,0.0
32,4,0.6,0.3,optimal,4,4,4,0.0,4,6,4,0.0,4,12,0,2.0,0.001001119613647461,0.005795478820800781,0.0014955997467041016
33,4,0.6,0.3,optimal,4,4,4,0.0,4,5,4,0.0,4,16,0,3.0,0.0009834766387939453,0.0009989738464355469,0.004534482955932617
34,4,0.6,0.3,optimal,4,5,4,0.0,4,6,4,0.0,4,12,0,1.6666666666666667,0.0010118484497070312,0.008589029312133789,0.0012378692626953125
35,4,0.6,0.3,optimal,4,5,4,0.0,4,6,4,0.0,4,14,0,2.3333333333333335,0.002527952194213867,0.003045797348022461,0.0009918212890625
36,4,0.6,0.3,optimal,4,6,4,0.0,4,8,4,0.0,4,13,0,1.6666666666666667,0.0009942054748535156,0.0035080909729003906,0.0
37,4,0.6,0.3,optimal,4,5,4,0.0,4,6,4,0.0,4,13,0,2.0,0.0,0.0010001659393310547,0.0
38,4,0.6,0.3,optimal,4,6,4,0.0,4,8,4,0.0,4,14,0,2.3333333333333335,0.0009999275207519531,0.0030002593994140625,0.0010106563568115234
39,4,0.6,0.3,optimal,4,5,4,0.0,4,6,4,0.0,4,12,0,1.6666666666666667,0.0,0.0009999275207519531,0.0
40,4,0.6,0.3,optimal,4,5,4,0.0,4,7,4,0.0,4,13,0,1.6666666666666667,0.0009958744049072266,0.0011947154998779297,0.0010378360748291016
41,4,0.6,0.3,optimal,4,7,4,0.0,4,7,4,0.0,4,13,0,2.3333333333333335,0.0020041465759277344,0.0025086402893066406,0.0
42,4,0.6,0.3,optimal,4,6,4,0.0,4,7,4,0.0,4,12,0,1.3333333333333333,0.0011577606201171875,0.003000020980834961,0.0009999275207519531
43,4,0.6,0.3,optimal,4,5,4,0.0,4,6,4,0.0,4,13,0,1.6666666666666667,0.0010249614715576172,0.0020294189453125,0.0013244152069091797
44,4,0.6,0.3,optimal,4,5,4,0.0,4,6,4,0.0,4,13,0,2.3333333333333335,0.0015120506286621094,0.0030586719512939453,0.0010008811950683594
45,4,0.6,0.3,optimal,4,4,4,0.0,4,6,4,0.0,4,12,0,2.0,0.0020351409912109375,0.00299072265625,0.0
46,4,0.6,0.3,optimal,4,6,4,0.0,4,7,4,0.0,4,13,0,2.3333333333333335,0.0,0.002688884735107422,0.0
47,4,0.6,0.3,optimal,4,4,4,0.0,4,6,4,0.0,4,14,0,2.0,0.0009999275207519531,0.0019998550415039062,0.0010380744934082031
48,4,0.6,0.3,optimal,4,6,4,0.0,4,6,4,0.0,4,15,0,2.3333333333333335,0.0009949207305908203,0.001537322998046875,0.0
49,4,0.6,0.3,optimal,4,5,4,0.0,4,6,4,0.0,4,15,0,2.6666666666666665,0.0009942054748535156,0.00599980354309082,0.0010111331939697266
50,4,0.6,0.3,optimal,4,5,4,0.0,4,6,4,0.0,4,15,0,2.6666666666666665,0.0011050701141357422,0.0,0.0009984970092773438
51,4,0.6,0.3,optimal,4,5,4,0.0,4,5,4,0.0,4,12,0,1.6666666666666667,0.0014226436614990234,0.0,0.0010523796081542969
52,4,0.6,0.3,optimal,4,5,4,0.0,4,6,4,0.0,4,13,0,2.3333333333333335,0.0009963512420654297,0.0037202835083007812,0.0010058879852294922
53,4,0.6,0.3,optimal,4,6,4,0.0,4,7,4,0.0,4,15,0,3.0,0.0010061264038085938,0.0,0.0009992122650146484
54,4,0.6,0.3,optimal,4,4,4,0.0,4,7,4,0.0,4,13,0,2.0,0.0010001659393310547,0.003440380096435547,0.0015327930450439453
55,4,0.6,0.3,optimal,4,5,4,0.0,4,6,4,0.0,4,13,0,2.0,0.0009958744049072266,0.002001523971557617,0.0
56,4,0.6,0.3,optimal,4,6,4,0.0,4,7,4,0.0,4,12,0,1.3333333333333333,0.0013489723205566406,0.0009965896606445312,0.0
57,4,0.6,0.3,optimal,4,5,4,0.0,4,6,4,0.0,4,13,0,1.6666666666666667,0.002574920654296875,0.0022385120391845703,0.0013930797576904297
58,4,0.6,0.3,optimal,4,4,4,0.0,4,6,4,0.0,4,12,0,1.6666666666666667,0.0009927749633789062,0.002984762191772461,0.0011057853698730469
59,4,0.6,0.3,optimal,4,5,4,0.0,4,7,4,0.0,4,12,0,2.0,0.0009982585906982422,0.002997159957885742,0.0
60,4,0.6,0.3,optimal,4,4,4,0.0,4,7,4,0.0,4,13,0,2.0,0.0013747215270996094,0.007943868637084961,0.0
61,4,0.6,0.3,optimal,4,6,4,0.0,4,7,4,0.0,4,13,0,2.0,0.001995086669921875,0.0030045509338378906,0.0010061264038085938
62,4,0.6,0.3,optimal,4,6,4,0.0,4,7,4,0.0,4,15,0,2.6666666666666665,0.0006258487701416016,0.001007080078125,0.0009982585906982422
63,4,0.6,0.3,optimal,4,5,4,0.0,4,6,4,0.0,4,14,0,2.0,0.00809788703918457,0.003427267074584961,0.0010042190551757812
64,4,0.6,0.3,optimal,4,5,4,0.0,4,5,4,0.0,4,14,0,2.3333333333333335,0.0,0.0009951591491699219,0.0
65,4,0.6,0.3,optimal,4,7,4,0.0,4,7,4,0.0,4,13,0,2.0,0.0009975433349609375,0.0030035972595214844,0.0
66,4,0.6,0.3,optimal,4,4,4,0.0,4,4,4,0.0,4,12,0,1.3333333333333333,0.0009999275207519531,0.0,0.0
67,4,0.6,0.3,optimal,4,6,4,0.0,4,7,4,0.0,4,13,0,2.0,0.0,0.0,0.0009999275207519531
68,4,0.6,0.3,optimal,4,7,4,0.0,4,8,4,0.0,4,14,0,2.0,0.0010190010070800781,0.0015180110931396484,0.0
69,4,0.6,0.3,optimal,4,4,4,0.0,4,4,4,0.0,4,16,0,3.0,0.0,0.0009975433349609375,0.00406646728515625
70,4,0.6,0.3,optimal,4,6,4,0.0,4,7,4,0.0,4,12,0,1.6666666666666667,0.0,0.004019260406494141,0.0010137557983398438
71,4,0.6,0.3,optimal,4,4,4,0.0,4,7,4,0.0,4,15,0,2.3333333333333335,0.002011537551879883,0.0037200450897216797,0.0
72,4,0.6,0.3,optimal,4,5,4,0.0,4,6,4,0.0,4,16,0,2.6666666666666665,0.0013308525085449219,0.001997709274291992,0.0
73,4,0.6,0.3,optimal,4,5,4,0.0,4,5,4,0.0,4,12,0,1.6666666666666667,0.0025360584259033203,0.004011631011962891,0.0
74,4,0.6,0.3,optimal,4,7,4,0.0,4,8,4,0.0,4,13,0,2.3333333333333335,0.0,0.0009968280792236328,0.0010077953338623047
75,4,0.6,0.3,optimal,4,4,4,0.0,4,6,4,0.0,4,16,0,2.6666666666666665,0.0020537376403808594,0.0020334720611572266,0.004184246063232422
76,4,0.6,0.3,optimal,4,5,4,0.0,4,7,4,0.0,4,15,0,2.6666666666666665,0.0012493133544921875,0.004506349563598633,0.0010416507720947266
77,4,0.6,0.3,optimal,4,5,4,0.0,4,6,4,0.0,4,12,0,1.3333333333333333,0.0011932849884033203,0.0,0.0009975433349609375
78,4,0.6,0.3,optimal,4,5,4,0.0,4,6,4,0.0,4,12,0,1.6666666666666667,0.001880645751953125,0.0010080337524414062,0.0
79,4,0.6,0.3,optimal,4,4,4,0.0,4,6,4,0.0,4,15,0,2.3333333333333335,0.0010004043579101562,0.003008604049682617,0.0009968280792236328
80,4,0.6,0.3,optimal,4,6,4,0.0,4,6,4,0.0,4,13,0,2.0,0.001028299331665039,0.0010840892791748047,0.0010104179382324219
81,4,0.6,0.3,optimal,4,4,4,0.0,4,5,4,0.0,4,13,0,1.6666666666666667,0.000995635986328125,0.004973173141479492,0.0
82,4,0.6,0.3,optimal,4,6,4,0.0,4,7,4,0.0,4,12,0,1.6666666666666667,0.0013055801391601562,0.003984928131103516,0.0010139942169189453
83,4,0.6,0.3,optimal,4,6,4,0.0,4,6,4,0.0,4,14,0,2.0,0.0020186901092529297,0.0030062198638916016,0.0010323524475097656
84,4,0.6,0.3,optimal,4,7,4,0.0,4,7,4,0.0,4,11,1,1.3333333333333333,0.0009968280792236328,0.001008749008178711,0.0
85,4,0.6,0.3,optimal,4,7,4,0.0,4,7,4,0.0,4,14,0,2.3333333333333335,0.0020139217376708984,0.0030586719512939453,0.0
86,4,0.6,0.3,optimal,4,6,4,0.0,4,7,4,0.0,4,14,0,2.0,0.0,0.0009989738464355469,0.0009970664978027344
87,4,0.6,0.3,optimal,4,5,4,0.0,4,7,4,0.0,4,12,0,1.3333333333333333,0.0015413761138916016,0.0029997825622558594,0.0
88,4,0.6,0.3,optimal,4,7,4,0.0,4,8,4,0.0,4,14,0,2.3333333333333335,0.0010006427764892578,0.0,0.0
89,4,0.6,0.3,optimal,4,5,4,0.0,4,6,4,0.0,4,12,0,1.6666666666666667,0.0009930133819580078,0.0,0.0010037422180175781
90,4,0.6,0.3,optimal,4,6,4,0.0,4,7,4,0.0,4,12,0,1.3333333333333333,0.0010135173797607422,0.005998849868774414,0.0
91,4,0.6,0.3,optimal,4,6,4,0.0,4,8,4,0.0,4,13,0,2.0,0.002389192581176758,0.003385305404663086,0.0
92,4,0.6,0.3,optimal,4,4,4,0.0,4,6,4,0.0,4,14,0,2.0,0.0009958744049072266,0.002051115036010742,0.0036127567291259766
93,4,0.6,0.3,optimal,4,7,4,0.0,4,7,4,0.0,4,14,0,2.3333333333333335,0.0015506744384765625,0.0009899139404296875,0.0
94,4,0.6,0.3,optimal,4,6,4,0.0,4,7,4,0.0,4,13,0,1.6666666666666667,0.0019884109497070312,0.005586147308349609,0.0012738704681396484
95,4,0.6,0.3,optimal,4,4,4,0.0,4,6,4,0.0,4,14,0,2.0,0.0022270679473876953,0.0010023117065429688,0.0
96,4,0.6,0.3,optimal,4,8,4,0.0,4,8,4,0.0,4,14,0,2.0,0.0009999275207519531,0.0035049915313720703,0.0010001659393310547
97,4,0.6,0.3,optimal,4,4,4,0.0,4,6,4,0.0,4,12,1,1.3333333333333333,0.0,0.003017902374267578,0.0010013580322265625
98,4,0.6,0.3,optimal,4,4,4,0.0,4,5,4,0.0,4,13,0,1.6666666666666667,0.001003265380859375,0.0021255016326904297,0.0
99,4,0.6,0.3,optimal,4,5,4,0.0,4,5,4,0.0,4,13,0,1.6666666666666667,0.0,0.0009968280792236328,0.0
0,4,0.6,0.5,optimal,4,6,4,0.0,4,6,4,0.0,4,14,0,2.0,0.0005159378051757812,0.0,0.0
1,4,0.6,0.5,optimal,4,7,4,0.0,4,8,4,0.0,4,14,0,2.0,0.0024673938751220703,0.0030019283294677734,0.0010058879852294922
2,4,0.6,0.5,optimal,4,4,4,0.0,4,6,4,0.0,4,12,0,1.3333333333333333,0.0009989738464355469,0.006602287292480469,0.0022096633911132812
3,4,0.6,0.5,optimal,4,8,4,0.0,4,8,4,0.0,4,16,0,2.6666666666666665,0.0009913444519042969,0.0010080337524414062,0.0
4,4,0.6,0.5,optimal,4,6,4,0.0,4,8,4,0.0,4,14,0,2.0,0.002006053924560547,0.002993345260620117,0.0010077953338623047
5,4,0.6,0.5,optimal,4,5,4,0.0,4,7,4,0.0,4,14,0,2.0,0.0009891986846923828,0.0030024051666259766,0.0
6,4,0.6,0.5,optimal,4,4,4,0.0,4,5,4,0.0,4,14,0,2.0,0.0010018348693847656,0.003525257110595703,0.000995635986328125
7,4,0.6,0.5,optimal,4,7,4,0.0,4,7,4,0.0,4,15,0,2.3333333333333335,0.0019979476928710938,0.0045664310455322266,0.0
8,4,0.6,0.5,optimal,4,4,4,0.0,4,7,4,0.0,4,13,0,1.6666666666666667,0.002025604248046875,0.0032045841217041016,0.0
9,4,0.6,0.5,optimal,4,6,4,0.0,4,7,4,0.0,4,14,0,2.0,0.0015058517456054688,0.0021839141845703125,0.0009958744049072266
10,4,0.6,0.5,optimal,4,7,4,0.0,4,8,4,0.0,4,13,0,1.6666666666666667,0.001001596450805664,0.0010023117065429688,0.0009999275207519531
11,4,0.6,0.5,optimal,4,5,4,0.0,4,7,4,0.0,4,14,0,2.3333333333333335,0.0019986629486083984,0.0035419464111328125,0.0
12,4,0.6,0.5,optimal,4,7,4,0.0,4,7,4,0.0,4,14,0,2.0,0.0009944438934326172,0.0029985904693603516,0.0010046958923339844
13,4,0.6,0.5,optimal,4,8,4,0.0,4,8,4,0.0,4,13,0,2.0,0.0020155906677246094,0.0019981861114501953,0.0009999275207519531
14,4,0.6,0.5,optimal,4,6,4,0.0,4,8,4,0.0,4,14,0,2.0,0.0019893646240234375,0.002337217330932617,0.0009999275207519531
15,4,0.6,0.5,optimal,4,6,4,0.0,4,7,4,0.0,4,12,0,1.6666666666666667,0.0010001659393310547,0.002981901168823242,0.0015184879302978516
16,4,0.6,0.5,optimal,4,8,3,0.6666666666666666,4,9,3,0.6666666666666666,4,14,0,2.0,0.0,0.0010807514190673828,0.0012557506561279297
17,4,0.6,0.5,optimal,4,6,4,0.0,4,6,4,0.0,4,13,0,1.6666666666666667,0.0010917186737060547,0.0010154247283935547,0.0009961128234863281
18,4,0.6,0.5,optimal,4,10,3,0.6666666666666666,4,10,3,0.6666666666666666,4,13,0,1.6666666666666667,0.0010361671447753906,0.0015330314636230469,0.0011792182922363281
19,4,0.6,0.5,optimal,4,7,4,0.0,4,7,4,0.0,4,14,0,2.0,0.0020067691802978516,0.003542184829711914,0.0010883808135986328
20,4,0.6,0.5,optimal,4,6,4,0.0,4,7,4,0.0,4,14,0,2.3333333333333335,0.0009984970092773438,0.005080461502075195,0.0
21,4,0.6,0.5,optimal,4,6,4,0.0,4,7,4,0.0,4,14,0,2.0,0.0011327266693115234,0.0013229846954345703,0.001001119613647461
22,4,0.6,0.5,optimal,4,7,4,0.0,4,8,4,0.0,4,12,0,1.3333333333333333,0.0010004043579101562,0.005911111831665039,0.0
23,4,0.6,0.5,optimal,4,8,4,0.0,4,8,4,0.0,4,13,0,1.6666666666666667,0.0010023117065429688,0.0015289783477783203,0.000997304916381836
24,4,0.6,0.5,optimal,4,6,4,0.0,4,7,4,0.0,4,15,0,2.3333333333333335,0.0010013580322265625,0.0011570453643798828,0.000985860824584961
25,4,0.6,0.5,optimal,4,6,4,0.0,4,7,4,0.0,4,12,0,1.6666666666666667,0.0010044574737548828,0.0020236968994140625,0.0010018348693847656
26,4,0.6,0.5,optimal,4,5,4,0.0,4,5,4,0.0,4,14,0,2.0,0.0,0.003083467483520508,0.0
27,4,0.6,0.5,optimal,4,6,4,0.0,4,6,4,0.0,4,16,0,2.6666666666666665,0.000988006591796875,0.004851341247558594,0.0011210441589355469
28,4,0.6,0.5,optimal,4,6,4,0.0,4,7,4,0.0,4,15,0,2.3333333333333335,0.0019960403442382812,0.005446910858154297,0.0
29,4,0.6,0.5,optimal,4,7,3,0.6666666666666666,4,8,3,0.6666666666666666,4,12,0,1.3333333333333333,0.0010018348693847656,0.002956867218017578,0.0010075569152832031
30,4,0.6,0.5,optimal,4,6,4,0.0,4,7,4,0.0,4,14,0,2.3333333333333335,0.0009770393371582031,0.001111745834350586,0.0010290145874023438
31,4,0.6,0.5,optimal,4,6,4,0.0,4,7,4,0.0,4,15,0,2.6666666666666665,0.0010001659393310547,0.002023458480834961,0.0009999275207519531
32,4,0.6,0.5,optimal,4,5,4,0.0,4,7,4,0.0,4,13,0,2.3333333333333335,0.0009989738464355469,0.000997304916381836,0.0
33,4,0.6,0.5,optimal,4,5,4,0.0,4,5,4,0.0,4,16,0,2.6666666666666665,0.0010325908660888672,0.0013532638549804688,0.0014851093292236328
34,4,0.6,0.5,optimal,4,6,4,0.0,4,8,4,0.0,4,13,0,1.6666666666666667,0.0010094642639160156,0.0043849945068359375,0.0010831356048583984
35,4,0.6,0.5,optimal,4,6,4,0.0,4,6,4,0.0,4,16,0,2.6666666666666665,0.0009996891021728516,0.003601551055908203,0.001024007797241211
36,4,0.6,0.5,optimal,4,6,4,0.0,4,8,4,0.0,4,13,0,1.6666666666666667,0.0010042190551757812,0.008596658706665039,0.0
37,4,0.6,0.5,optimal,4,6,4,0.0,4,8,4,0.0,4,14,0,2.3333333333333335,0.0009942054748535156,0.0010156631469726562,0.001013040542602539
38,4,0.6,0.5,optimal,4,6,4,0.0,4,8,4,0.0,4,15,0,2.6666666666666665,0.0010018348693847656,0.0009982585906982422,0.0010004043579101562
39,4,0.6,0.5,optimal,4,6,4,0.0,4,7,4,0.0,4,12,0,1.6666666666666667,0.0010006427764892578,0.0,0.0009984970092773438
40,4,0.6,0.5,optimal,4,7,4,0.0,4,8,4,0.0,4,14,0,2.0,0.002154827117919922,0.001529693603515625,0.0009968280792236328
41,4,0.6,0.5,optimal,4,7,4,0.0,4,7,4,0.0,4,14,0,2.0,0.002577066421508789,0.0031092166900634766,0.000997304916381836
42,4,0.6,0.5,optimal,4,7,4,0.0,4,8,4,0.0,4,13,0,1.6666666666666667,0.001001119613647461,0.003000497817993164,0.0010101795196533203
43,4,0.6,0.5,optimal,4,6,4,0.0,4,6,4,0.0,4,13,0,1.6666666666666667,0.000997781753540039,0.002994537353515625,0.001007080078125
44,4,0.6,0.5,optimal,4,6,4,0.0,4,7,4,0.0,4,15,0,2.3333333333333335,0.0009999275207519531,0.003976345062255859,0.0009999275207519531
45,4,0.6,0.5,optimal,4,6,4,0.0,4,7,4,0.0,4,15,0,2.3333333333333335,0.0010039806365966797,0.008049964904785156,0.0009834766387939453
46,4,0.6,0.5,optimal,4,6,4,0.0,4,7,4,0.0,4,15,0,2.6666666666666665,0.0012347698211669922,0.002003908157348633,0.0009996891021728516
47,4,0.6,0.5,optimal,4,4,4,0.0,4,7,4,0.0,4,14,0,2.0,0.0025908946990966797,0.003168821334838867,0.0009963512420654297
48,4,0.6,0.5,optimal,4,6,4,0.0,4,6,4,0.0,4,15,0,2.3333333333333335,0.0009868144989013672,0.0,0.0015120506286621094
49,4,0.6,0.5,optimal,4,7,4,0.0,4,8,4,0.0,4,15,0,2.6666666666666665,0.0010063648223876953,0.0009958744049072266,0.0010211467742919922
50,4,0.6,0.5,optimal,4,5,4,0.0,4,6,4,0.0,4,15,0,2.3333333333333335,0.0009999275207519531,0.0,0.0
51,4,0.6,0.5,optimal,4,6,4,0.0,4,6,4,0.0,4,13,0,1.6666666666666667,0.0,0.0010001659393310547,0.0
52,4,0.6,0.5,optimal,4,5,4,0.0,4,6,4,0.0,4,14,0,2.3333333333333335,0.002000093460083008,0.00600123405456543,0.0009899139404296875
53,4,0.6,0.5,optimal,4,7,4,0.0,4,7,4,0.0,4,16,0,2.6666666666666665,0.0,0.0015366077423095703,0.0015239715576171875
54,4,0.6,0.5,optimal,4,5,4,0.0,4,8,4,0.0,4,14,0,2.0,0.0009996891021728516,0.0020194053649902344,0.0010008811950683594
55,4,0.6,0.5,optimal,4,6,4,0.0,4,7,4,0.0,4,13,0,2.0,0.001514434814453125,0.0030052661895751953,0.0
56,4,0.6,0.5,optimal,4,6,4,0.0,4,7,4,0.0,4,12,0,1.3333333333333333,0.00103759765625,0.0010001659393310547,0.0
57,4,0.6,0.5,optimal,4,6,4,0.0,4,8,4,0.0,4,14,0,2.0,0.0010225772857666016,0.0029828548431396484,0.0020482540130615234
58,4,0.6,0.5,optimal,4,6,4,0.0,4,7,4,0.0,4,13,0,1.6666666666666667,0.0009980201721191406,0.0030002593994140625,0.000997781753540039
59,4,0.6,0.5,optimal,4,6,4,0.0,4,8,4,0.0,4,13,0,2.0,0.0023844242095947266,0.0069124698638916016,0.0020165443420410156
60,4,0.6,0.5,optimal,4,7,4,0.0,4,8,4,0.0,4,14,0,2.0,0.001506805419921875,0.004021644592285156,0.0
61,4,0.6,0.5,optimal,4,8,4,0.0,4,8,4,0.0,4,14,0,2.3333333333333335,0.0013430118560791016,0.003000020980834961,0.0
62,4,0.6,0.5,optimal,4,7,4,0.0,4,8,4,0.0,4,16,0,2.6666666666666665,0.002002239227294922,0.0022690296173095703,0.0
63,4,0.6,0.5,optimal,4,6,4,0.0,4,7,4,0.0,4,15,0,2.3333333333333335,0.0035011768341064453,0.002995729446411133,0.0
64,4,0.6,0.5,optimal,4,5,4,0.0,4,5,4,0.0,4,15,0,2.3333333333333335,0.0014040470123291016,0.0010132789611816406,0.0
65,4,0.6,0.5,optimal,4,8,4,0.0,4,8,4,0.0,4,14,0,2.0,0.00099945068359375,0.0036613941192626953,0.0015168190002441406
66,4,0.6,0.5,optimal,4,5,4,0.0,4,5,4,0.0,4,12,0,1.6666666666666667,0.0010001659393310547,0.0,0.0
67,4,0.6,0.5,optimal,4,6,4,0.0,4,7,4,0.0,4,15,0,2.3333333333333335,0.00104522705078125,0.001012563705444336,0.0009891986846923828
68,4,0.6,0.5,optimal,4,8,4,0.0,4,8,4,0.0,4,14,0,2.0,0.0013861656188964844,0.0018990039825439453,0.0009918212890625
69,4,0.6,0.5,optimal,4,5,4,0.0,4,5,4,0.0,4,16,0,3.0,0.0,0.0,0.0035402774810791016
70,4,0.6,0.5,optimal,4,7,4,0.0,4,7,4,0.0,4,12,0,1.6666666666666667,0.008069992065429688,0.003145933151245117,0.0
71,4,0.6,0.5,optimal,4,6,4,0.0,4,7,4,0.0,4,15,0,2.3333333333333335,0.0039708614349365234,0.006265878677368164,0.0
72,4,0.6,0.5,optimal,4,5,4,0.0,4,7,4,0.0,4,16,0,2.6666666666666665,0.0009975433349609375,0.0015120506286621094,0.0010004043579101562
73,4,0.6,0.5,optimal,4,6,4,0.0,4,6,4,0.0,4,12,0,1.6666666666666667,0.001001119613647461,0.0038423538208007812,0.0015075206756591797
74,4,0.6,0.5,optimal,4,7,4,0.0,4,8,4,0.0,4,14,0,2.0,0.0,0.0009965896606445312,0.0009999275207519531
75,4,0.6,0.5,optimal,4,4,4,0.0,4,6,4,0.0,4,16,0,2.6666666666666665,0.003008604049682617,0.003011465072631836,0.004573345184326172
76,4,0.6,0.5,optimal,4,5,4,0.0,4,7,4,0.0,4,15,0,2.6666666666666665,0.0009949207305908203,0.002996683120727539,0.0010027885437011719
77,4,0.6,0.5,optimal,4,6,4,0.0,4,7,4,0.0,4,13,0,2.0,0.0015270709991455078,0.0,0.0009877681732177734
78,4,0.6,0.5,optimal,4,6,4,0.0,4,7,4,0.0,4,12,0,1.3333333333333333,0.0010371208190917969,0.0,0.0
79,4,0.6,0.5,optimal,4,5,4,0.0,4,7,4,0.0,4,15,0,2.3333333333333335,0.0019948482513427734,0.0029969215393066406,0.001010894775390625
80,4,0.6,0.5,optimal,4,6,4,0.0,4,7,4,0.0,4,13,0,2.0,0.000997781753540039,0.003016948699951172,0.0009992122650146484
81,4,0.6,0.5,optimal,4,4,4,0.0,4,7,4,0.0,4,13,0,1.6666666666666667,0.0009949207305908203,0.0020194053649902344,0.0010249614715576172
82,4,0.6,0.5,optimal,4,6,4,0.0,4,7,4,0.0,4,13,0,1.6666666666666667,0.0010340213775634766,0.001991748809814453,0.0
83,4,0.6,0.5,optimal,4,7,4,0.0,4,8,4,0.0,4,14,0,2.3333333333333335,0.0020020008087158203,0.00099945068359375,0.0
84,4,0.6,0.5,optimal,4,7,4,0.0,4,8,4,0.0,4,12,1,1.3333333333333333,0.0020020008087158203,0.001998424530029297,0.0
85,4,0.6,0.5,optimal,4,7,4,0.0,4,8,4,0.0,4,15,0,2.3333333333333335,0.0009996891021728516,0.002012491226196289,0.0009984970092773438
86,4,0.6,0.5,optimal,4,6,4,0.0,4,7,4,0.0,4,14,0,2.0,0.000997781753540039,0.0010085105895996094,0.002018451690673828
87,4,0.6,0.5,optimal,4,7,4,0.0,4,8,4,0.0,4,12,0,1.3333333333333333,0.002378702163696289,0.003206014633178711,0.0
88,4,0.6,0.5,optimal,4,7,4,0.0,4,8,4,0.0,4,14,0,2.3333333333333335,0.0,0.0009982585906982422,0.0
89,4,0.6,0.5,optimal,4,5,4,0.0,4,6,4,0.0,4,13,0,1.6666666666666667,0.0,0.0020055770874023438,0.0
90,4,0.6,0.5,optimal,4,6,4,0.0,4,8,4,0.0,4,12,0,1.3333333333333333,0.000997781753540039,0.0029838085174560547,0.0010073184967041016
91,4,0.6,0.5,optimal,4,6,4,0.0,4,8,4,0.0,4,15,0,2.3333333333333335,0.0009949207305908203,0.0025272369384765625,0.0014982223510742188
92,4,0.6,0.5,optimal,4,5,4,0.0,4,7,4,0.0,4,14,0,2.0,0.0009951591491699219,0.0009999275207519531,0.0010020732879638672
93,4,0.6,0.5,optimal,4,8,4,0.0,4,8,4,0.0,4,15,0,2.3333333333333335,0.0009992122650146484,0.0014491081237792969,0.0010178089141845703
94,4,0.6,0.5,optimal,4,7,4,0.0,4,8,4,0.0,4,14,0,2.0,0.001535654067993164,0.004017829895019531,0.0
95,4,0.6,0.5,optimal,4,5,4,0.0,4,7,4,0.0,4,14,0,2.0,0.001997709274291992,0.0009982585906982422,0.0012011528015136719
96,4,0.6,0.5,optimal,4,8,4,0.0,4,8,4,0.0,4,14,0,2.0,0.0,0.0025665760040283203,0.0010006427764892578
97,4,0.6,0.5,optimal,4,5,4,0.0,4,7,4,0.0,4,13,0,1.6666666666666667,0.0009946823120117188,0.002996206283569336,0.0010137557983398438
98,4,0.6,0.5,optimal,4,5,4,0.0,4,6,4,0.0,4,13,0,1.6666666666666667,0.0010004043579101562,0.0015101432800292969,0.0
99,4,0.6,0.5,optimal,4,6,4,0.0,4,6,4,0.0,4,13,0,1.6666666666666667,0.0009961128234863281,0.0,0.0009996891021728516
0,4,0.6,0.7,optimal,4,8,4,0.0,4,8,4,0.0,4,14,0,2.0,0.0,0.0,0.0
1,4,0.6,0.7,optimal,4,7,4,0.0,4,8,4,0.0,4,14,0,2.0,0.0009989738464355469,0.002972841262817383,0.001009225845336914
2,4,0.6,0.7,optimal,4,7,4,0.0,4,7,4,0.0,4,12,0,1.3333333333333333,0.0010001659393310547,0.001979827880859375,0.0010225772857666016
3,4,0.6,0.7,optimal,4,8,4,0.0,4,8,4,0.0,4,16,0,2.6666666666666665,0.0009946823120117188,0.0,0.0010159015655517578
4,4,0.6,0.7,optimal,4,7,4,0.0,4,8,4,0.0,4,14,0,2.0,0.0009992122650146484,0.0030045509338378906,0.0
5,4,0.6,0.7,optimal,4,5,4,0.0,4,8,4,0.0,4,14,0,2.0,0.001984119415283203,0.0031685829162597656,0.0010018348693847656
6,4,0.6,0.7,optimal,4,8,4,0.0,4,8,4,0.0,4,15,0,2.3333333333333335,0.00099945068359375,0.0,0.001033782958984375
7,4,0.6,0.7,optimal,4,7,4,0.0,4,8,4,0.0,4,15,0,2.3333333333333335,0.001982450485229492,0.004040956497192383,0.0010006427764892578
8,4,0.6,0.7,optimal,4,5,4,0.0,4,8,4,0.0,4,13,0,1.6666666666666667,0.0017986297607421875,0.002978086471557617,0.0
9,4,0.6,0.7,optimal,4,7,4,0.0,4,8,4,0.0,4,14,0,2.0,0.0009992122650146484,0.0035011768341064453,0.0
10,4,0.6,0.7,optimal,4,8,4,0.0,4,8,4,0.0,4,13,0,1.6666666666666667,0.0009930133819580078,0.004024982452392578,0.0010766983032226562
11,4,0.6,0.7,optimal,4,7,4,0.0,4,8,4,0.0,4,14,0,2.0,0.0015063285827636719,0.003002166748046875,0.0
12,4,0.6,0.7,optimal,4,8,4,0.0,4,8,4,0.0,4,14,0,2.0,0.0028781890869140625,0.01746058464050293,0.0040094852447509766
13,4,0.6,0.7,optimal,4,8,4,0.0,4,8,4,0.0,4,14,0,2.0,0.0009829998016357422,0.004793643951416016,0.0010180473327636719
14,4,0.6,0.7,optimal,4,7,4,0.0,4,8,4,0.0,4,14,0,2.0,0.0019903182983398438,0.0030014514923095703,0.0
15,4,0.6,0.7,optimal,4,7,4,0.0,4,7,4,0.0,4,14,0,2.0,0.0010061264038085938,0.0,0.0012345314025878906
16,4,0.6,0.7,optimal,4,9,3,0.6666666666666666,4,9,3,0.6666666666666666,4,14,0,2.3333333333333335,0.0015072822570800781,0.0,0.0
17,4,0.6,0.7,optimal,4,7,4,0.0,4,8,4,0.0,4,13,0,1.6666666666666667,0.0026543140411376953,0.005529880523681641,0.002486705780029297
18,4,0.6,0.7,optimal,4,10,3,0.6666666666666666,4,10,3,0.6666666666666666,4,13,0,1.6666666666666667,0.0,0.0009984970092773438,0.0005064010620117188
19,4,0.6,0.7,optimal,4,7,4,0.0,4,8,4,0.0,4,14,0,2.0,0.002055644989013672,0.002515554428100586,0.0
20,4,0.6,0.7,optimal,4,7,4,0.0,4,8,4,0.0,4,15,0,2.3333333333333335,0.0019903182983398438,0.004547119140625,0.0
21,4,0.6,0.7,optimal,4,6,4,0.0,4,7,4,0.0,4,14,0,2.0,0.0009891986846923828,0.0019822120666503906,0.0005168914794921875
22,4,0.6,0.7,optimal,4,7,4,0.0,4,8,4,0.0,4,12,0,1.3333333333333333,0.0,0.00457000732421875,0.0009975433349609375
23,4,0.6,0.7,optimal,4,8,4,0.0,4,8,4,0.0,4,13,0,1.6666666666666667,0.0009975433349609375,0.0010037422180175781,0.0
24,4,0.6,0.7,optimal,4,7,4,0.0,4,8,4,0.0,4,15,0,2.3333333333333335,0.0010101795196533203,0.001012563705444336,0.0
25,4,0.6,0.7,optimal,4,7,4,0.0,4,8,4,0.0,4,13,0,1.6666666666666667,0.0009677410125732422,0.0029921531677246094,0.0010368824005126953
26,4,0.6,0.7,optimal,4,6,4,0.0,4,6,4,0.0,4,14,0,2.0,0.0019922256469726562,0.004732370376586914,0.0009968280792236328
27,4,0.6,0.7,optimal,4,6,4,0.0,4,6,4,0.0,4,16,0,2.6666666666666665,0.001009225845336914,0.004002094268798828,0.0010001659393310547
28,4,0.6,0.7,optimal,4,7,4,0.0,4,7,4,0.0,4,16,0,2.6666666666666665,0.0009999275207519531,0.001001596450805664,0.0015056133270263672
29,4,0.6,0.7,optimal,4,7,3,0.6666666666666666,4,8,3,0.6666666666666666,4,12,0,1.3333333333333333,0.0009942054748535156,0.0,0.001001119613647461
30,4,0.6,0.7,optimal,4,7,4,0.0,4,7,4,0.0,4,15,0,2.3333333333333335,0.0010006427764892578,0.0,0.0
31,4,0.6,0.7,optimal,4,7,4,0.0,4,8,4,0.0,4,17,0,3.0,0.0,0.0009953975677490234,0.0
32,4,0.6,0.7,optimal,4,8,4,0.0,4,8,4,0.0,4,14,0,2.3333333333333335,0.0020003318786621094,0.0010004043579101562,0.00103759765625
33,4,0.6,0.7,optimal,4,6,4,0.0,4,6,4,0.0,4,16,0,2.6666666666666665,0.0,0.0,0.0
34,4,0.6,0.7,optimal,4,6,4,0.0,4,8,4,0.0,4,13,0,1.6666666666666667,0.0010111331939697266,0.0020017623901367188,0.002155780792236328
35,4,0.6,0.7,optimal,4,8,4,0.0,4,8,4,0.0,4,16,0,2.6666666666666665,0.0009992122650146484,0.007956504821777344,0.0
36,4,0.6,0.7,optimal,4,8,4,0.0,4,8,4,0.0,4,15,0,2.3333333333333335,0.0015416145324707031,0.001001119613647461,0.0
37,4,0.6,0.7,optimal,4,6,4,0.0,4,8,4,0.0,4,14,0,2.0,0.0,0.0009989738464355469,0.0
38,4,0.6,0.7,optimal,4,7,4,0.0,4,8,4,0.0,4,15,0,2.6666666666666665,0.004404306411743164,0.0020210742950439453,0.0
39,4,0.6,0.7,optimal,4,7,4,0.0,4,8,4,0.0,4,12,0,1.6666666666666667,0.0015091896057128906,0.0,0.0
40,4,0.6,0.7,optimal,4,8,4,0.0,4,8,4,0.0,4,14,0,2.0,0.003991603851318359,0.0015175342559814453,0.001007080078125
41,4,0.6,0.7,optimal,4,8,4,0.0,4,8,4,0.0,4,15,0,2.3333333333333335,0.001997709274291992,0.0029861927032470703,0.0010039806365966797
42,4,0.6,0.7,optimal,4,7,4,0.0,4,8,4,0.0,4,13,0,1.6666666666666667,0.0009965896606445312,0.002521991729736328,0.0010006427764892578
43,4,0.6,0.7,optimal,4,7,4,0.0,4,8,4,0.0,4,13,0,1.6666666666666667,0.0010194778442382812,0.0016794204711914062,0.0
44,4,0.6,0.7,optimal,4,7,4,0.0,4,8,4,0.0,4,16,0,2.6666666666666665,0.0030243396759033203,0.004786968231201172,0.0009951591491699219
45,4,0.6,0.7,optimal,4,6,4,0.0,4,8,4,0.0,4,15,0,2.3333333333333335,0.0010061264038085938,0.004990339279174805,0.0
46,4,0.6,0.7,optimal,4,6,4,0.0,4,8,4,0.0,4,16,0,2.6666666666666665,0.0010044574737548828,0.0019965171813964844,0.001010894775390625
47,4,0.6,0.7,optimal,4,6,4,0.0,4,7,4,0.0,4,15,0,2.3333333333333335,0.0020041465759277344,0.0009999275207519531,0.0009849071502685547
48,4,0.6,0.7,optimal,4,7,4,0.0,4,7,4,0.0,4,15,0,2.3333333333333335,0.000993490219116211,0.0,0.0
49,4,0.6,0.7,optimal,4,8,4,0.0,4,8,4,0.0,4,15,0,2.6666666666666665,0.0,0.0,0.0009999275207519531
50,4,0.6,0.7,optimal,4,6,4,0.0,4,7,4,0.0,4,16,0,2.6666666666666665,0.000995635986328125,0.0025403499603271484,0.0010232925415039062
51,4,0.6,0.7,optimal,4,7,4,0.0,4,7,4,0.0,4,13,0,1.6666666666666667,0.0,0.0009992122650146484,0.000997781753540039
52,4,0.6,0.7,optimal,4,7,4,0.0,4,8,4,0.0,4,15,0,2.3333333333333335,0.0010352134704589844,0.003980159759521484,0.0009937286376953125
53,4,0.6,0.7,optimal,4,8,4,0.0,4,8,4,0.0,4,17,0,3.0,0.001024484634399414,0.001024484634399414,0.0010104179382324219
54,4,0.6,0.7,optimal,4,7,4,0.0,4,8,4,0.0,4,14,0,2.0,0.0009865760803222656,0.003013134002685547,0.0
55,4,0.6,0.7,optimal,4,7,4,0.0,4,7,4,0.0,4,13,0,2.0,0.0,0.0030078887939453125,0.002959012985229492
56,4,0.6,0.7,optimal,4,6,4,0.0,4,7,4,0.0,4,14,0,2.0,0.0,0.007982254028320312,0.0005033016204833984
57,4,0.6,0.7,optimal,4,6,4,0.0,4,8,4,0.0,4,14,0,2.0,0.006611824035644531,0.0035779476165771484,0.0009884834289550781
58,4,0.6,0.7,optimal,4,7,4,0.0,4,8,4,0.0,4,14,0,2.0,0.0010082721710205078,0.002004384994506836,0.0009958744049072266
59,4,0.6,0.7,optimal,4,8,4,0.0,4,8,4,0.0,4,13,0,2.0,0.0010001659393310547,0.002981424331665039,0.0011754035949707031
60,4,0.6,0.7,optimal,4,7,4,0.0,4,8,4,0.0,4,14,0,2.0,0.0009968280792236328,0.0010004043579101562,0.0019991397857666016
61,4,0.6,0.7,optimal,4,8,4,0.0,4,8,4,0.0,4,15,0,2.3333333333333335,0.0009996891021728516,0.0035109519958496094,0.00098419189453125
62,4,0.6,0.7,optimal,4,7,4,0.0,4,8,4,0.0,4,16,0,2.6666666666666665,0.0009918212890625,0.0015079975128173828,0.0
63,4,0.6,0.7,optimal,4,8,4,0.0,4,8,4,0.0,4,15,0,2.3333333333333335,0.001516580581665039,0.003005504608154297,0.000997781753540039
64,4,0.6,0.7,optimal,4,6,4,0.0,4,6,4,0.0,4,15,0,2.3333333333333335,0.0010082721710205078,0.0005056858062744141,0.0
65,4,0.6,0.7,optimal,4,8,4,0.0,4,8,4,0.0,4,14,0,2.0,0.0009996891021728516,0.0009968280792236328,0.0
66,4,0.6,0.7,optimal,4,5,4,0.0,4,5,4,0.0,4,12,0,1.6666666666666667,0.0,0.000997304916381836,0.0010066032409667969
67,4,0.6,0.7,optimal,4,6,4,0.0,4,7,4,0.0,4,15,0,2.3333333333333335,0.0,0.0013649463653564453,0.0005075931549072266
68,4,0.6,0.7,optimal,4,8,4,0.0,4,8,4,0.0,4,14,0,2.0,0.0010955333709716797,0.0009949207305908203,0.0
69,4,0.6,0.7,optimal,4,7,4,0.0,4,7,4,0.0,4,17,0,3.0,0.0,0.0010290145874023438,0.003003835678100586
70,4,0.6,0.7,optimal,4,8,4,0.0,4,8,4,0.0,4,12,0,1.6666666666666667,0.0009899139404296875,0.0,0.0
71,4,0.6,0.7,optimal,4,6,4,0.0,4,8,4,0.0,4,16,0,2.6666666666666665,0.0037336349487304688,0.00525665283203125,0.0020017623901367188
72,4,0.6,0.7,optimal,4,7,4,0.0,4,8,4,0.0,4,16,0,2.6666666666666665,0.0009987354278564453,0.005235433578491211,0.0011565685272216797
73,4,0.6,0.7,optimal,4,6,4,0.0,4,7,4,0.0,4,12,0,1.6666666666666667,0.0015044212341308594,0.0040073394775390625,0.001317739486694336
74,4,0.6,0.7,optimal,4,8,4,0.0,4,8,4,0.0,4,15,0,2.3333333333333335,0.0,0.0,0.0
75,4,0.6,0.7,optimal,4,6,4,0.0,4,7,4,0.0,4,16,0,2.6666666666666665,0.0019960403442382812,0.0010001659393310547,0.002996206283569336
76,4,0.6,0.7,optimal,4,7,4,0.0,4,8,4,0.0,4,15,0,2.6666666666666665,0.0025904178619384766,0.006363630294799805,0.001100301742553711
77,4,0.6,0.7,optimal,4,8,4,0.0,4,8,4,0.0,4,14,0,2.0,0.001035451889038086,0.0,0.0
78,4,0.6,0.7,optimal,4,8,4,0.0,4,8,4,0.0,4,13,0,1.6666666666666667,0.0009996891021728516,0.0,0.0
79,4,0.6,0.7,optimal,4,5,4,0.0,4,7,4,0.0,4,15,0,2.3333333333333335,0.0012698173522949219,0.004390716552734375,0.0010077953338623047
80,4,0.6,0.7,optimal,4,7,4,0.0,4,8,4,0.0,4,14,0,2.0,0.0,0.0010325908660888672,0.0009999275207519531
81,4,0.6,0.7,optimal,4,6,4,0.0,4,8,4,0.0,4,13,0,1.6666666666666667,0.0010085105895996094,0.0030002593994140625,0.001008749008178711
82,4,0.6,0.7,optimal,4,8,4,0.0,4,8,4,0.0,4,13,0,1.6666666666666667,0.002024412155151367,0.0019989013671875,0.0010006427764892578
83,4,0.6,0.7,optimal,4,7,4,0.0,4,8,4,0.0,4,14,0,2.3333333333333335,0.0010221004486083984,0.0029892921447753906,0.001008749008178711
84,4,0.6,0.7,optimal,4,7,4,0.0,4,8,4,0.0,4,13,1,1.6666666666666667,0.0019774436950683594,0.0013718605041503906,0.0010344982147216797
85,4,0.6,0.7,optimal,4,8,4,0.0,4,8,4,0.0,4,16,0,2.6666666666666665,0.0010008811950683594,0.0029993057250976562,0.0
86,4,0.6,0.7,optimal,4,7,4,0.0,4,8,4,0.0,4,14,0,2.0,0.00099945068359375,0.0018253326416015625,0.0
87,4,0.6,0.7,optimal,4,7,4,0.0,4,8,4,0.0,4,12,0,1.3333333333333333,0.002004384994506836,0.002991914749145508,0.0
88,4,0.6,0.7,optimal,4,7,4,0.0,4,8,4,0.0,4,15,0,2.3333333333333335,0.0009872913360595703,0.0,0.0
89,4,0.6,0.7,optimal,4,7,4,0.0,4,8,4,0.0,4,13,0,1.6666666666666667,0.0009999275207519531,0.002924680709838867,0.001020193099975586
90,4,0.6,0.7,optimal,4,6,4,0.0,4,8,4,0.0,4,12,0,1.3333333333333333,0.0009996891021728516,0.0015151500701904297,0.0010154247283935547
91,4,0.6,0.7,optimal,4,6,4,0.0,4,8,4,0.0,4,15,0,2.3333333333333335,0.0010051727294921875,0.0049746036529541016,0.0011529922485351562
92,4,0.6,0.7,optimal,4,6,4,0.0,4,7,4,0.0,4,14,0,2.0,0.001537322998046875,0.0010619163513183594,0.0
93,4,0.6,0.7,optimal,4,8,4,0.0,4,8,4,0.0,4,16,0,2.6666666666666665,0.0009992122650146484,0.001995086669921875,0.0
94,4,0.6,0.7,optimal,4,7,4,0.0,4,8,4,0.0,4,15,0,2.3333333333333335,0.000993967056274414,0.00398707389831543,0.0010204315185546875
95,4,0.6,0.7,optimal,4,7,4,0.0,4,8,4,0.0,4,14,0,2.3333333333333335,0.0,0.0009975433349609375,0.0
96,4,0.6,0.7,optimal,4,8,4,0.0,4,8,4,0.0,4,14,0,2.0,0.0019860267639160156,0.003664255142211914,0.0009987354278564453
97,4,0.6,0.7,optimal,4,6,4,0.0,4,7,4,0.0,4,13,0,1.6666666666666667,0.0009975433349609375,0.0009982585906982422,0.0010139942169189453
98,4,0.6,0.7,optimal,4,5,4,0.0,4,6,4,0.0,4,13,0,1.6666666666666667,0.001024484634399414,0.0005125999450683594,0.000995635986328125
99,4,0.6,0.7,optimal,4,6,4,0.0,4,7,4,0.0,4,13,0,1.6666666666666667,0.0,0.00099945068359375,0.0009999275207519531
0,7,0.3,0.3,optimal,7,12,5,1.3333333333333333,7,13,5,1.3333333333333333,7,20,0,3.0,0.0005066394805908203,0.001016855239868164,0.0009958744049072266
1,7,0.3,0.3,optimal,7,13,5,1.0,7,13,5,1.0,7,21,0,3.0,0.0035223960876464844,0.0010018348693847656,0.0009930133819580078
2,7,0.3,0.3,optimal,7,10,5,0.6666666666666666,7,10,5,0.6666666666666666,7,17,0,1.6666666666666667,0.0009958744049072266,0.0009982585906982422,0.0009992122650146484
3,7,0.3,0.3,optimal,7,14,5,1.3333333333333333,7,14,5,1.3333333333333333,7,24,0,3.6666666666666665,0.0010118484497070312,0.0009989738464355469,0.0010001659393310547
4,7,0.3,0.3,optimal,7,12,5,1.3333333333333333,7,14,5,1.3333333333333333,7,21,0,3.0,0.0035283565521240234,0.001997232437133789,0.0009996891021728516
5,7,0.3,0.3,optimal,7,12,4,1.3333333333333333,7,14,4,1.3333333333333333,7,20,0,3.0,0.0,0.000997304916381836,0.0015101432800292969
6,7,0.3,0.3,optimal,7,13,5,1.3333333333333333,7,13,5,1.3333333333333333,7,21,0,3.0,0.0010013580322265625,0.008728981018066406,0.0
7,7,0.3,0.3,optimal,7,12,5,1.3333333333333333,7,12,5,1.3333333333333333,7,21,0,3.3333333333333335,0.010827779769897461,0.0020444393157958984,0.0
8,7,0.3,0.3,optimal,7,11,5,0.6666666666666666,7,12,5,0.6666666666666666,7,21,0,2.6666666666666665,0.0009980201721191406,0.0009968280792236328,0.0010004043579101562
9,7,0.3,0.3,optimal,7,11,5,1.3333333333333333,7,12,5,1.0,7,20,0,2.3333333333333335,0.002996206283569336,0.0025153160095214844,0.0
10,7,0.3,0.3,optimal,7,13,4,1.3333333333333333,7,14,4,1.3333333333333333,7,17,1,1.6666666666666667,0.0010101795196533203,0.0020029544830322266,0.0
11,7,0.3,0.3,optimal,7,16,4,1.6666666666666667,7,17,4,1.6666666666666667,7,20,1,3.0,0.002553224563598633,0.002398252487182617,0.0010650157928466797
12,7,0.3,0.3,optimal,7,11,5,0.6666666666666666,7,12,5,0.6666666666666666,7,19,0,2.6666666666666665,0.000995635986328125,0.003001689910888672,0.0010848045349121094
13,7,0.3,0.3,optimal,7,13,4,1.3333333333333333,7,14,4,1.3333333333333333,7,20,0,2.3333333333333335,0.0010001659393310547,0.0015070438385009766,0.0
14,7,0.3,0.3,optimal,7,14,5,1.3333333333333333,7,15,5,1.3333333333333333,7,21,0,2.3333333333333335,0.0031692981719970703,0.004383087158203125,0.0
15,7,0.3,0.3,optimal,7,14,4,1.6666666666666667,7,16,4,1.3333333333333333,7,21,0,2.6666666666666665,0.0,0.0,0.0
16,7,0.3,0.3,optimal,7,12,5,1.3333333333333333,7,12,5,1.3333333333333333,7,21,0,3.3333333333333335,0.0,0.0010223388671875,0.0
17,7,0.3,0.3,optimal,7,12,5,0.6666666666666666,7,12,5,0.6666666666666666,7,20,0,2.3333333333333335,0.0,0.0015108585357666016,0.001018524169921875
18,7,0.3,0.3,optimal,7,12,5,1.0,7,12,5,1.0,7,20,0,2.6666666666666665,0.0,0.0003027915954589844,0.0
19,7,0.3,0.3,optimal,7,12,5,1.0,7,13,5,1.0,7,19,0,2.3333333333333335,0.0,0.0025415420532226562,0.0
20,7,0.3,0.3,optimal,7,12,5,1.0,7,14,5,1.0,7,22,0,3.0,0.0010137557983398438,0.0020046234130859375,0.0
21,7,0.3,0.3,optimal,7,12,5,1.3333333333333333,7,12,5,1.3333333333333333,7,22,0,3.0,0.0,0.0009987354278564453,0.001995563507080078
22,7,0.3,0.3,optimal,7,11,4,1.0,7,14,4,1.0,7,20,0,2.3333333333333335,0.0009999275207519531,0.0010001659393310547,0.0
23,7,0.3,0.3,optimal,7,13,5,1.0,7,14,5,1.0,7,21,0,3.0,0.0009970664978027344,0.0028228759765625,0.0
24,7,0.3,0.3,optimal,7,12,4,1.3333333333333333,7,15,4,1.3333333333333333,7,22,0,3.3333333333333335,0.0010001659393310547,0.0,0.0010137557983398438
25,7,0.3,0.3,optimal,7,10,5,0.6666666666666666,7,11,5,0.6666666666666666,7,20,0,2.3333333333333335,0.001020193099975586,0.0,0.0009996891021728516
26,7,0.3,0.3,optimal,7,11,5,1.3333333333333333,7,12,5,1.3333333333333333,7,20,0,2.6666666666666665,0.0035376548767089844,0.0019974708557128906,0.0009927749633789062
27,7,0.3,0.3,optimal,7,12,5,1.0,7,13,5,1.0,7,21,0,3.6666666666666665,0.0,0.0009989738464355469,0.0009958744049072266
28,7,0.3,0.3,optimal,7,13,5,1.6666666666666667,7,15,5,1.6666666666666667,7,21,0,3.0,0.003016233444213867,0.005099058151245117,0.0
29,7,0.3,0.3,optimal,7,13,5,1.0,7,15,5,1.0,7,20,1,2.0,0.0,0.005309343338012695,0.0010113716125488281
30,7,0.3,0.3,optimal,7,11,5,1.3333333333333333,7,13,5,1.3333333333333333,7,23,0,3.3333333333333335,0.004269123077392578,0.005539894104003906,0.0
31,7,0.3,0.3,optimal,7,15,5,1.6666666666666667,7,15,5,1.6666666666666667,7,22,0,3.3333333333333335,0.0010061264038085938,0.0,0.0010075569152832031
32,7,0.3,0.3,optimal,7,12,5,1.3333333333333333,7,12,5,1.3333333333333333,7,19,0,2.6666666666666665,0.002514362335205078,0.0038406848907470703,0.0005037784576416016
33,7,0.3,0.3,optimal,7,13,5,1.3333333333333333,7,13,5,1.3333333333333333,7,21,1,3.0,0.0010936260223388672,0.002518892288208008,0.0009970664978027344
34,7,0.3,0.3,optimal,7,13,4,1.3333333333333333,7,14,4,1.3333333333333333,7,20,0,2.3333333333333335,0.0009987354278564453,0.0020029544830322266,0.0
35,7,0.3,0.3,optimal,7,11,5,1.0,7,11,5,1.0,7,21,0,3.3333333333333335,0.0,0.0,0.0010120868682861328
36,7,0.3,0.3,optimal,7,16,4,1.6666666666666667,7,16,4,1.6666666666666667,7,20,1,2.6666666666666665,0.0010001659393310547,0.0,0.0011029243469238281
37,7,0.3,0.3,optimal,7,15,5,1.3333333333333333,7,17,5,1.3333333333333333,7,19,1,3.0,0.004017829895019531,0.002996206283569336,0.0005059242248535156
38,7,0.3,0.3,optimal,7,16,4,2.0,7,18,4,2.0,7,22,0,3.0,0.0010085105895996094,0.002002239227294922,0.0
39,7,0.3,0.3,optimal,7,14,4,1.0,7,15,4,1.0,7,20,1,2.3333333333333335,0.0010137557983398438,0.0012612342834472656,0.0
40,7,0.3,0.3,optimal,7,13,5,1.0,7,13,5,1.0,7,20,0,2.6666666666666665,0.0,0.000997304916381836,0.0
41,7,0.3,0.3,optimal,7,13,5,1.3333333333333333,7,14,5,1.3333333333333333,7,21,0,3.0,0.010556936264038086,0.007481098175048828,0.0010051727294921875
42,7,0.3,0.3,optimal,7,12,5,1.0,7,13,5,1.0,7,20,0,2.3333333333333335,0.0,0.0020313262939453125,0.0015184879302978516
43,7,0.3,0.3,optimal,7,11,4,1.0,7,13,4,1.0,7,17,0,1.6666666666666667,0.0015065670013427734,0.0019960403442382812,0.0
44,7,0.3,0.3,optimal,7,13,5,1.3333333333333333,7,13,5,1.3333333333333333,7,19,0,3.0,0.0024864673614501953,0.003003835678100586,0.0010235309600830078
45,7,0.3,0.3,optimal,7,14,4,2.0,7,15,4,2.0,7,22,1,3.0,0.0009942054748535156,0.0035402774810791016,0.0029859542846679688
46,7,0.3,0.3,optimal,7,13,5,1.3333333333333333,7,14,5,1.3333333333333333,7,21,0,3.6666666666666665,0.0035610198974609375,0.0045163631439208984,0.0010068416595458984
47,7,0.3,0.3,optimal,7,13,5,1.0,7,13,5,1.0,7,22,0,3.3333333333333335,0.003512144088745117,0.003164052963256836,0.001245260238647461
48,7,0.3,0.3,optimal,7,15,5,1.3333333333333333,7,16,5,1.0,7,21,1,3.0,0.0009963512420654297,0.0,0.0
49,7,0.3,0.3,optimal,7,15,5,1.6666666666666667,7,15,5,1.6666666666666667,7,23,0,3.6666666666666665,0.0,0.0020318031311035156,0.0009961128234863281
50,7,0.3,0.3,optimal,7,12,5,1.3333333333333333,7,13,5,1.3333333333333333,7,23,0,3.6666666666666665,0.0009996891021728516,0.0,0.0
51,7,0.3,0.3,optimal,7,11,5,1.0,7,12,5,1.0,7,18,0,2.3333333333333335,0.004532814025878906,0.0020074844360351562,0.0
52,7,0.3,0.3,optimal,7,11,5,0.6666666666666666,7,12,5,0.6666666666666666,7,19,1,2.6666666666666665,0.0032448768615722656,0.003088712692260742,0.0009832382202148438
53,7,0.3,0.3,optimal,7,16,5,1.6666666666666667,7,16,5,1.6666666666666667,7,22,1,3.3333333333333335,0.0025293827056884766,0.003012418746948242,0.0009813308715820312
54,7,0.3,0.3,optimal,7,15,5,1.3333333333333333,7,15,5,1.3333333333333333,7,20,0,2.6666666666666665,0.003989458084106445,0.002482175827026367,0.0
55,7,0.3,0.3,optimal,7,14,5,1.0,7,14,5,1.0,7,20,0,2.3333333333333335,0.0010004043579101562,0.0029883384704589844,0.0
56,7,0.3,0.3,optimal,7,14,5,1.0,7,14,5,1.0,7,19,0,2.0,0.0009958744049072266,0.0019974708557128906,0.0
57,7,0.3,0.3,optimal,7,14,5,1.3333333333333333,7,14,5,1.3333333333333333,7,21,0,2.6666666666666665,0.0,0.0019996166229248047,0.0
58,7,0.3,0.3,optimal,7,13,4,1.6666666666666667,7,14,4,1.3333333333333333,7,19,0,2.6666666666666665,0.0015130043029785156,0.010921478271484375,0.0
59,7,0.3,0.3,optimal,7,11,5,1.0,7,11,5,1.0,7,20,0,2.6666666666666665,0.0,0.0009987354278564453,0.0
60,7,0.3,0.3,optimal,7,14,5,1.0,7,14,5,1.0,7,23,0,3.3333333333333335,0.001522064208984375,0.0010082721710205078,0.0009968280792236328
61,7,0.3,0.3,optimal,7,13,5,1.6666666666666667,7,14,5,1.6666666666666667,7,21,0,3.3333333333333335,0.0074040889739990234,0.0029969215393066406,0.001012563705444336
62,7,0.3,0.3,optimal,7,15,5,1.6666666666666667,7,15,5,1.6666666666666667,7,22,1,3.3333333333333335,0.0010197162628173828,0.0009963512420654297,0.0
63,7,0.3,0.3,optimal,7,14,5,1.3333333333333333,7,15,5,1.3333333333333333,7,22,0,3.3333333333333335,0.003536224365234375,0.004586935043334961,0.0
64,7,0.3,0.3,optimal,7,11,5,1.3333333333333333,7,15,5,1.3333333333333333,7,21,0,2.6666666666666665,0.003764629364013672,0.0009982585906982422,0.0009953975677490234
65,7,0.3,0.3,optimal,7,13,5,1.3333333333333333,7,14,5,1.3333333333333333,7,22,1,3.0,0.004532814025878906,0.003004312515258789,0.0009903907775878906
66,7,0.3,0.3,optimal,7,12,3,1.6666666666666667,7,14,3,1.6666666666666667,7,20,0,2.6666666666666665,0.0,0.003122091293334961,0.0010135173797607422
67,7,0.3,0.3,optimal,7,14,5,1.3333333333333333,7,14,5,1.3333333333333333,7,20,1,2.6666666666666665,0.0009708404541015625,0.0020530223846435547,0.0010042190551757812
68,7,0.3,0.3,optimal,7,14,5,1.0,7,14,5,1.0,7,22,0,3.0,0.0009953975677490234,0.0010006427764892578,0.00099945068359375
69,7,0.3,0.3,optimal,7,14,5,1.6666666666666667,7,14,5,1.6666666666666667,7,24,0,4.0,0.0035822391510009766,0.002002716064453125,0.0
70,7,0.3,0.3,optimal,7,13,5,1.0,7,14,5,1.0,7,21,1,2.3333333333333335,0.0035753250122070312,0.0024111270904541016,0.0
71,7,0.3,0.3,optimal,7,13,5,1.3333333333333333,7,13,5,1.3333333333333333,7,20,0,3.6666666666666665,0.003012418746948242,0.0011179447174072266,0.0009915828704833984
72,7,0.3,0.3,optimal,7,13,5,1.3333333333333333,7,13,5,1.3333333333333333,7,21,0,3.0,0.0,0.0009999275207519531,0.0
73,7,0.3,0.3,optimal,7,12,5,1.0,7,13,5,1.0,7,21,0,2.6666666666666665,0.0015060901641845703,0.002530336380004883,0.0010325908660888672
74,7,0.3,0.3,optimal,7,17,5,1.6666666666666667,7,17,5,1.6666666666666667,7,21,1,3.0,0.0025177001953125,0.0009987354278564453,0.0009980201721191406
75,7,0.3,0.3,optimal,7,14,5,1.3333333333333333,7,14,5,1.3333333333333333,7,24,0,3.3333333333333335,0.0035216808319091797,0.0035233497619628906,0.0009987354278564453
76,7,0.3,0.3,optimal,7,16,5,1.6666666666666667,7,16,5,1.6666666666666667,7,22,0,3.3333333333333335,0.0035076141357421875,0.0020017623901367188,0.0
77,7,0.3,0.3,optimal,7,13,5,0.6666666666666666,7,15,5,0.6666666666666666,7,19,1,2.3333333333333335,0.0,0.0009937286376953125,0.0
78,7,0.3,0.3,optimal,7,11,5,1.0,7,13,5,1.0,7,19,0,2.3333333333333335,0.0035195350646972656,0.0020122528076171875,0.0
79,7,0.3,0.3,optimal,7,12,5,1.0,7,13,5,1.0,7,21,1,2.3333333333333335,0.0029850006103515625,0.0045468807220458984,0.0009877681732177734
80,7,0.3,0.3,optimal,7,11,5,1.0,7,13,5,1.0,7,21,0,2.6666666666666665,0.0029914379119873047,0.0035347938537597656,0.0
81,7,0.3,0.3,optimal,7,12,5,1.3333333333333333,7,13,5,1.3333333333333333,7,21,0,2.3333333333333335,0.0009889602661132812,0.0010089874267578125,0.0
82,7,0.3,0.3,optimal,7,13,5,1.0,7,14,5,1.0,7,19,0,2.6666666666666665,0.0030012130737304688,0.002019643783569336,0.0
83,7,0.3,0.3,optimal,7,14,5,1.3333333333333333,7,14,5,1.3333333333333333,7,19,0,2.3333333333333335,0.0,0.0009999275207519531,0.0
84,7,0.3,0.3,optimal,7,13,5,1.3333333333333333,7,13,5,1.3333333333333333,7,19,0,2.3333333333333335,0.0010001659393310547,0.0010039806365966797,0.0
85,7,0.3,0.3,optimal,7,15,5,1.3333333333333333,7,17,5,1.3333333333333333,7,22,1,2.6666666666666665,0.00299835205078125,0.002566814422607422,0.0
86,7,0.3,0.3,optimal,7,13,4,1.6666666666666667,7,16,4,1.6666666666666667,7,21,0,2.6666666666666665,0.0029845237731933594,0.002007007598876953,0.0
87,7,0.3,0.3,optimal,7,11,5,0.6666666666666666,7,13,5,0.6666666666666666,7,19,0,2.0,0.002542257308959961,0.0020003318786621094,0.0
88,7,0.3,0.3,optimal,7,13,4,1.6666666666666667,7,15,4,1.6666666666666667,7,23,0,3.3333333333333335,0.005965471267700195,0.0029904842376708984,0.0
89,7,0.3,0.3,optimal,7,15,4,1.3333333333333333,7,16,4,1.3333333333333333,7,20,0,2.6666666666666665,0.0,0.003988504409790039,0.0
90,7,0.3,0.3,optimal,7,11,5,0.6666666666666666,7,12,5,0.6666666666666666,7,18,0,2.3333333333333335,0.001013040542602539,0.0,0.0
91,7,0.3,0.3,optimal,7,16,5,1.3333333333333333,7,17,5,1.3333333333333333,7,21,1,2.6666666666666665,0.001998424530029297,0.0005133152008056641,0.00103759765625
92,7,0.3,0.3,optimal,7,13,5,1.0,7,14,5,1.0,7,21,0,3.0,0.0010023117065429688,0.00098419189453125,0.0010042190551757812
93,7,0.3,0.3,optimal,7,14,5,1.6666666666666667,7,14,5,1.6666666666666667,7,22,0,3.6666666666666665,0.0,0.0010004043579101562,0.0009999275207519531
94,7,0.3,0.3,optimal,7,16,4,2.0,7,17,4,2.0,7,20,1,2.6666666666666665,0.004010915756225586,0.0033750534057617188,0.0
95,7,0.3,0.3,optimal,7,14,5,1.0,7,14,5,1.0,7,22,0,3.3333333333333335,0.0009992122650146484,0.0,0.0009937286376953125
96,7,0.3,0.3,optimal,7,12,5,1.3333333333333333,7,14,5,1.3333333333333333,7,20,0,2.6666666666666665,0.003016233444213867,0.002995729446411133,0.0
97,7,0.3,0.3,optimal,7,12,5,1.0,7,12,5,1.0,7,20,0,2.0,0.0034987926483154297,0.0020008087158203125,0.0009965896606445312
98,7,0.3,0.3,optimal,7,13,5,1.0,7,13,5,1.0,7,21,0,2.6666666666666665,0.002979278564453125,0.0025093555450439453,0.0
99,7,0.3,0.3,optimal,7,13,4,1.3333333333333333,7,16,4,1.3333333333333333,7,21,1,2.3333333333333335,0.0,0.0009996891021728516,0.0009920597076416016
0,7,0.3,0.5,optimal,7,16,5,1.3333333333333333,7,16,5,1.3333333333333333,7,22,0,2.6666666666666665,0.0010094642639160156,0.0010006427764892578,0.0
1,7,0.3,0.5,optimal,7,15,5,1.0,7,15,5,1.0,7,23,0,3.0,0.003520965576171875,0.001001596450805664,0.0
2,7,0.3,0.5,optimal,7,10,5,0.6666666666666666,7,11,5,0.6666666666666666,7,20,0,2.0,0.0009949207305908203,0.0010001659393310547,0.0009996891021728516
3,7,0.3,0.5,optimal,7,14,5,1.3333333333333333,7,14,5,1.3333333333333333,7,24,0,3.6666666666666665,0.0,0.0009999275207519531,0.0
4,7,0.3,0.5,optimal,7,12,5,1.3333333333333333,7,16,5,1.3333333333333333,7,23,0,3.0,0.002997875213623047,0.0019979476928710938,0.0017361640930175781
5,7,0.3,0.5,optimal,7,14,4,1.3333333333333333,7,17,4,1.3333333333333333,7,22,0,3.0,0.0,0.0,0.0009963512420654297
6,7,0.3,0.5,optimal,7,15,5,1.3333333333333333,7,15,5,1.3333333333333333,7,23,0,3.3333333333333335,0.0009946823120117188,0.0010001659393310547,0.0
7,7,0.3,0.5,optimal,7,15,5,1.3333333333333333,7,16,5,1.3333333333333333,7,23,0,3.0,0.0019986629486083984,0.0025506019592285156,0.001499176025390625
8,7,0.3,0.5,optimal,7,11,5,0.6666666666666666,7,12,5,0.6666666666666666,7,22,0,2.6666666666666665,0.0,0.0,0.0
9,7,0.3,0.5,optimal,7,12,5,1.3333333333333333,7,14,5,1.0,7,22,0,2.6666666666666665,0.0037648677825927734,0.004003047943115234,0.0015096664428710938
10,7,0.3,0.5,optimal,7,15,4,1.3333333333333333,7,16,4,1.3333333333333333,7,19,0,2.0,0.0,0.0009999275207519531,0.0007014274597167969
11,7,0.3,0.5,optimal,7,18,4,1.6666666666666667,7,18,4,1.6666666666666667,7,21,1,3.0,0.002531290054321289,0.0019922256469726562,0.0
12,7,0.3,0.5,optimal,7,12,5,0.6666666666666666,7,13,5,0.6666666666666666,7,19,0,2.3333333333333335,0.001107931137084961,0.0038433074951171875,0.0009963512420654297
13,7,0.3,0.5,optimal,7,15,4,1.3333333333333333,7,15,4,1.3333333333333333,7,22,0,2.6666666666666665,0.0,0.002003192901611328,0.0009949207305908203
14,7,0.3,0.5,optimal,7,14,5,1.3333333333333333,7,17,5,1.3333333333333333,7,23,0,3.0,0.002997875213623047,0.0071506500244140625,0.001003265380859375
15,7,0.3,0.5,optimal,7,17,4,1.6666666666666667,7,17,4,1.6666666666666667,7,22,0,3.0,0.0009996891021728516,0.0010027885437011719,0.0010099411010742188
16,7,0.3,0.5,optimal,7,14,5,1.3333333333333333,7,14,5,1.3333333333333333,7,21,1,3.0,0.0,0.0,0.0009953975677490234
17,7,0.3,0.5,optimal,7,12,5,0.6666666666666666,7,13,5,0.6666666666666666,7,21,0,2.3333333333333335,0.0,0.0009968280792236328,0.0
18,7,0.3,0.5,optimal,7,15,5,1.0,7,15,5,1.0,7,21,0,2.6666666666666665,0.0,0.0010175704956054688,0.0010285377502441406
19,7,0.3,0.5,optimal,7,12,5,1.0,7,14,5,1.0,7,21,0,2.6666666666666665,0.0009980201721191406,0.002004384994506836,0.0
20,7,0.3,0.5,optimal,7,12,5,1.0,7,14,5,1.0,7,23,0,3.0,0.0010004043579101562,0.0030221939086914062,0.001001119613647461
21,7,0.3,0.5,optimal,7,14,5,1.3333333333333333,7,14,5,1.3333333333333333,7,23,0,3.3333333333333335,0.0,0.0,0.0
22,7,0.3,0.5,optimal,7,13,4,1.0,7,15,4,1.0,7,21,0,2.3333333333333335,0.0,0.0,0.0010328292846679688
23,7,0.3,0.5,optimal,7,14,5,1.0,7,16,5,1.0,7,22,0,3.0,0.0016942024230957031,0.003188610076904297,0.0011801719665527344
24,7,0.3,0.5,optimal,7,14,4,1.3333333333333333,7,17,4,1.3333333333333333,7,23,0,3.3333333333333335,0.0,0.001993894577026367,0.0010433197021484375
25,7,0.3,0.5,optimal,7,12,5,0.6666666666666666,7,13,5,0.6666666666666666,7,21,0,2.3333333333333335,0.0009999275207519531,0.0,0.0
26,7,0.3,0.5,optimal,7,12,5,1.3333333333333333,7,14,5,1.3333333333333333,7,21,0,2.6666666666666665,0.003563404083251953,0.0020029544830322266,0.0
27,7,0.3,0.5,optimal,7,13,5,1.0,7,14,5,1.0,7,25,0,3.6666666666666665,0.0010323524475097656,0.0010209083557128906,0.0012896060943603516
28,7,0.3,0.5,optimal,7,14,5,1.6666666666666667,7,17,5,1.3333333333333333,7,24,0,3.3333333333333335,0.0025196075439453125,0.003513813018798828,0.0009975433349609375
29,7,0.3,0.5,optimal,7,15,5,1.0,7,16,5,1.0,7,21,0,2.3333333333333335,0.0010001659393310547,0.0050334930419921875,0.0010080337524414062
30,7,0.3,0.5,optimal,7,11,5,1.3333333333333333,7,14,5,1.3333333333333333,7,23,0,3.3333333333333335,0.0029959678649902344,0.00625300407409668,0.0
31,7,0.3,0.5,optimal,7,17,5,1.6666666666666667,7,17,5,1.6666666666666667,7,25,1,3.6666666666666665,0.001001119613647461,0.0013737678527832031,0.0
32,7,0.3,0.5,optimal,7,12,5,1.3333333333333333,7,14,5,1.0,7,20,0,2.6666666666666665,0.0038242340087890625,0.006003141403198242,0.0010106563568115234
33,7,0.3,0.5,optimal,7,14,5,1.3333333333333333,7,14,5,1.3333333333333333,7,24,0,3.6666666666666665,0.0010361671447753906,0.0009987354278564453,0.000982046127319336
34,7,0.3,0.5,optimal,7,14,4,1.3333333333333333,7,16,4,1.3333333333333333,7,20,0,2.3333333333333335,0.0,0.002206087112426758,0.0025408267974853516
35,7,0.3,0.5,optimal,7,13,5,1.0,7,14,5,1.0,7,23,0,3.0,0.0,0.0009992122650146484,0.004008293151855469
36,7,0.3,0.5,optimal,7,17,4,1.6666666666666667,7,17,4,1.6666666666666667,7,22,0,3.0,0.0015282630920410156,0.0009980201721191406,0.0
37,7,0.3,0.5,optimal,7,16,5,1.3333333333333333,7,17,5,1.3333333333333333,7,21,2,2.3333333333333335,0.009026765823364258,0.014142990112304688,0.0009875297546386719
38,7,0.3,0.5,optimal,7,18,4,2.0,7,19,4,2.0,7,24,0,3.6666666666666665,0.002515077590942383,0.0015380382537841797,0.0010027885437011719
39,7,0.3,0.5,optimal,7,14,4,1.0,7,15,4,1.0,7,20,1,2.3333333333333335,0.0,0.0,0.0009968280792236328
40,7,0.3,0.5,optimal,7,16,5,1.0,7,16,5,1.0,7,22,0,3.0,0.0,0.0010001659393310547,0.001220703125
41,7,0.3,0.5,optimal,7,15,5,1.3333333333333333,7,16,5,1.3333333333333333,7,22,0,3.3333333333333335,0.004607439041137695,0.0040013790130615234,0.0014646053314208984
42,7,0.3,0.5,optimal,7,14,5,1.0,7,15,5,1.0,7,21,0,2.6666666666666665,0.0015025138854980469,0.0019910335540771484,0.0
43,7,0.3,0.5,optimal,7,13,4,1.0,7,16,4,1.0,7,20,0,2.0,0.0009975433349609375,0.002003192901611328,0.0010066032409667969
44,7,0.3,0.5,optimal,7,13,5,1.3333333333333333,7,14,5,1.3333333333333333,7,22,0,3.0,0.00252532958984375,0.009546995162963867,0.0015065670013427734
45,7,0.3,0.5,optimal,7,16,4,2.0,7,16,4,2.0,7,22,1,3.0,0.0009980201721191406,0.004211902618408203,0.0013654232025146484
46,7,0.3,0.5,optimal,7,14,5,1.3333333333333333,7,16,5,1.3333333333333333,7,25,0,4.0,0.003000020980834961,0.008553504943847656,0.0012099742889404297
47,7,0.3,0.5,optimal,7,16,5,1.0,7,16,5,1.0,7,23,0,3.3333333333333335,0.0029993057250976562,0.0030128955841064453,0.0015103816986083984
48,7,0.3,0.5,optimal,7,15,5,1.3333333333333333,7,16,5,1.0,7,23,0,3.3333333333333335,0.0010004043579101562,0.0009999275207519531,0.0
49,7,0.3,0.5,optimal,7,16,5,1.6666666666666667,7,16,5,1.6666666666666667,7,23,0,3.6666666666666665,0.0009989738464355469,0.0025200843811035156,0.0010268688201904297
50,7,0.3,0.5,optimal,7,13,5,1.3333333333333333,7,13,5,1.3333333333333333,7,23,0,3.3333333333333335,0.0,0.0009999275207519531,0.0009999275207519531
51,7,0.3,0.5,optimal,7,13,5,1.0,7,14,5,1.0,7,22,0,2.6666666666666665,0.0029969215393066406,0.0025315284729003906,0.0
52,7,0.3,0.5,optimal,7,12,5,0.6666666666666666,7,13,5,0.6666666666666666,7,21,0,3.0,0.003522157669067383,0.003999233245849609,0.0
53,7,0.3,0.5,optimal,7,18,5,1.6666666666666667,7,18,5,1.6666666666666667,7,24,0,3.3333333333333335,0.0020008087158203125,0.0009996891021728516,0.0015273094177246094
54,7,0.3,0.5,optimal,7,15,5,1.3333333333333333,7,15,5,1.3333333333333333,7,23,0,3.0,0.00924992561340332,0.0048825740814208984,0.001005411148071289
55,7,0.3,0.5,optimal,7,15,5,1.0,7,15,5,1.0,7,22,0,2.6666666666666665,0.001886606216430664,0.0031235218048095703,0.0010044574737548828
56,7,0.3,0.5,optimal,7,14,5,1.0,7,15,5,1.0,7,22,0,2.6666666666666665,0.0009987354278564453,0.005043983459472656,0.0015106201171875
57,7,0.3,0.5,optimal,7,15,5,1.3333333333333333,7,16,5,1.0,7,22,0,2.6666666666666665,0.001260995864868164,0.0009968280792236328,0.0009970664978027344
58,7,0.3,0.5,optimal,7,15,4,1.6666666666666667,7,17,4,1.3333333333333333,7,22,0,2.6666666666666665,0.0010128021240234375,0.003888368606567383,0.001165628433227539
59,7,0.3,0.5,optimal,7,12,5,1.0,7,12,5,1.0,7,21,0,3.0,0.0010018348693847656,0.000997304916381836,0.0
60,7,0.3,0.5,optimal,7,15,5,1.0,7,15,5,1.0,7,23,0,3.3333333333333335,0.0009899139404296875,0.0,0.0010135173797607422
61,7,0.3,0.5,optimal,7,16,5,1.6666666666666667,7,16,5,1.6666666666666667,7,22,0,3.3333333333333335,0.0020020008087158203,0.003000497817993164,0.0010080337524414062
62,7,0.3,0.5,optimal,7,17,5,1.6666666666666667,7,17,5,1.6666666666666667,7,25,0,3.6666666666666665,0.0010180473327636719,0.0010068416595458984,0.0
63,7,0.3,0.5,optimal,7,14,5,1.3333333333333333,7,16,5,1.0,7,22,0,3.3333333333333335,0.002264738082885742,0.00101470947265625,0.0009999275207519531
64,7,0.3,0.5,optimal,7,13,5,1.3333333333333333,7,16,5,1.3333333333333333,7,23,0,3.6666666666666665,0.0030012130737304688,0.003528594970703125,0.0
65,7,0.3,0.5,optimal,7,14,5,1.3333333333333333,7,16,5,1.3333333333333333,7,23,0,3.3333333333333335,0.002000093460083008,0.0019958019256591797,0.0
66,7,0.3,0.5,optimal,7,14,3,1.6666666666666667,7,16,3,1.6666666666666667,7,21,0,2.3333333333333335,0.0015311241149902344,0.002979278564453125,0.0
67,7,0.3,0.5,optimal,7,16,5,1.3333333333333333,7,16,5,1.3333333333333333,7,21,1,2.6666666666666665,0.0009984970092773438,0.0010142326354980469,0.0010008811950683594
68,7,0.3,0.5,optimal,7,14,5,1.0,7,14,5,1.0,7,22,0,2.6666666666666665,0.004857063293457031,0.001003265380859375,0.0010671615600585938
69,7,0.3,0.5,optimal,7,15,5,1.6666666666666667,7,16,5,1.6666666666666667,7,24,0,3.6666666666666665,0.005095481872558594,0.0025589466094970703,0.0
70,7,0.3,0.5,optimal,7,14,5,1.0,7,15,5,1.0,7,21,1,2.3333333333333335,0.004004955291748047,0.0020024776458740234,0.0
71,7,0.3,0.5,optimal,7,14,5,1.3333333333333333,7,14,5,1.3333333333333333,7,21,0,3.6666666666666665,0.0025289058685302734,0.003998517990112305,0.0
72,7,0.3,0.5,optimal,7,14,5,1.3333333333333333,7,14,5,1.3333333333333333,7,23,0,3.0,0.00099945068359375,0.0010001659393310547,0.0009989738464355469
73,7,0.3,0.5,optimal,7,13,5,1.0,7,14,5,1.0,7,21,0,2.6666666666666665,0.0009980201721191406,0.001001596450805664,0.000993490219116211
74,7,0.3,0.5,optimal,7,17,5,1.6666666666666667,7,17,5,1.6666666666666667,7,22,0,3.3333333333333335,0.003876924514770508,0.004227399826049805,0.0015125274658203125
75,7,0.3,0.5,optimal,7,14,5,1.3333333333333333,7,14,5,1.3333333333333333,7,25,0,3.6666666666666665,0.005247831344604492,0.003540515899658203,0.002004384994506836
76,7,0.3,0.5,optimal,7,17,5,1.6666666666666667,7,17,5,1.6666666666666667,7,23,0,3.6666666666666665,0.006188631057739258,0.019527196884155273,0.0021173954010009766
77,7,0.3,0.5,optimal,7,14,5,0.6666666666666666,7,15,5,0.6666666666666666,7,20,2,2.3333333333333335,0.0,0.000997304916381836,0.0009996891021728516
78,7,0.3,0.5,optimal,7,12,5,1.0,7,14,5,1.0,7,21,0,2.3333333333333335,0.002981424331665039,0.0044863224029541016,0.0
79,7,0.3,0.5,optimal,7,13,5,1.0,7,14,5,1.0,7,22,1,2.6666666666666665,0.004541635513305664,0.0009975433349609375,0.0010035037994384766
80,7,0.3,0.5,optimal,7,13,5,1.0,7,15,5,1.0,7,22,0,2.6666666666666665,0.0035610198974609375,0.0057528018951416016,0.0
81,7,0.3,0.5,optimal,7,14,5,1.3333333333333333,7,14,5,1.3333333333333333,7,21,0,2.3333333333333335,0.0010366439819335938,0.0010004043579101562,0.0
82,7,0.3,0.5,optimal,7,15,5,1.0,7,15,5,1.0,7,21,0,2.6666666666666665,0.0029969215393066406,0.002001047134399414,0.0009992122650146484
83,7,0.3,0.5,optimal,7,14,5,1.3333333333333333,7,14,5,1.3333333333333333,7,22,0,3.3333333333333335,0.00099945068359375,0.0010089874267578125,0.0
84,7,0.3,0.5,optimal,7,14,5,1.3333333333333333,7,14,5,1.3333333333333333,7,21,1,2.6666666666666665,0.0,0.0015053749084472656,0.0010113716125488281
85,7,0.3,0.5,optimal,7,15,5,1.3333333333333333,7,17,5,1.3333333333333333,7,23,0,3.0,0.004528045654296875,0.0020198822021484375,0.0
86,7,0.3,0.5,optimal,7,15,4,1.6666666666666667,7,18,4,1.6666666666666667,7,22,0,2.6666666666666665,0.003003358840942383,0.0030126571655273438,0.0005166530609130859
87,7,0.3,0.5,optimal,7,13,5,0.6666666666666666,7,14,5,0.6666666666666666,7,20,0,2.0,0.00323486328125,0.0025146007537841797,0.0
88,7,0.3,0.5,optimal,7,14,4,1.6666666666666667,7,17,4,1.6666666666666667,7,24,0,3.3333333333333335,0.003012418746948242,0.0021848678588867188,0.0
89,7,0.3,0.5,optimal,7,16,4,1.3333333333333333,7,16,4,1.3333333333333333,7,22,0,2.6666666666666665,0.001028299331665039,0.004599571228027344,0.0
90,7,0.3,0.5,optimal,7,12,5,0.6666666666666666,7,14,5,0.6666666666666666,7,20,0,2.0,0.0009922981262207031,0.0011281967163085938,0.000993967056274414
91,7,0.3,0.5,optimal,7,16,5,1.3333333333333333,7,17,5,1.3333333333333333,7,22,0,3.0,0.010929107666015625,0.00430607795715332,0.001299142837524414
92,7,0.3,0.5,optimal,7,13,5,1.0,7,14,5,1.0,7,22,0,3.0,0.002002716064453125,0.003191709518432617,0.0010004043579101562
93,7,0.3,0.5,optimal,7,16,5,1.6666666666666667,7,16,5,1.6666666666666667,7,24,0,3.6666666666666665,0.0009965896606445312,0.0,0.0
94,7,0.3,0.5,optimal,7,17,4,2.0,7,18,4,2.0,7,22,1,3.0,0.0029985904693603516,0.003527402877807617,0.0
95,7,0.3,0.5,optimal,7,14,5,1.0,7,14,5,1.0,7,24,1,3.3333333333333335,0.0009984970092773438,0.0010073184967041016,0.0010113716125488281
96,7,0.3,0.5,optimal,7,12,5,1.3333333333333333,7,15,5,1.3333333333333333,7,22,0,3.0,0.01497960090637207,0.007462739944458008,0.0015156269073486328
97,7,0.3,0.5,optimal,7,13,5,1.0,7,13,5,1.0,7,20,0,2.3333333333333335,0.004552364349365234,0.009740829467773438,0.0010750293731689453
98,7,0.3,0.5,optimal,7,15,5,1.0,7,15,5,1.0,7,22,0,2.6666666666666665,0.005552530288696289,0.00602412223815918,0.0021343231201171875
99,7,0.3,0.5,optimal,7,13,4,1.3333333333333333,7,16,4,1.3333333333333333,7,21,1,2.3333333333333335,0.0009937286376953125,0.002482175827026367,0.0
0,7,0.3,0.7,optimal,7,17,5,1.3333333333333333,7,17,5,1.3333333333333333,7,23,0,3.0,0.0,0.0018506050109863281,0.001477956771850586
1,7,0.3,0.7,optimal,7,15,5,1.0,7,15,5,1.0,7,23,0,3.0,0.0030002593994140625,0.0020651817321777344,0.0011281967163085938
2,7,0.3,0.7,optimal,7,11,5,0.6666666666666666,7,12,5,0.6666666666666666,7,20,0,2.0,0.0,0.000997304916381836,0.0009999275207519531
3,7,0.3,0.7,optimal,7,14,5,1.3333333333333333,7,14,5,1.3333333333333333,7,24,0,3.6666666666666665,0.0,0.0009984970092773438,0.0
4,7,0.3,0.7,optimal,7,16,5,1.3333333333333333,7,17,5,1.3333333333333333,7,23,0,3.0,0.0034503936767578125,0.004559516906738281,0.0009984970092773438
5,7,0.3,0.7,optimal,7,16,4,1.3333333333333333,7,18,4,1.3333333333333333,7,23,0,3.0,0.0,0.0015139579772949219,0.0
6,7,0.3,0.7,optimal,7,16,5,1.3333333333333333,7,16,5,1.3333333333333333,7,23,0,3.3333333333333335,0.0010042190551757812,0.0009999275207519531,0.0010063648223876953
7,7,0.3,0.7,optimal,7,15,5,1.3333333333333333,7,16,5,1.3333333333333333,7,24,0,3.3333333333333335,0.0030002593994140625,0.0015230178833007812,0.0
8,7,0.3,0.7,optimal,7,11,5,0.6666666666666666,7,13,5,0.6666666666666666,7,22,0,2.6666666666666665,0.001234292984008789,0.0010013580322265625,0.0009958744049072266
9,7,0.3,0.7,optimal,7,14,5,1.3333333333333333,7,15,5,1.0,7,23,0,3.0,0.004549741744995117,0.004545927047729492,0.0010077953338623047
10,7,0.3,0.7,optimal,7,17,4,1.3333333333333333,7,18,4,1.3333333333333333,7,21,0,2.3333333333333335,0.0,0.0019998550415039062,0.0
11,7,0.3,0.7,optimal,7,18,4,1.6666666666666667,7,18,4,1.6666666666666667,7,22,0,3.0,0.0039920806884765625,0.003119945526123047,0.001010894775390625
12,7,0.3,0.7,optimal,7,13,5,0.6666666666666666,7,14,5,0.6666666666666666,7,20,0,2.3333333333333335,0.0025300979614257812,0.005536317825317383,0.0011031627655029297
13,7,0.3,0.7,optimal,7,16,4,1.3333333333333333,7,16,4,1.3333333333333333,7,23,0,3.0,0.0009942054748535156,0.0025556087493896484,0.0009908676147460938
14,7,0.3,0.7,optimal,7,15,5,1.3333333333333333,7,17,5,1.3333333333333333,7,23,0,3.0,0.004166364669799805,0.005217313766479492,0.0009975433349609375
15,7,0.3,0.7,optimal,7,18,4,1.6666666666666667,7,18,4,1.6666666666666667,7,22,0,3.0,0.00099945068359375,0.0005223751068115234,0.0009927749633789062
16,7,0.3,0.7,optimal,7,15,5,1.3333333333333333,7,15,5,1.3333333333333333,7,23,0,3.3333333333333335,0.0,0.0,0.0
17,7,0.3,0.7,optimal,7,12,5,0.6666666666666666,7,13,5,0.6666666666666666,7,21,0,2.3333333333333335,0.0009996891021728516,0.001506805419921875,0.0
18,7,0.3,0.7,optimal,7,16,5,1.0,7,16,5,1.0,7,21,0,2.6666666666666665,0.0,0.0,0.0
19,7,0.3,0.7,optimal,7,14,5,1.0,7,16,5,0.6666666666666666,7,21,0,2.6666666666666665,0.0010104179382324219,0.0009920597076416016,0.001001119613647461
20,7,0.3,0.7,optimal,7,15,5,1.0,7,17,5,1.0,7,24,0,3.3333333333333335,0.0010311603546142578,0.002934694290161133,0.0010159015655517578
21,7,0.3,0.7,optimal,7,15,5,1.3333333333333333,7,15,5,1.3333333333333333,7,23,0,3.3333333333333335,0.0010714530944824219,0.0,0.0010180473327636719
22,7,0.3,0.7,optimal,7,15,4,1.0,7,15,4,1.0,7,21,0,2.3333333333333335,0.0010080337524414062,0.0,0.0010237693786621094
23,7,0.3,0.7,optimal,7,14,5,1.0,7,16,5,1.0,7,22,0,3.0,0.0010137557983398438,0.0030040740966796875,0.0
24,7,0.3,0.7,optimal,7,18,4,1.3333333333333333,7,18,4,1.3333333333333333,7,23,0,3.3333333333333335,0.0,0.0020759105682373047,0.0
25,7,0.3,0.7,optimal,7,12,5,0.6666666666666666,7,13,5,0.6666666666666666,7,22,0,2.6666666666666665,0.0009992122650146484,0.0,0.0010139942169189453
26,7,0.3,0.7,optimal,7,14,5,1.3333333333333333,7,17,5,1.3333333333333333,7,23,0,3.0,0.0035245418548583984,0.004004955291748047,0.0009987354278564453
27,7,0.3,0.7,optimal,7,13,5,1.0,7,14,5,1.0,7,25,0,3.6666666666666665,0.0010352134704589844,0.001535654067993164,0.0010063648223876953
28,7,0.3,0.7,optimal,7,15,5,1.6666666666666667,7,17,5,1.6666666666666667,7,25,0,3.6666666666666665,0.003530740737915039,0.00399327278137207,0.0
29,7,0.3,0.7,optimal,7,15,5,1.0,7,16,5,1.0,7,22,0,2.6666666666666665,0.0009980201721191406,0.0009999275207519531,0.0
30,7,0.3,0.7,optimal,7,14,5,1.3333333333333333,7,15,5,1.3333333333333333,7,23,0,3.3333333333333335,0.004012107849121094,0.001996278762817383,0.0009961128234863281
31,7,0.3,0.7,optimal,7,18,5,1.6666666666666667,7,18,5,1.6666666666666667,7,26,0,4.0,0.0010006427764892578,0.0009999275207519531,0.0
32,7,0.3,0.7,optimal,7,14,5,1.3333333333333333,7,15,5,1.3333333333333333,7,23,0,3.0,0.004002571105957031,0.0035500526428222656,0.0
33,7,0.3,0.7,optimal,7,15,5,1.3333333333333333,7,15,5,1.3333333333333333,7,24,0,3.6666666666666665,0.000997304916381836,0.0009987354278564453,0.0013561248779296875
34,7,0.3,0.7,optimal,7,14,4,1.3333333333333333,7,16,4,1.3333333333333333,7,20,0,2.3333333333333335,0.0010013580322265625,0.0019998550415039062,0.0010004043579101562
35,7,0.3,0.7,optimal,7,15,5,1.0,7,16,5,1.0,7,23,0,3.0,0.0,0.0009930133819580078,0.0
36,7,0.3,0.7,optimal,7,18,4,1.6666666666666667,7,18,4,1.6666666666666667,7,22,0,3.0,0.0,0.0,0.0
37,7,0.3,0.7,optimal,7,18,5,1.3333333333333333,7,18,5,1.3333333333333333,7,23,1,3.0,0.0029969215393066406,0.003983974456787109,0.0
38,7,0.3,0.7,optimal,7,19,4,2.0,7,20,4,2.0,7,25,0,3.6666666666666665,0.0009999275207519531,0.002000093460083008,0.0
39,7,0.3,0.7,optimal,7,15,4,1.0,7,15,4,1.0,7,21,0,2.6666666666666665,0.0,0.0,0.0
40,7,0.3,0.7,optimal,7,16,5,1.0,7,16,5,1.0,7,23,0,3.0,0.0,0.0010542869567871094,0.0
41,7,0.3,0.7,optimal,7,15,5,1.3333333333333333,7,17,5,1.3333333333333333,7,24,0,3.3333333333333335,0.0050466060638427734,0.0030210018157958984,0.0009961128234863281
42,7,0.3,0.7,optimal,7,14,5,1.0,7,16,5,1.0,7,22,0,2.6666666666666665,0.0015106201171875,0.0019807815551757812,0.0009970664978027344
43,7,0.3,0.7,optimal,7,15,4,1.0,7,17,4,1.0,7,20,1,2.0,0.0009970664978027344,0.0015225410461425781,0.00098419189453125
44,7,0.3,0.7,optimal,7,17,5,1.3333333333333333,7,18,5,1.3333333333333333,7,23,0,3.0,0.0020089149475097656,0.002515554428100586,0.0010423660278320312
45,7,0.3,0.7,optimal,7,18,4,2.0,7,18,4,2.0,7,23,1,3.0,0.0010204315185546875,0.002012491226196289,0.0
46,7,0.3,0.7,optimal,7,17,5,1.3333333333333333,7,17,5,1.3333333333333333,7,25,0,4.0,0.004024505615234375,0.004868030548095703,0.0009944438934326172
47,7,0.3,0.7,optimal,7,16,5,1.0,7,16,5,1.0,7,24,0,3.3333333333333335,0.003530263900756836,0.0010023117065429688,0.0020008087158203125
48,7,0.3,0.7,optimal,7,16,5,1.3333333333333333,7,16,5,1.3333333333333333,7,24,0,3.3333333333333335,0.0009999275207519531,0.0,0.0
49,7,0.3,0.7,optimal,7,17,5,1.6666666666666667,7,17,5,1.6666666666666667,7,23,0,3.6666666666666665,0.0009999275207519531,0.0009999275207519531,0.0
50,7,0.3,0.7,optimal,7,15,5,1.3333333333333333,7,15,5,1.3333333333333333,7,24,0,3.3333333333333335,0.0,0.0009999275207519531,0.0
51,7,0.3,0.7,optimal,7,15,5,1.0,7,15,5,1.0,7,22,0,2.6666666666666665,0.003023386001586914,0.005229949951171875,0.0016205310821533203
52,7,0.3,0.7,optimal,7,14,5,0.6666666666666666,7,14,5,0.6666666666666666,7,21,0,2.6666666666666665,0.0029850006103515625,0.003189563751220703,0.0
53,7,0.3,0.7,optimal,7,18,5,1.6666666666666667,7,19,5,1.6666666666666667,7,25,0,3.6666666666666665,0.002980947494506836,0.0023870468139648438,0.0
54,7,0.3,0.7,optimal,7,16,5,1.3333333333333333,7,16,5,1.3333333333333333,7,23,0,3.0,0.0029985904693603516,0.0035898685455322266,0.00151824951171875
55,7,0.3,0.7,optimal,7,15,5,1.0,7,15,5,1.0,7,23,0,3.0,0.0019996166229248047,0.004153728485107422,0.0009980201721191406
56,7,0.3,0.7,optimal,7,16,5,1.0,7,16,5,1.0,7,23,0,3.0,0.00099945068359375,0.0029871463775634766,0.0015094280242919922
57,7,0.3,0.7,optimal,7,15,5,1.3333333333333333,7,16,5,1.0,7,22,0,2.6666666666666665,0.0009925365447998047,0.000985860824584961,0.0
58,7,0.3,0.7,optimal,7,16,4,1.6666666666666667,7,18,4,1.3333333333333333,7,23,0,3.0,0.001990795135498047,0.0030274391174316406,0.0
59,7,0.3,0.7,optimal,7,14,5,1.0,7,14,5,1.0,7,23,0,3.0,0.0009999275207519531,0.001016378402709961,0.0011708736419677734
60,7,0.3,0.7,optimal,7,16,5,1.0,7,16,5,1.0,7,24,0,3.3333333333333335,0.000993490219116211,0.0010001659393310547,0.0009992122650146484
61,7,0.3,0.7,optimal,7,18,5,1.6666666666666667,7,18,5,1.6666666666666667,7,23,0,3.3333333333333335,0.003007173538208008,0.003536701202392578,0.0
62,7,0.3,0.7,optimal,7,18,5,1.6666666666666667,7,19,5,1.6666666666666667,7,25,0,3.6666666666666665,0.0009784698486328125,0.0009996891021728516,0.001028299331665039
63,7,0.3,0.7,optimal,7,16,5,1.3333333333333333,7,18,5,1.3333333333333333,7,24,0,3.3333333333333335,0.0029778480529785156,0.001729726791381836,0.0
64,7,0.3,0.7,optimal,7,14,5,1.3333333333333333,7,17,5,1.3333333333333333,7,24,0,3.6666666666666665,0.0039865970611572266,0.0015263557434082031,0.0010645389556884766
65,7,0.3,0.7,optimal,7,17,5,1.3333333333333333,7,18,5,1.3333333333333333,7,23,0,3.3333333333333335,0.0035691261291503906,0.0010039806365966797,0.0009999275207519531
66,7,0.3,0.7,optimal,7,16,3,1.6666666666666667,7,17,3,1.6666666666666667,7,21,0,2.3333333333333335,0.0,0.0029985904693603516,0.0010020732879638672
67,7,0.3,0.7,optimal,7,17,5,1.3333333333333333,7,17,5,1.3333333333333333,7,22,0,2.6666666666666665,0.0,0.000995635986328125,0.0
68,7,0.3,0.7,optimal,7,14,5,1.0,7,14,5,1.0,7,23,0,3.0,0.0,0.0009953975677490234,0.0
69,7,0.3,0.7,optimal,7,18,5,1.6666666666666667,7,18,5,1.6666666666666667,7,25,0,4.0,0.003021240234375,0.001058816909790039,0.002137422561645508
70,7,0.3,0.7,optimal,7,16,5,1.0,7,17,5,1.0,7,21,0,2.3333333333333335,0.00399470329284668,0.0015149116516113281,0.0010104179382324219
71,7,0.3,0.7,optimal,7,17,5,1.3333333333333333,7,17,5,1.3333333333333333,7,24,0,3.6666666666666665,0.0010023117065429688,0.0020165443420410156,0.0
72,7,0.3,0.7,optimal,7,15,5,1.3333333333333333,7,15,5,1.3333333333333333,7,24,0,3.3333333333333335,0.0005116462707519531,0.000997781753540039,0.0
73,7,0.3,0.7,optimal,7,15,5,1.0,7,15,5,1.0,7,21,0,2.6666666666666665,0.0009989738464355469,0.0009999275207519531,0.0
74,7,0.3,0.7,optimal,7,18,5,1.6666666666666667,7,18,5,1.6666666666666667,7,23,0,3.3333333333333335,0.002000570297241211,0.0025327205657958984,0.0
75,7,0.3,0.7,optimal,7,17,5,1.3333333333333333,7,17,5,1.3333333333333333,7,25,0,3.6666666666666665,0.004175901412963867,0.002504110336303711,0.001013040542602539
76,7,0.3,0.7,optimal,7,18,5,1.6666666666666667,7,18,5,1.6666666666666667,7,24,0,3.6666666666666665,0.0030269622802734375,0.0025434494018554688,0.0
77,7,0.3,0.7,optimal,7,14,5,0.6666666666666666,7,15,5,0.6666666666666666,7,21,0,2.3333333333333335,0.0,0.0009949207305908203,0.0010004043579101562
78,7,0.3,0.7,optimal,7,15,5,1.0,7,15,5,1.0,7,22,0,2.6666666666666665,0.002988100051879883,0.001996755599975586,0.0
79,7,0.3,0.7,optimal,7,14,5,1.0,7,14,5,1.0,7,23,0,3.0,0.002984762191772461,0.0014462471008300781,0.00235748291015625
80,7,0.3,0.7,optimal,7,13,5,1.0,7,16,5,1.0,7,23,0,3.0,0.0040111541748046875,0.003673553466796875,0.0014262199401855469
81,7,0.3,0.7,optimal,7,17,5,1.3333333333333333,7,17,5,1.3333333333333333,7,22,0,3.0,0.0009975433349609375,0.0009980201721191406,0.0
82,7,0.3,0.7,optimal,7,17,5,1.0,7,17,5,1.0,7,22,0,2.6666666666666665,0.003031015396118164,0.001001119613647461,0.0
83,7,0.3,0.7,optimal,7,17,5,1.3333333333333333,7,17,5,1.3333333333333333,7,24,0,3.3333333333333335,0.0,0.0010082721710205078,0.0010175704956054688
84,7,0.3,0.7,optimal,7,14,5,1.3333333333333333,7,15,5,1.0,7,22,0,3.0,0.0,0.0009937286376953125,0.0
85,7,0.3,0.7,optimal,7,16,5,1.3333333333333333,7,17,5,1.3333333333333333,7,24,0,3.3333333333333335,0.004208087921142578,0.0034437179565429688,0.0010993480682373047
86,7,0.3,0.7,optimal,7,17,4,1.6666666666666667,7,19,4,1.6666666666666667,7,22,0,2.6666666666666665,0.0029833316802978516,0.002010822296142578,0.0
87,7,0.3,0.7,optimal,7,14,5,0.6666666666666666,7,15,5,0.6666666666666666,7,21,0,2.3333333333333335,0.004538774490356445,0.0020012855529785156,0.001005411148071289
88,7,0.3,0.7,optimal,7,17,4,1.6666666666666667,7,18,4,1.6666666666666667,7,24,0,3.3333333333333335,0.001996278762817383,0.003015279769897461,0.0
89,7,0.3,0.7,optimal,7,17,4,1.3333333333333333,7,17,4,1.3333333333333333,7,22,0,2.6666666666666665,0.0015270709991455078,0.0029954910278320312,0.0
90,7,0.3,0.7,optimal,7,13,5,0.6666666666666666,7,15,5,0.6666666666666666,7,21,0,2.3333333333333335,0.0,0.0,0.0009999275207519531
91,7,0.3,0.7,optimal,7,17,5,1.3333333333333333,7,18,5,1.3333333333333333,7,24,0,3.3333333333333335,0.0029981136322021484,0.0023887157440185547,0.0
92,7,0.3,0.7,optimal,7,15,5,1.0,7,15,5,1.0,7,23,0,3.0,0.0009980201721191406,0.001512289047241211,0.0
93,7,0.3,0.7,optimal,7,17,5,1.6666666666666667,7,17,5,1.6666666666666667,7,25,0,3.6666666666666665,0.0009999275207519531,0.0015273094177246094,0.000993967056274414
94,7,0.3,0.7,optimal,7,19,4,2.0,7,20,4,2.0,7,24,0,3.3333333333333335,0.0035190582275390625,0.0030112266540527344,0.0010402202606201172
95,7,0.3,0.7,optimal,7,15,5,1.0,7,15,5,1.0,7,25,0,3.6666666666666665,0.0,0.0009951591491699219,0.0
96,7,0.3,0.7,optimal,7,16,5,1.3333333333333333,7,17,5,1.3333333333333333,7,23,0,3.0,0.003484964370727539,0.005003929138183594,0.0010013580322265625
97,7,0.3,0.7,optimal,7,13,5,1.0,7,13,5,1.0,7,22,0,2.6666666666666665,0.0020017623901367188,0.008896350860595703,0.0010347366333007812
98,7,0.3,0.7,optimal,7,15,5,1.0,7,15,5,1.0,7,22,0,2.6666666666666665,0.0025453567504882812,0.0035364627838134766,0.0013606548309326172
99,7,0.3,0.7,optimal,7,15,4,1.3333333333333333,7,18,4,1.3333333333333333,7,21,1,2.3333333333333335,0.0009999275207519531,0.001001119613647461,0.0
0,7,0.45,0.3,optimal,7,14,5,1.3333333333333333,7,15,5,1.0,7,21,0,3.0,0.0051119327545166016,0.0035037994384765625,0.0010044574737548828
1,7,0.45,0.3,optimal,7,12,5,1.3333333333333333,7,15,5,1.3333333333333333,7,22,0,3.3333333333333335,0.004525423049926758,0.003269672393798828,0.0009970664978027344
2,7,0.45,0.3,optimal,7,10,5,0.6666666666666666,7,11,5,0.6666666666666666,7,18,0,1.3333333333333333,0.0010077953338623047,0.001499176025390625,0.0
3,7,0.45,0.3,optimal,7,16,5,1.6666666666666667,7,17,5,1.6666666666666667,7,24,0,3.6666666666666665,0.0030069351196289062,0.002001047134399414,0.001001596450805664
4,7,0.45,0.3,optimal,7,13,5,1.3333333333333333,7,14,5,1.3333333333333333,7,21,0,3.0,0.003995180130004883,0.003504037857055664,0.0040056705474853516
5,7,0.45,0.3,optimal,7,12,5,1.3333333333333333,7,13,5,1.3333333333333333,7,22,0,3.0,0.0035059452056884766,0.0067751407623291016,0.0
6,7,0.45,0.3,optimal,7,13,5,1.3333333333333333,7,15,5,1.3333333333333333,7,22,0,3.3333333333333335,0.003636598587036133,0.0044994354248046875,0.0
7,7,0.45,0.3,optimal,7,12,5,1.3333333333333333,7,15,5,1.3333333333333333,7,23,0,3.6666666666666665,0.0035049915313720703,0.004002809524536133,0.0009982585906982422
8,7,0.45,0.3,optimal,7,11,5,1.0,7,12,5,1.0,7,21,0,2.6666666666666665,0.003864765167236328,0.0052967071533203125,0.0010306835174560547
9,7,0.45,0.3,optimal,7,12,5,1.3333333333333333,7,12,5,1.3333333333333333,7,20,0,3.0,0.013545751571655273,0.0031566619873046875,0.0010001659393310547
10,7,0.45,0.3,optimal,7,12,5,1.0,7,16,5,1.0,7,19,1,2.0,0.0039806365966796875,0.0034418106079101562,0.0
11,7,0.45,0.3,optimal,7,15,5,1.3333333333333333,7,16,5,1.0,7,21,1,2.6666666666666665,0.004535675048828125,0.004512786865234375,0.0014328956604003906
12,7,0.45,0.3,optimal,7,13,5,1.3333333333333333,7,15,5,1.0,7,22,0,2.6666666666666665,0.0029935836791992188,0.0020368099212646484,0.00099945068359375
13,7,0.45,0.3,optimal,7,11,5,1.0,7,15,5,1.0,7,21,1,2.6666666666666665,0.004358053207397461,0.0022008419036865234,0.0012879371643066406
14,7,0.45,0.3,optimal,7,14,5,1.3333333333333333,7,15,5,1.3333333333333333,7,23,0,3.0,0.0032486915588378906,0.004024505615234375,0.0030355453491210938
15,7,0.45,0.3,optimal,7,14,5,1.3333333333333333,7,14,5,1.3333333333333333,7,22,0,3.0,0.0035088062286376953,0.005005836486816406,0.00099945068359375
16,7,0.45,0.3,optimal,7,11,5,1.3333333333333333,7,14,5,1.3333333333333333,7,22,0,3.3333333333333335,0.0034110546112060547,0.003638744354248047,0.004854917526245117
17,7,0.45,0.3,optimal,7,12,5,1.0,7,15,5,1.0,7,21,1,2.3333333333333335,0.002974987030029297,0.004007577896118164,0.000997781753540039
18,7,0.45,0.3,optimal,7,11,5,0.6666666666666666,7,12,5,0.6666666666666666,7,21,0,2.6666666666666665,0.0,0.0010063648223876953,0.0
19,7,0.45,0.3,optimal,7,12,5,1.3333333333333333,7,15,5,1.0,7,20,0,3.0,0.0024983882904052734,0.004886627197265625,0.0013124942779541016
20,7,0.45,0.3,optimal,7,14,5,1.6666666666666667,7,15,5,1.6666666666666667,7,23,0,3.3333333333333335,0.0029947757720947266,0.004831552505493164,0.0012097358703613281
21,7,0.45,0.3,optimal,7,14,5,1.3333333333333333,7,14,5,1.3333333333333333,7,22,0,3.0,0.003004789352416992,0.00360107421875,0.0
22,7,0.45,0.3,optimal,7,12,5,0.6666666666666666,7,13,5,0.6666666666666666,7,21,0,2.3333333333333335,0.0041697025299072266,0.0023555755615234375,0.00098419189453125
23,7,0.45,0.3,optimal,7,12,5,1.3333333333333333,7,14,5,1.0,7,21,0,3.0,0.003988742828369141,0.004688262939453125,0.0009999275207519531
24,7,0.45,0.3,optimal,7,16,5,1.3333333333333333,7,17,5,1.3333333333333333,7,23,1,3.0,0.0036835670471191406,0.010504722595214844,0.0010156631469726562
25,7,0.45,0.3,optimal,7,11,5,1.0,7,13,5,1.0,7,21,0,2.6666666666666665,0.0030052661895751953,0.005960702896118164,0.0
26,7,0.45,0.3,optimal,7,11,5,1.3333333333333333,7,12,5,1.3333333333333333,7,21,0,2.3333333333333335,0.0037992000579833984,0.00315093994140625,0.0
27,7,0.45,0.3,optimal,7,13,5,1.3333333333333333,7,14,5,1.0,7,23,0,3.3333333333333335,0.003999948501586914,0.004513263702392578,0.0
28,7,0.45,0.3,optimal,7,13,5,1.6666666666666667,7,16,5,1.6666666666666667,7,24,0,3.3333333333333335,0.003992795944213867,0.0020003318786621094,0.0010097026824951172
29,7,0.45,0.3,optimal,7,12,5,1.0,7,15,5,1.0,7,21,0,2.6666666666666665,0.008526325225830078,0.003998279571533203,0.0010104179382324219
30,7,0.45,0.3,optimal,7,12,5,1.3333333333333333,7,15,5,1.3333333333333333,7,24,0,3.6666666666666665,0.003221750259399414,0.0075681209564208984,0.0015034675598144531
31,7,0.45,0.3,optimal,7,14,5,1.6666666666666667,7,14,5,1.6666666666666667,7,23,0,3.6666666666666665,0.010770320892333984,0.0026702880859375,0.0013651847839355469
32,7,0.45,0.3,optimal,7,12,5,1.3333333333333333,7,13,5,1.3333333333333333,7,20,0,2.6666666666666665,0.003491640090942383,0.004036664962768555,0.0010962486267089844
33,7,0.45,0.3,optimal,7,14,5,1.6666666666666667,7,15,5,1.6666666666666667,7,25,0,3.6666666666666665,0.0030002593994140625,0.004511594772338867,0.0010035037994384766
34,7,0.45,0.3,optimal,7,11,5,1.0,7,12,5,1.0,7,20,0,2.0,0.0020017623901367188,0.0030145645141601562,0.0
35,7,0.45,0.3,optimal,7,12,5,1.3333333333333333,7,14,5,1.3333333333333333,7,24,0,3.6666666666666665,0.008700847625732422,0.004498004913330078,0.0019979476928710938
36,7,0.45,0.3,optimal,7,13,5,1.3333333333333333,7,16,5,1.3333333333333333,7,22,0,3.0,0.003034353256225586,0.003976583480834961,0.0010344982147216797
37,7,0.45,0.3,optimal,7,16,5,1.3333333333333333,7,17,5,1.3333333333333333,7,20,0,3.0,0.0040073394775390625,0.004579305648803711,0.0
38,7,0.45,0.3,optimal,7,11,5,1.3333333333333333,7,15,5,1.3333333333333333,7,24,0,3.3333333333333335,0.004121065139770508,0.004000663757324219,0.0
39,7,0.45,0.3,optimal,7,11,5,0.6666666666666666,7,13,5,0.6666666666666666,7,21,0,2.6666666666666665,0.0,0.0009999275207519531,0.0
40,7,0.45,0.3,optimal,7,15,5,1.3333333333333333,7,16,5,1.3333333333333333,7,23,0,3.0,0.004547119140625,0.0050051212310791016,0.0009980201721191406
41,7,0.45,0.3,optimal,7,14,5,1.3333333333333333,7,15,5,1.3333333333333333,7,23,0,3.3333333333333335,0.0050449371337890625,0.004539012908935547,0.004015684127807617
42,7,0.45,0.3,optimal,7,13,5,1.0,7,14,5,1.0,7,20,0,2.6666666666666665,0.0010387897491455078,0.004493236541748047,0.0012655258178710938
43,7,0.45,0.3,optimal,7,10,5,1.0,7,13,5,1.0,7,21,0,2.6666666666666665,0.009842395782470703,0.005328655242919922,0.0025320053100585938
44,7,0.45,0.3,optimal,7,14,5,1.3333333333333333,7,15,5,1.3333333333333333,7,23,0,3.6666666666666665,0.003987789154052734,0.004256486892700195,0.0020208358764648438
45,7,0.45,0.3,optimal,7,12,5,1.3333333333333333,7,15,5,1.3333333333333333,7,23,0,3.3333333333333335,0.0045092105865478516,0.0030133724212646484,0.002555370330810547
46,7,0.45,0.3,optimal,7,12,5,1.3333333333333333,7,16,5,1.3333333333333333,7,22,0,3.3333333333333335,0.0015044212341308594,0.004008054733276367,0.0
47,7,0.45,0.3,optimal,7,14,5,1.3333333333333333,7,15,5,1.3333333333333333,7,24,0,3.3333333333333335,0.0029959678649902344,0.0035257339477539062,0.001386404037475586
48,7,0.45,0.3,optimal,7,17,4,2.0,7,18,4,1.6666666666666667,7,24,0,3.3333333333333335,0.004095792770385742,0.0029904842376708984,0.0010008811950683594
49,7,0.45,0.3,optimal,7,14,5,1.6666666666666667,7,16,5,1.6666666666666667,7,24,0,3.6666666666666665,0.003542661666870117,0.002996206283569336,0.0
50,7,0.45,0.3,optimal,7,14,5,1.3333333333333333,7,14,5,1.3333333333333333,7,24,0,4.0,0.006892204284667969,0.003459930419921875,0.0020706653594970703
51,7,0.45,0.3,optimal,7,10,5,1.0,7,12,5,1.0,7,19,1,2.3333333333333335,0.007537364959716797,0.00399470329284668,0.000995635986328125
52,7,0.45,0.3,optimal,7,13,5,1.0,7,14,5,1.0,7,20,1,3.0,0.0041599273681640625,0.0030028820037841797,0.0010144710540771484
53,7,0.45,0.3,optimal,7,15,5,1.6666666666666667,7,17,5,1.6666666666666667,7,22,0,4.0,0.0060083866119384766,0.002880573272705078,0.0014870166778564453
54,7,0.45,0.3,optimal,7,11,5,1.3333333333333333,7,15,5,1.3333333333333333,7,21,0,2.6666666666666665,0.001998424530029297,0.004011392593383789,0.0009961128234863281
55,7,0.45,0.3,optimal,7,14,5,1.3333333333333333,7,15,5,1.3333333333333333,7,22,0,3.0,0.003978252410888672,0.00452113151550293,0.0010061264038085938
56,7,0.45,0.3,optimal,7,15,5,1.0,7,15,5,1.0,7,22,0,3.0,0.004741668701171875,0.003985166549682617,0.0
57,7,0.45,0.3,optimal,7,12,5,1.3333333333333333,7,15,5,1.3333333333333333,7,21,1,2.6666666666666665,0.004173755645751953,0.0029976367950439453,0.0010104179382324219
58,7,0.45,0.3,optimal,7,11,5,1.3333333333333333,7,14,5,1.3333333333333333,7,20,0,2.3333333333333335,0.00463414192199707,0.004421234130859375,0.0012359619140625
59,7,0.45,0.3,optimal,7,15,5,1.3333333333333333,7,16,5,1.3333333333333333,7,21,0,2.3333333333333335,0.003542661666870117,0.0020036697387695312,0.0030202865600585938
60,7,0.45,0.3,optimal,7,14,5,1.6666666666666667,7,15,5,1.6666666666666667,7,23,0,3.3333333333333335,0.00410914421081543,0.0035283565521240234,0.0010116100311279297
61,7,0.45,0.3,optimal,7,14,5,1.6666666666666667,7,15,5,1.6666666666666667,7,21,1,3.0,0.004296302795410156,0.004431962966918945,0.0009999275207519531
62,7,0.45,0.3,optimal,7,15,5,1.6666666666666667,7,15,5,1.6666666666666667,7,23,0,3.6666666666666665,0.004005908966064453,0.003517627716064453,0.0014982223510742188
63,7,0.45,0.3,optimal,7,14,5,1.3333333333333333,7,16,5,1.3333333333333333,7,24,0,3.3333333333333335,0.004014730453491211,0.008016824722290039,0.003232717514038086
64,7,0.45,0.3,optimal,7,12,5,1.3333333333333333,7,15,5,1.3333333333333333,7,21,0,3.0,0.004020214080810547,0.0020020008087158203,0.0005049705505371094
65,7,0.45,0.3,optimal,7,13,5,1.3333333333333333,7,14,5,1.3333333333333333,7,22,0,3.0,0.0040013790130615234,0.004519224166870117,0.0010578632354736328
66,7,0.45,0.3,optimal,7,10,5,1.0,7,11,5,1.0,7,20,0,2.0,0.001035451889038086,0.0,0.0009975433349609375
67,7,0.45,0.3,optimal,7,12,5,1.3333333333333333,7,16,5,1.0,7,21,1,3.0,0.003517627716064453,0.002002239227294922,0.0
68,7,0.45,0.3,optimal,7,15,5,1.3333333333333333,7,15,5,1.3333333333333333,7,22,0,3.0,0.0015101432800292969,0.0040090084075927734,0.0009992122650146484
69,7,0.45,0.3,optimal,7,13,5,1.6666666666666667,7,15,5,1.6666666666666667,7,25,0,4.333333333333333,0.0033426284790039062,0.0035970211029052734,0.001094818115234375
70,7,0.45,0.3,optimal,7,13,5,1.0,7,15,5,1.0,7,22,0,2.6666666666666665,0.003511667251586914,0.004363298416137695,0.0010197162628173828
71,7,0.45,0.3,optimal,7,15,5,1.6666666666666667,7,17,5,1.6666666666666667,7,21,0,3.3333333333333335,0.00397944450378418,0.005602359771728516,0.0010075569152832031
72,7,0.45,0.3,optimal,7,11,5,1.0,7,11,5,1.0,7,23,0,3.3333333333333335,0.0029947757720947266,0.005244016647338867,0.0
73,7,0.45,0.3,optimal,7,12,5,1.0,7,13,5,1.0,7,20,0,2.6666666666666665,0.00429534912109375,0.004729270935058594,0.0009849071502685547
74,7,0.45,0.3,optimal,7,15,5,1.6666666666666667,7,18,5,1.6666666666666667,7,21,0,3.0,0.0041675567626953125,0.00399017333984375,0.0009789466857910156
75,7,0.45,0.3,optimal,7,13,5,1.3333333333333333,7,16,5,1.3333333333333333,7,25,0,3.6666666666666665,0.004013776779174805,0.002474069595336914,0.0015196800231933594
76,7,0.45,0.3,optimal,7,16,5,1.6666666666666667,7,17,5,1.6666666666666667,7,23,0,3.6666666666666665,0.003662109375,0.003992795944213867,0.0
77,7,0.45,0.3,optimal,7,13,4,1.6666666666666667,7,15,4,1.6666666666666667,7,20,1,2.6666666666666665,0.0,0.0010099411010742188,0.0
78,7,0.45,0.3,optimal,7,10,5,1.0,7,14,5,1.0,7,21,0,2.6666666666666665,0.0039975643157958984,0.00302886962890625,0.0009980201721191406
79,7,0.45,0.3,optimal,7,15,5,1.3333333333333333,7,18,5,1.3333333333333333,7,24,0,3.3333333333333335,0.0035140514373779297,0.003998279571533203,0.0035109519958496094
80,7,0.45,0.3,optimal,7,13,5,1.3333333333333333,7,16,5,1.3333333333333333,7,22,1,2.6666666666666665,0.004501819610595703,0.004996538162231445,0.0
81,7,0.45,0.3,optimal,7,12,5,1.3333333333333333,7,13,5,1.3333333333333333,7,22,0,3.0,0.004526853561401367,0.0030341148376464844,0.0030524730682373047
82,7,0.45,0.3,optimal,7,14,5,1.0,7,15,5,1.0,7,20,0,2.6666666666666665,0.004000186920166016,0.003512859344482422,0.004955291748046875
83,7,0.45,0.3,optimal,7,12,5,1.3333333333333333,7,14,5,1.3333333333333333,7,20,1,2.3333333333333335,0.003031015396118164,0.0032088756561279297,0.0005128383636474609
84,7,0.45,0.3,optimal,7,13,5,1.3333333333333333,7,14,5,1.3333333333333333,7,20,0,2.3333333333333335,0.00304412841796875,0.0043947696685791016,0.0009789466857910156
85,7,0.45,0.3,optimal,7,15,5,1.3333333333333333,7,17,5,1.3333333333333333,7,23,0,3.6666666666666665,0.0030088424682617188,0.0020008087158203125,0.0010104179382324219
86,7,0.45,0.3,optimal,7,16,5,1.3333333333333333,7,16,5,1.3333333333333333,7,22,1,2.6666666666666665,0.0029914379119873047,0.005237102508544922,0.0030074119567871094
87,7,0.45,0.3,optimal,7,12,5,0.6666666666666666,7,16,5,0.6666666666666666,7,20,0,2.0,0.003517627716064453,0.0019998550415039062,0.0
88,7,0.45,0.3,optimal,7,14,5,1.3333333333333333,7,15,5,1.3333333333333333,7,23,0,3.0,0.0035190582275390625,0.0052738189697265625,0.0018048286437988281
89,7,0.45,0.3,optimal,7,13,5,1.0,7,15,5,1.0,7,20,0,2.3333333333333335,0.003556966781616211,0.0020363330841064453,0.0010356903076171875
90,7,0.45,0.3,optimal,7,12,5,0.6666666666666666,7,14,5,0.6666666666666666,7,19,0,2.3333333333333335,0.0029969215393066406,0.004523515701293945,0.0009982585906982422
91,7,0.45,0.3,optimal,7,14,5,1.3333333333333333,7,16,5,1.3333333333333333,7,21,0,3.0,0.0035119056701660156,0.0034008026123046875,0.0010006427764892578
92,7,0.45,0.3,optimal,7,13,5,1.3333333333333333,7,16,5,1.3333333333333333,7,23,0,3.0,0.003528594970703125,0.0032129287719726562,0.002507448196411133
93,7,0.45,0.3,optimal,7,12,5,1.6666666666666667,7,16,5,1.6666666666666667,7,24,0,3.6666666666666665,0.003550291061401367,0.0049915313720703125,0.0035529136657714844
94,7,0.45,0.3,optimal,7,13,5,1.3333333333333333,7,16,5,1.3333333333333333,7,21,0,2.6666666666666665,0.004008293151855469,0.003527402877807617,0.0010128021240234375
95,7,0.45,0.3,optimal,7,13,4,2.0,7,18,4,1.6666666666666667,7,23,0,3.6666666666666665,0.002506256103515625,0.0034799575805664062,0.0035512447357177734
96,7,0.45,0.3,optimal,7,15,5,1.3333333333333333,7,16,5,1.3333333333333333,7,21,0,3.0,0.003261089324951172,0.004979372024536133,0.00426483154296875
97,7,0.45,0.3,optimal,7,11,5,1.0,7,13,5,1.0,7,20,0,2.0,0.0035085678100585938,0.003533601760864258,0.0014522075653076172
98,7,0.45,0.3,optimal,7,11,5,1.0,7,13,5,1.0,7,20,0,2.6666666666666665,0.003745555877685547,0.004709720611572266,0.0010476112365722656
99,7,0.45,0.3,optimal,7,13,5,1.0,7,13,5,1.0,7,22,0,2.6666666666666665,0.00493168830871582,0.004010200500488281,0.0010132789611816406
0,7,0.45,0.5,optimal,7,16,5,1.3333333333333333,7,16,5,1.3333333333333333,7,22,0,2.6666666666666665,0.004844188690185547,0.004583120346069336,0.0
1,7,0.45,0.5,optimal,7,13,5,1.3333333333333333,7,18,5,1.3333333333333333,7,23,1,3.0,0.002997159957885742,0.0020084381103515625,0.0009975433349609375
2,7,0.45,0.5,optimal,7,12,5,0.6666666666666666,7,12,5,0.6666666666666666,7,20,0,2.0,0.0010690689086914062,0.004561185836791992,0.0009999275207519531
3,7,0.45,0.5,optimal,7,16,5,1.6666666666666667,7,17,5,1.6666666666666667,7,24,0,3.6666666666666665,0.003531217575073242,0.0010094642639160156,0.0
4,7,0.45,0.5,optimal,7,14,5,1.3333333333333333,7,16,5,1.3333333333333333,7,23,0,3.0,0.0030052661895751953,0.0035715103149414062,0.0033559799194335938
5,7,0.45,0.5,optimal,7,14,5,1.3333333333333333,7,16,5,1.3333333333333333,7,23,0,3.0,0.0025725364685058594,0.002979755401611328,0.0030927658081054688
6,7,0.45,0.5,optimal,7,15,5,1.3333333333333333,7,17,5,1.3333333333333333,7,23,0,3.3333333333333335,0.005003213882446289,0.0015103816986083984,0.0
7,7,0.45,0.5,optimal,7,16,5,1.3333333333333333,7,17,5,1.3333333333333333,7,24,0,3.6666666666666665,0.003524303436279297,0.002097606658935547,0.0
8,7,0.45,0.5,optimal,7,14,5,1.0,7,14,5,1.0,7,22,0,2.6666666666666665,0.0042705535888671875,0.0019989013671875,0.0010309219360351562
9,7,0.45,0.5,optimal,7,15,5,1.3333333333333333,7,15,5,1.3333333333333333,7,23,0,3.0,0.0035049915313720703,0.004106760025024414,0.0007634162902832031
10,7,0.45,0.5,optimal,7,14,5,1.0,7,16,5,1.0,7,22,0,2.6666666666666665,0.0035295486450195312,0.003240346908569336,0.0014717578887939453
11,7,0.45,0.5,optimal,7,16,5,1.3333333333333333,7,17,5,1.3333333333333333,7,22,0,3.0,0.003846883773803711,0.0040090084075927734,0.0009953975677490234
12,7,0.45,0.5,optimal,7,14,5,1.3333333333333333,7,16,5,1.3333333333333333,7,23,0,3.0,0.003509044647216797,0.005228519439697266,0.0
13,7,0.45,0.5,optimal,7,12,5,1.0,7,15,5,1.0,7,23,0,3.0,0.003513336181640625,0.0030982494354248047,0.0
14,7,0.45,0.5,optimal,7,15,5,1.3333333333333333,7,17,5,1.3333333333333333,7,23,0,3.0,0.0033388137817382812,0.003362417221069336,0.002628326416015625
15,7,0.45,0.5,optimal,7,16,5,1.3333333333333333,7,16,5,1.3333333333333333,7,22,0,3.0,0.004517793655395508,0.010653018951416016,0.0015075206756591797
16,7,0.45,0.5,optimal,7,12,5,1.3333333333333333,7,16,5,1.3333333333333333,7,23,0,3.3333333333333335,0.003567934036254883,0.003986358642578125,0.003591299057006836
17,7,0.45,0.5,optimal,7,12,5,1.0,7,15,5,1.0,7,21,1,2.3333333333333335,0.0035593509674072266,0.004992246627807617,0.002775907516479492
18,7,0.45,0.5,optimal,7,14,5,0.6666666666666666,7,14,5,0.6666666666666666,7,22,0,2.6666666666666665,0.0020034313201904297,0.002555370330810547,0.001012563705444336
19,7,0.45,0.5,optimal,7,12,5,1.3333333333333333,7,15,5,1.0,7,22,0,3.3333333333333335,0.0030062198638916016,0.004535198211669922,0.0010046958923339844
20,7,0.45,0.5,optimal,7,14,5,1.6666666666666667,7,16,5,1.6666666666666667,7,24,0,3.3333333333333335,0.003002643585205078,0.004008769989013672,0.009951114654541016
21,7,0.45,0.5,optimal,7,16,5,1.3333333333333333,7,16,5,1.3333333333333333,7,24,0,3.3333333333333335,0.0029914379119873047,0.0035185813903808594,0.0009996891021728516
22,7,0.45,0.5,optimal,7,13,5,0.6666666666666666,7,14,5,0.6666666666666666,7,21,0,2.3333333333333335,0.003981351852416992,0.002042055130004883,0.0
23,7,0.45,0.5,optimal,7,14,5,1.3333333333333333,7,16,5,1.0,7,22,0,2.6666666666666665,0.003525972366333008,0.011831998825073242,0.0054187774658203125
24,7,0.45,0.5,optimal,7,17,5,1.3333333333333333,7,18,5,1.3333333333333333,7,24,0,3.3333333333333335,0.004015922546386719,0.003995656967163086,0.001008749008178711
25,7,0.45,0.5,optimal,7,13,5,1.0,7,15,5,1.0,7,21,0,2.6666666666666665,0.004529237747192383,0.0019996166229248047,0.001001119613647461
26,7,0.45,0.5,optimal,7,12,5,1.3333333333333333,7,15,5,1.3333333333333333,7,22,1,2.6666666666666665,0.0366215705871582,0.023526906967163086,0.004047393798828125
27,7,0.45,0.5,optimal,7,13,5,1.3333333333333333,7,15,5,1.0,7,24,0,3.6666666666666665,0.0035097599029541016,0.00474858283996582,0.0010085105895996094
28,7,0.45,0.5,optimal,7,14,5,1.6666666666666667,7,18,5,1.6666666666666667,7,25,0,3.6666666666666665,0.0034093856811523438,0.002697467803955078,0.0009965896606445312
29,7,0.45,0.5,optimal,7,12,5,1.0,7,16,5,1.0,7,21,0,2.3333333333333335,0.0038099288940429688,0.005474090576171875,0.0010981559753417969
30,7,0.45,0.5,optimal,7,13,5,1.3333333333333333,7,17,5,1.3333333333333333,7,24,0,3.3333333333333335,0.0057561397552490234,0.0049703121185302734,0.0010006427764892578
31,7,0.45,0.5,optimal,7,16,5,1.6666666666666667,7,17,5,1.6666666666666667,7,26,0,4.0,0.003998994827270508,0.004604339599609375,0.0009968280792236328
32,7,0.45,0.5,optimal,7,12,5,1.3333333333333333,7,16,5,1.3333333333333333,7,22,0,3.3333333333333335,0.003998279571533203,0.003261566162109375,0.0
33,7,0.45,0.5,optimal,7,14,5,1.6666666666666667,7,15,5,1.6666666666666667,7,26,0,4.0,0.003985166549682617,0.005652189254760742,0.003962993621826172
34,7,0.45,0.5,optimal,7,13,5,1.0,7,14,5,1.0,7,22,0,2.6666666666666665,0.0009949207305908203,0.0010001659393310547,0.0
35,7,0.45,0.5,optimal,7,14,5,1.3333333333333333,7,16,5,1.3333333333333333,7,25,0,3.6666666666666665,0.00399470329284668,0.003040790557861328,0.0017590522766113281
36,7,0.45,0.5,optimal,7,14,5,1.3333333333333333,7,17,5,1.0,7,22,0,3.0,0.003979682922363281,0.005012989044189453,0.0013451576232910156
37,7,0.45,0.5,optimal,7,17,5,1.3333333333333333,7,17,5,1.3333333333333333,7,23,0,3.3333333333333335,0.0030031204223632812,0.0020570755004882812,0.0005114078521728516
38,7,0.45,0.5,optimal,7,16,5,1.3333333333333333,7,17,5,1.3333333333333333,7,25,0,3.6666666666666665,0.003528594970703125,0.0029954910278320312,0.0014984607696533203
39,7,0.45,0.5,optimal,7,12,5,0.6666666666666666,7,14,5,0.6666666666666666,7,21,0,2.6666666666666665,0.0009946823120117188,0.0010004043579101562,0.0010042190551757812
40,7,0.45,0.5,optimal,7,16,5,1.3333333333333333,7,17,5,1.3333333333333333,7,23,0,3.0,0.004735469818115234,0.004042387008666992,0.0005040168762207031
41,7,0.45,0.5,optimal,7,16,5,1.3333333333333333,7,17,5,1.3333333333333333,7,24,0,3.3333333333333335,0.003485441207885742,0.005656719207763672,0.0009968280792236328
42,7,0.45,0.5,optimal,7,15,5,1.0,7,15,5,1.0,7,21,0,2.6666666666666665,0.0009989738464355469,0.00429224967956543,0.0010542869567871094
43,7,0.45,0.5,optimal,7,12,5,1.0,7,15,5,1.0,7,22,0,2.6666666666666665,0.004871368408203125,0.004996538162231445,0.0035581588745117188
44,7,0.45,0.5,optimal,7,15,5,1.3333333333333333,7,17,5,1.3333333333333333,7,25,0,3.6666666666666665,0.004532814025878906,0.004364490509033203,0.0
45,7,0.45,0.5,optimal,7,14,5,1.3333333333333333,7,16,5,1.3333333333333333,7,24,0,3.3333333333333335,0.005021095275878906,0.003730297088623047,0.002391338348388672
46,7,0.45,0.5,optimal,7,14,5,1.3333333333333333,7,18,5,1.3333333333333333,7,25,0,3.6666666666666665,0.0019991397857666016,0.003005504608154297,0.0010075569152832031
47,7,0.45,0.5,optimal,7,16,5,1.3333333333333333,7,17,5,1.3333333333333333,7,24,0,3.3333333333333335,0.0030164718627929688,0.004528999328613281,0.0009946823120117188
48,7,0.45,0.5,optimal,7,17,4,2.0,7,18,4,1.6666666666666667,7,24,0,3.3333333333333335,0.0035283565521240234,0.0019979476928710938,0.0035448074340820312
49,7,0.45,0.5,optimal,7,15,5,1.6666666666666667,7,16,5,1.6666666666666667,7,24,0,3.3333333333333335,0.004517793655395508,0.002002716064453125,0.0009999275207519531
50,7,0.45,0.5,optimal,7,14,5,1.3333333333333333,7,14,5,1.3333333333333333,7,25,0,4.0,0.0035130977630615234,0.0020673274993896484,0.000997781753540039
51,7,0.45,0.5,optimal,7,11,5,1.0,7,14,5,1.0,7,22,0,2.6666666666666665,0.0034439563751220703,0.004060983657836914,0.0011985301971435547
52,7,0.45,0.5,optimal,7,14,5,1.0,7,15,5,1.0,7,22,0,3.3333333333333335,0.0030498504638671875,0.003239870071411133,0.0
53,7,0.45,0.5,optimal,7,16,5,1.6666666666666667,7,19,5,1.6666666666666667,7,25,0,4.333333333333333,0.004603862762451172,0.003312349319458008,0.0
54,7,0.45,0.5,optimal,7,12,5,1.3333333333333333,7,17,5,1.3333333333333333,7,23,0,3.0,0.005531787872314453,0.006534099578857422,0.001001596450805664
55,7,0.45,0.5,optimal,7,17,5,1.3333333333333333,7,17,5,1.3333333333333333,7,23,0,3.0,0.0045261383056640625,0.0029973983764648438,0.0009970664978027344
56,7,0.45,0.5,optimal,7,15,5,1.0,7,15,5,1.0,7,23,0,3.0,0.004035472869873047,0.004519224166870117,0.0020284652709960938
57,7,0.45,0.5,optimal,7,13,5,1.3333333333333333,7,16,5,1.3333333333333333,7,22,0,3.0,0.00400543212890625,0.0037584304809570312,0.0010008811950683594
58,7,0.45,0.5,optimal,7,12,5,1.3333333333333333,7,17,5,1.3333333333333333,7,23,0,3.0,0.0022573471069335938,0.00449824333190918,0.0
59,7,0.45,0.5,optimal,7,16,5,1.3333333333333333,7,17,5,1.3333333333333333,7,22,0,2.6666666666666665,0.002997875213623047,0.001990795135498047,0.0029854774475097656
60,7,0.45,0.5,optimal,7,16,5,1.6666666666666667,7,17,5,1.6666666666666667,7,23,0,3.3333333333333335,0.0030019283294677734,0.004563331604003906,0.001001119613647461
61,7,0.45,0.5,optimal,7,15,5,1.6666666666666667,7,17,5,1.6666666666666667,7,22,0,3.3333333333333335,0.003554105758666992,0.009753704071044922,0.003000020980834961
62,7,0.45,0.5,optimal,7,16,5,1.6666666666666667,7,18,5,1.6666666666666667,7,25,0,3.6666666666666665,0.0040798187255859375,0.0036139488220214844,0.0032014846801757812
63,7,0.45,0.5,optimal,7,14,5,1.3333333333333333,7,18,5,1.3333333333333333,7,24,0,3.3333333333333335,0.0030448436737060547,0.0039904117584228516,0.014190912246704102
64,7,0.45,0.5,optimal,7,13,5,1.3333333333333333,7,16,5,1.3333333333333333,7,23,0,3.0,0.0045163631439208984,0.0030345916748046875,0.0010023117065429688
65,7,0.45,0.5,optimal,7,16,5,1.3333333333333333,7,17,5,1.3333333333333333,7,24,0,3.3333333333333335,0.003306150436401367,0.004528045654296875,0.001007080078125
66,7,0.45,0.5,optimal,7,11,5,1.0,7,13,5,1.0,7,22,0,2.6666666666666665,0.0014758110046386719,0.0,0.0010335445404052734
67,7,0.45,0.5,optimal,7,13,5,1.3333333333333333,7,16,5,1.3333333333333333,7,22,0,2.6666666666666665,0.003772258758544922,0.003014802932739258,0.0014696121215820312
68,7,0.45,0.5,optimal,7,15,5,1.3333333333333333,7,15,5,1.3333333333333333,7,23,0,3.0,0.0005056858062744141,0.004521846771240234,0.0030074119567871094
69,7,0.45,0.5,optimal,7,14,5,1.6666666666666667,7,17,5,1.6666666666666667,7,25,0,4.333333333333333,0.0035147666931152344,0.0030014514923095703,0.003951072692871094
70,7,0.45,0.5,optimal,7,13,5,1.0,7,16,5,1.0,7,22,0,2.6666666666666665,0.003996849060058594,0.004527568817138672,0.0
71,7,0.45,0.5,optimal,7,17,5,1.6666666666666667,7,18,5,1.6666666666666667,7,22,0,3.0,0.003111600875854492,0.0050127506256103516,0.0
72,7,0.45,0.5,optimal,7,13,5,1.0,7,13,5,1.0,7,24,0,3.3333333333333335,0.003506183624267578,0.004605531692504883,0.0015053749084472656
73,7,0.45,0.5,optimal,7,14,5,1.0,7,14,5,1.0,7,21,0,2.3333333333333335,0.0035207271575927734,0.0045337677001953125,0.001523733139038086
74,7,0.45,0.5,optimal,7,16,5,1.6666666666666667,7,18,5,1.6666666666666667,7,24,0,3.3333333333333335,0.00400090217590332,0.004525661468505859,0.001100778579711914
75,7,0.45,0.5,optimal,7,15,5,1.3333333333333333,7,17,5,1.3333333333333333,7,25,0,3.6666666666666665,0.003553628921508789,0.01009988784790039,0.0030066967010498047
76,7,0.45,0.5,optimal,7,17,5,1.6666666666666667,7,18,5,1.6666666666666667,7,23,0,3.3333333333333335,0.003003835678100586,0.004154682159423828,0.0
77,7,0.45,0.5,optimal,7,15,4,1.6666666666666667,7,17,4,1.6666666666666667,7,21,1,2.3333333333333335,0.0009927749633789062,0.0035276412963867188,0.0009968280792236328
78,7,0.45,0.5,optimal,7,13,5,1.0,7,15,5,1.0,7,21,0,2.6666666666666665,0.0029993057250976562,0.003001689910888672,0.0009992122650146484
79,7,0.45,0.5,optimal,7,15,5,1.3333333333333333,7,18,5,1.3333333333333333,7,24,0,3.3333333333333335,0.0030007362365722656,0.004464387893676758,0.0010154247283935547
80,7,0.45,0.5,optimal,7,16,5,1.3333333333333333,7,18,5,1.3333333333333333,7,23,0,3.0,0.003998756408691406,0.004360675811767578,0.0010099411010742188
81,7,0.45,0.5,optimal,7,14,5,1.3333333333333333,7,15,5,1.3333333333333333,7,22,0,3.0,0.0030078887939453125,0.0029985904693603516,0.00402522087097168
82,7,0.45,0.5,optimal,7,15,5,1.0,7,17,5,1.0,7,21,0,2.6666666666666665,0.00501704216003418,0.006556272506713867,0.0015032291412353516
83,7,0.45,0.5,optimal,7,13,5,1.3333333333333333,7,16,5,1.3333333333333333,7,23,0,3.3333333333333335,0.012600898742675781,0.010051250457763672,0.0009987354278564453
84,7,0.45,0.5,optimal,7,15,5,1.3333333333333333,7,17,5,1.3333333333333333,7,22,1,2.6666666666666665,0.003990888595581055,0.0035436153411865234,0.0010001659393310547
85,7,0.45,0.5,optimal,7,17,5,1.3333333333333333,7,17,5,1.3333333333333333,7,25,0,3.6666666666666665,0.004515409469604492,0.002994060516357422,0.0010120868682861328
86,7,0.45,0.5,optimal,7,17,5,1.3333333333333333,7,17,5,1.3333333333333333,7,23,0,3.0,0.0031867027282714844,0.003525972366333008,0.0010128021240234375
87,7,0.45,0.5,optimal,7,15,5,0.6666666666666666,7,16,5,0.6666666666666666,7,20,0,2.0,0.004013776779174805,0.0025086402893066406,0.001165151596069336
88,7,0.45,0.5,optimal,7,15,5,1.3333333333333333,7,15,5,1.3333333333333333,7,24,0,3.3333333333333335,0.0040013790130615234,0.0035185813903808594,0.003091096878051758
89,7,0.45,0.5,optimal,7,14,5,1.0,7,15,5,1.0,7,22,0,2.6666666666666665,0.003976345062255859,0.0030760765075683594,0.0
90,7,0.45,0.5,optimal,7,13,5,0.6666666666666666,7,16,5,0.6666666666666666,7,20,1,2.0,0.003000020980834961,0.003498554229736328,0.0014729499816894531
91,7,0.45,0.5,optimal,7,14,5,1.3333333333333333,7,17,5,1.3333333333333333,7,23,0,3.3333333333333335,0.0039005279541015625,0.003988981246948242,0.0005068778991699219
92,7,0.45,0.5,optimal,7,14,5,1.3333333333333333,7,17,5,1.3333333333333333,7,23,0,3.0,0.003034830093383789,0.0029997825622558594,0.003712177276611328
93,7,0.45,0.5,optimal,7,16,5,1.6666666666666667,7,19,5,1.6666666666666667,7,25,0,3.6666666666666665,0.003981113433837891,0.005025386810302734,0.008108139038085938
94,7,0.45,0.5,optimal,7,14,5,1.3333333333333333,7,17,5,1.3333333333333333,7,22,0,2.6666666666666665,0.003214597702026367,0.0047719478607177734,0.0
95,7,0.45,0.5,optimal,7,15,4,2.0,7,18,4,1.6666666666666667,7,24,0,3.6666666666666665,0.003515005111694336,0.002998828887939453,0.003523588180541992
96,7,0.45,0.5,optimal,7,17,5,1.3333333333333333,7,18,5,1.3333333333333333,7,23,0,3.0,0.003075122833251953,0.002997875213623047,0.0025129318237304688
97,7,0.45,0.5,optimal,7,11,5,1.0,7,14,5,1.0,7,22,0,2.6666666666666665,0.003030538558959961,0.0019989013671875,0.0009999275207519531
98,7,0.45,0.5,optimal,7,13,5,1.0,7,15,5,1.0,7,22,0,2.6666666666666665,0.0039746761322021484,0.005149126052856445,0.0010426044464111328
99,7,0.45,0.5,optimal,7,14,5,1.0,7,14,5,1.0,7,22,0,2.6666666666666665,0.004000425338745117,0.0032472610473632812,0.0
0,7,0.45,0.7,optimal,7,17,5,1.3333333333333333,7,17,5,1.3333333333333333,7,23,0,3.0,0.003542661666870117,0.0052373409271240234,0.0005273818969726562
1,7,0.45,0.7,optimal,7,15,5,1.3333333333333333,7,18,5,1.3333333333333333,7,23,0,3.3333333333333335,0.004521369934082031,0.0034286975860595703,0.0
2,7,0.45,0.7,optimal,7,13,5,0.6666666666666666,7,13,5,0.6666666666666666,7,20,0,2.0,0.0009999275207519531,0.0029990673065185547,0.0010128021240234375
3,7,0.45,0.7,optimal,7,17,5,1.6666666666666667,7,17,5,1.6666666666666667,7,24,0,3.6666666666666665,0.0030007362365722656,0.001997709274291992,0.0
4,7,0.45,0.7,optimal,7,17,5,1.3333333333333333,7,17,5,1.3333333333333333,7,23,0,3.0,0.0035178661346435547,0.0029942989349365234,0.0029447078704833984
5,7,0.45,0.7,optimal,7,15,5,1.3333333333333333,7,17,5,1.3333333333333333,7,23,0,3.0,0.004033327102661133,0.0029828548431396484,0.0031599998474121094
6,7,0.45,0.7,optimal,7,17,5,1.3333333333333333,7,18,5,1.3333333333333333,7,23,0,3.3333333333333335,0.003030538558959961,0.0020003318786621094,0.0
7,7,0.45,0.7,optimal,7,16,5,1.3333333333333333,7,17,5,1.3333333333333333,7,25,0,3.6666666666666665,0.00452733039855957,0.002121448516845703,0.0
8,7,0.45,0.7,optimal,7,16,5,1.0,7,17,5,1.0,7,22,0,2.6666666666666665,0.003998756408691406,0.0029985904693603516,0.0009963512420654297
9,7,0.45,0.7,optimal,7,17,5,1.3333333333333333,7,17,5,1.3333333333333333,7,23,0,3.0,0.003977775573730469,0.004160165786743164,0.0013880729675292969
10,7,0.45,0.7,optimal,7,15,5,1.0,7,17,5,1.0,7,22,0,2.6666666666666665,0.0030002593994140625,0.0033354759216308594,0.003712177276611328
11,7,0.45,0.7,optimal,7,18,5,1.3333333333333333,7,18,5,1.3333333333333333,7,23,0,3.3333333333333335,0.003000974655151367,0.004398822784423828,0.00099945068359375
12,7,0.45,0.7,optimal,7,14,5,1.3333333333333333,7,17,5,1.3333333333333333,7,23,0,3.0,0.004002094268798828,0.0025136470794677734,0.000993967056274414
13,7,0.45,0.7,optimal,7,14,5,1.0,7,16,5,1.0,7,23,0,3.0,0.0030002593994140625,0.005219221115112305,0.0010042190551757812
14,7,0.45,0.7,optimal,7,15,5,1.3333333333333333,7,18,5,1.3333333333333333,7,23,0,3.0,0.003509044647216797,0.0045201778411865234,0.00400996208190918
15,7,0.45,0.7,optimal,7,18,5,1.3333333333333333,7,18,5,1.3333333333333333,7,23,0,3.0,0.0029997825622558594,0.004523038864135742,0.0030059814453125
16,7,0.45,0.7,optimal,7,13,5,1.3333333333333333,7,17,5,1.3333333333333333,7,23,0,3.3333333333333335,0.0040242671966552734,0.004289388656616211,0.0030875205993652344
17,7,0.45,0.7,optimal,7,15,5,1.0,7,16,5,1.0,7,22,0,2.6666666666666665,0.0038356781005859375,0.0031456947326660156,0.0
18,7,0.45,0.7,optimal,7,15,5,0.6666666666666666,7,15,5,0.6666666666666666,7,22,0,2.6666666666666665,0.0009999275207519531,0.0010027885437011719,0.0015263557434082031
19,7,0.45,0.7,optimal,7,14,5,1.3333333333333333,7,16,5,1.3333333333333333,7,23,0,3.3333333333333335,0.0020003318786621094,0.00401616096496582,0.0
20,7,0.45,0.7,optimal,7,16,5,1.6666666666666667,7,17,5,1.6666666666666667,7,24,0,3.3333333333333335,0.0020041465759277344,0.003977775573730469,0.001960277557373047
21,7,0.45,0.7,optimal,7,17,5,1.3333333333333333,7,17,5,1.3333333333333333,7,24,0,3.3333333333333335,0.0034329891204833984,0.004472255706787109,0.0009884834289550781
22,7,0.45,0.7,optimal,7,14,5,0.6666666666666666,7,15,5,0.6666666666666666,7,21,0,2.3333333333333335,0.003069162368774414,0.0030210018157958984,0.0
23,7,0.45,0.7,optimal,7,16,5,1.3333333333333333,7,17,5,1.0,7,22,0,2.6666666666666665,0.003988504409790039,0.015103340148925781,0.0010066032409667969
24,7,0.45,0.7,optimal,7,18,5,1.3333333333333333,7,18,5,1.3333333333333333,7,24,0,3.3333333333333335,0.003990888595581055,0.0045282840728759766,0.0009870529174804688
25,7,0.45,0.7,optimal,7,15,5,1.0,7,16,5,1.0,7,22,0,2.6666666666666665,0.003528594970703125,0.0024929046630859375,0.0010004043579101562
26,7,0.45,0.7,optimal,7,13,5,1.3333333333333333,7,15,5,1.3333333333333333,7,23,0,3.0,0.0035552978515625,0.004308223724365234,0.0
27,7,0.45,0.7,optimal,7,14,5,1.3333333333333333,7,15,5,1.3333333333333333,7,25,0,3.6666666666666665,0.003999471664428711,0.003075122833251953,0.0
28,7,0.45,0.7,optimal,7,15,5,1.6666666666666667,7,19,5,1.6666666666666667,7,25,0,3.6666666666666665,0.003980398178100586,0.0031921863555908203,0.003011941909790039
29,7,0.45,0.7,optimal,7,14,5,1.0,7,16,5,1.0,7,22,0,2.6666666666666665,0.003998517990112305,0.0020046234130859375,0.0009951591491699219
30,7,0.45,0.7,optimal,7,15,5,1.3333333333333333,7,17,5,1.3333333333333333,7,25,0,3.6666666666666665,0.0035142898559570312,0.004535198211669922,0.004027843475341797
31,7,0.45,0.7,optimal,7,17,5,1.6666666666666667,7,19,5,1.6666666666666667,7,27,0,4.333333333333333,0.0030155181884765625,0.004042148590087891,0.0012857913970947266
32,7,0.45,0.7,optimal,7,14,5,1.3333333333333333,7,16,5,1.3333333333333333,7,24,0,3.3333333333333335,0.003030538558959961,0.003003835678100586,0.002768993377685547
33,7,0.45,0.7,optimal,7,15,5,1.6666666666666667,7,17,5,1.6666666666666667,7,26,0,4.0,0.004895925521850586,0.005535602569580078,0.0033750534057617188
34,7,0.45,0.7,optimal,7,15,5,1.0,7,15,5,1.0,7,22,0,2.6666666666666665,0.0009958744049072266,0.0015337467193603516,0.0010921955108642578
35,7,0.45,0.7,optimal,7,16,5,1.3333333333333333,7,18,5,1.3333333333333333,7,25,0,3.6666666666666665,0.00409245491027832,0.0038590431213378906,0.0010335445404052734
36,7,0.45,0.7,optimal,7,16,5,1.3333333333333333,7,18,5,1.3333333333333333,7,24,0,3.3333333333333335,0.004772663116455078,0.003999233245849609,0.0
37,7,0.45,0.7,optimal,7,17,5,1.3333333333333333,7,18,5,1.3333333333333333,7,23,0,3.0,0.003988027572631836,0.0020368099212646484,0.0
38,7,0.45,0.7,optimal,7,17,5,1.3333333333333333,7,18,5,1.3333333333333333,7,25,0,3.6666666666666665,0.0035657882690429688,0.003986358642578125,0.0009992122650146484
39,7,0.45,0.7,optimal,7,14,5,0.6666666666666666,7,15,5,0.6666666666666666,7,21,0,2.6666666666666665,0.0,0.0009996891021728516,0.0009999275207519531
40,7,0.45,0.7,optimal,7,16,5,1.3333333333333333,7,18,5,1.3333333333333333,7,23,0,3.0,0.003515005111694336,0.004473209381103516,0.0009877681732177734
41,7,0.45,0.7,optimal,7,17,5,1.3333333333333333,7,18,5,1.3333333333333333,7,24,0,3.3333333333333335,0.004526853561401367,0.004019737243652344,0.0015115737915039062
42,7,0.45,0.7,optimal,7,15,5,1.0,7,16,5,1.0,7,22,0,2.6666666666666665,0.0013134479522705078,0.004048824310302734,0.0014998912811279297
43,7,0.45,0.7,optimal,7,15,5,1.0,7,17,5,1.0,7,22,0,2.6666666666666665,0.004000425338745117,0.002015352249145508,0.003174304962158203
44,7,0.45,0.7,optimal,7,18,5,1.3333333333333333,7,18,5,1.3333333333333333,7,25,0,3.6666666666666665,0.0029828548431396484,0.004426002502441406,0.0
45,7,0.45,0.7,optimal,7,16,5,1.3333333333333333,7,17,5,1.3333333333333333,7,24,0,3.3333333333333335,0.0036537647247314453,0.0040128231048583984,0.002490520477294922
46,7,0.45,0.7,optimal,7,18,5,1.3333333333333333,7,18,5,1.3333333333333333,7,25,0,4.0,0.0015101432800292969,0.004142284393310547,0.003034353256225586
47,7,0.45,0.7,optimal,7,16,5,1.3333333333333333,7,17,5,1.3333333333333333,7,24,0,3.3333333333333335,0.007020473480224609,0.009812355041503906,0.0034646987915039062
48,7,0.45,0.7,optimal,7,18,4,2.0,7,18,4,2.0,7,24,0,3.3333333333333335,0.00455784797668457,0.006597042083740234,0.0010340213775634766
49,7,0.45,0.7,optimal,7,18,5,1.6666666666666667,7,18,5,1.6666666666666667,7,24,0,3.6666666666666665,0.004212856292724609,0.0056934356689453125,0.0009975433349609375
50,7,0.45,0.7,optimal,7,15,5,1.3333333333333333,7,15,5,1.3333333333333333,7,26,0,4.0,0.003999948501586914,0.003133535385131836,0.0025191307067871094
51,7,0.45,0.7,optimal,7,13,5,1.0,7,16,5,1.0,7,22,0,2.6666666666666665,0.004521846771240234,0.010539531707763672,0.002393960952758789
52,7,0.45,0.7,optimal,7,15,5,1.0,7,16,5,1.0,7,23,0,3.0,0.00656437873840332,0.0058667659759521484,0.0
53,7,0.45,0.7,optimal,7,18,5,1.6666666666666667,7,19,5,1.6666666666666667,7,26,0,4.333333333333333,0.003002643585205078,0.0019998550415039062,0.0033745765686035156
54,7,0.45,0.7,optimal,7,13,5,1.3333333333333333,7,18,5,1.3333333333333333,7,23,0,3.0,0.004103422164916992,0.004401445388793945,0.002003908157348633
55,7,0.45,0.7,optimal,7,17,5,1.3333333333333333,7,17,5,1.3333333333333333,7,23,0,3.0,0.00402069091796875,0.005038022994995117,0.0010004043579101562
56,7,0.45,0.7,optimal,7,16,5,1.0,7,16,5,1.0,7,23,0,3.0,0.003644227981567383,0.002003192901611328,0.001300811767578125
57,7,0.45,0.7,optimal,7,14,5,1.3333333333333333,7,16,5,1.3333333333333333,7,22,0,3.0,0.007774829864501953,0.007542610168457031,0.0010001659393310547
58,7,0.45,0.7,optimal,7,14,5,1.3333333333333333,7,18,5,1.3333333333333333,7,23,0,3.0,0.005572319030761719,0.004513263702392578,0.001007080078125
59,7,0.45,0.7,optimal,7,17,5,1.3333333333333333,7,18,5,1.3333333333333333,7,23,0,3.0,0.003002643585205078,0.001999378204345703,0.003015279769897461
60,7,0.45,0.7,optimal,7,17,5,1.6666666666666667,7,19,5,1.6666666666666667,7,24,0,3.3333333333333335,0.0030040740966796875,0.0025098323822021484,0.0012211799621582031
61,7,0.45,0.7,optimal,7,18,5,1.6666666666666667,7,18,5,1.6666666666666667,7,23,0,3.0,0.0042116641998291016,0.004751443862915039,0.004010200500488281
62,7,0.45,0.7,optimal,7,17,5,1.6666666666666667,7,19,5,1.6666666666666667,7,25,0,3.6666666666666665,0.006555080413818359,0.0038721561431884766,0.002444744110107422
63,7,0.45,0.7,optimal,7,17,5,1.3333333333333333,7,18,5,1.3333333333333333,7,24,0,3.3333333333333335,0.003998994827270508,0.0010044574737548828,0.003004789352416992
64,7,0.45,0.7,optimal,7,14,5,1.3333333333333333,7,17,5,1.3333333333333333,7,24,0,3.6666666666666665,0.004518747329711914,0.004002094268798828,0.0010030269622802734
65,7,0.45,0.7,optimal,7,17,5,1.3333333333333333,7,18,5,1.3333333333333333,7,24,0,3.3333333333333335,0.004064798355102539,0.0030355453491210938,0.0010001659393310547
66,7,0.45,0.7,optimal,7,14,5,1.0,7,14,5,1.0,7,22,0,2.6666666666666665,0.0010058879852294922,0.002007722854614258,0.0009963512420654297
67,7,0.45,0.7,optimal,7,15,5,1.3333333333333333,7,16,5,1.3333333333333333,7,23,0,3.3333333333333335,0.003589153289794922,0.004003047943115234,0.00099945068359375
68,7,0.45,0.7,optimal,7,15,5,1.3333333333333333,7,15,5,1.3333333333333333,7,23,0,3.0,0.0010120868682861328,0.0030012130737304688,0.0
69,7,0.45,0.7,optimal,7,14,5,1.6666666666666667,7,19,5,1.6666666666666667,7,26,0,4.333333333333333,0.00438690185546875,0.002378225326538086,0.0025386810302734375
70,7,0.45,0.7,optimal,7,16,5,1.0,7,17,5,1.0,7,22,0,2.6666666666666665,0.0034720897674560547,0.00451350212097168,0.0
71,7,0.45,0.7,optimal,7,18,5,1.6666666666666667,7,19,5,1.6666666666666667,7,25,0,3.6666666666666665,0.005405426025390625,0.007014274597167969,0.0020291805267333984
72,7,0.45,0.7,optimal,7,14,5,1.0,7,15,5,1.0,7,25,0,3.6666666666666665,0.003998279571533203,0.005590677261352539,0.0
73,7,0.45,0.7,optimal,7,15,5,1.0,7,15,5,1.0,7,21,0,2.6666666666666665,0.004010200500488281,0.004156589508056641,0.0011973381042480469
74,7,0.45,0.7,optimal,7,18,5,1.6666666666666667,7,19,5,1.6666666666666667,7,24,0,3.3333333333333335,0.0030062198638916016,0.005002021789550781,0.0010020732879638672
75,7,0.45,0.7,optimal,7,16,5,1.3333333333333333,7,18,5,1.3333333333333333,7,25,0,3.6666666666666665,0.00675201416015625,0.0039997100830078125,0.0009999275207519531
76,7,0.45,0.7,optimal,7,18,5,1.6666666666666667,7,19,5,1.6666666666666667,7,24,0,3.3333333333333335,0.005785942077636719,0.008230209350585938,0.001001596450805664
77,7,0.45,0.7,optimal,7,17,4,1.6666666666666667,7,19,4,1.6666666666666667,7,22,1,2.6666666666666665,0.0010151863098144531,0.0029973983764648438,0.002540111541748047
78,7,0.45,0.7,optimal,7,14,5,1.0,7,16,5,1.0,7,22,0,2.6666666666666665,0.0029969215393066406,0.004854679107666016,0.0010080337524414062
79,7,0.45,0.7,optimal,7,15,5,1.3333333333333333,7,18,5,1.3333333333333333,7,24,0,3.3333333333333335,0.0040280818939208984,0.00515294075012207,0.0010046958923339844
80,7,0.45,0.7,optimal,7,16,5,1.3333333333333333,7,18,5,1.3333333333333333,7,23,0,3.0,0.003998517990112305,0.013760566711425781,0.002001047134399414
81,7,0.45,0.7,optimal,7,16,5,1.3333333333333333,7,18,5,1.3333333333333333,7,23,0,3.0,0.003468036651611328,0.0029993057250976562,0.005185127258300781
82,7,0.45,0.7,optimal,7,15,5,1.0,7,17,5,1.0,7,22,0,2.6666666666666665,0.002996206283569336,0.001996278762817383,0.0010194778442382812
83,7,0.45,0.7,optimal,7,16,5,1.3333333333333333,7,18,5,1.3333333333333333,7,24,0,3.3333333333333335,0.0030159950256347656,0.003520965576171875,0.0009996891021728516
84,7,0.45,0.7,optimal,7,17,5,1.3333333333333333,7,18,5,1.3333333333333333,7,22,1,2.6666666666666665,0.0035238265991210938,0.0040285587310791016,0.00098419189453125
85,7,0.45,0.7,optimal,7,18,5,1.3333333333333333,7,18,5,1.3333333333333333,7,25,0,3.6666666666666665,0.004011869430541992,0.003997087478637695,0.0010018348693847656
86,7,0.45,0.7,optimal,7,18,5,1.3333333333333333,7,18,5,1.3333333333333333,7,23,0,3.0,0.0040242671966552734,0.0050508975982666016,0.0010001659393310547
87,7,0.45,0.7,optimal,7,15,5,0.6666666666666666,7,16,5,0.6666666666666666,7,21,0,2.3333333333333335,0.0054779052734375,0.004010200500488281,0.0011615753173828125
88,7,0.45,0.7,optimal,7,16,5,1.3333333333333333,7,16,5,1.3333333333333333,7,24,0,3.3333333333333335,0.0030066967010498047,0.006488323211669922,0.004564046859741211
89,7,0.45,0.7,optimal,7,14,5,1.0,7,16,5,1.0,7,22,0,2.6666666666666665,0.006412029266357422,0.0030117034912109375,0.0035064220428466797
90,7,0.45,0.7,optimal,7,13,5,0.6666666666666666,7,16,5,0.6666666666666666,7,21,0,2.3333333333333335,0.004988670349121094,0.004273414611816406,0.0029840469360351562
91,7,0.45,0.7,optimal,7,16,5,1.3333333333333333,7,18,5,1.3333333333333333,7,24,0,3.3333333333333335,0.006396293640136719,0.00406193733215332,0.0009999275207519531
92,7,0.45,0.7,optimal,7,15,5,1.3333333333333333,7,18,5,1.3333333333333333,7,23,0,3.0,0.0043413639068603516,0.004348039627075195,0.003801107406616211
93,7,0.45,0.7,optimal,7,18,5,1.6666666666666667,7,19,5,1.6666666666666667,7,25,0,3.6666666666666665,0.003541231155395508,0.0040438175201416016,0.003527402877807617
94,7,0.45,0.7,optimal,7,17,5,1.3333333333333333,7,18,5,1.3333333333333333,7,24,0,3.3333333333333335,0.003522157669067383,0.004006624221801758,0.002507925033569336
95,7,0.45,0.7,optimal,7,16,4,2.0,7,19,4,1.6666666666666667,7,25,0,3.6666666666666665,0.0051653385162353516,0.004174947738647461,0.0029091835021972656
96,7,0.45,0.7,optimal,7,18,5,1.3333333333333333,7,18,5,1.3333333333333333,7,23,0,3.0,0.003332376480102539,0.005185604095458984,0.0036361217498779297
97,7,0.45,0.7,optimal,7,12,5,1.0,7,14,5,1.0,7,22,0,2.6666666666666665,0.004564046859741211,0.002054929733276367,0.0009965896606445312
98,7,0.45,0.7,optimal,7,13,5,1.0,7,15,5,1.0,7,22,0,2.6666666666666665,0.0034945011138916016,0.004768848419189453,0.0
99,7,0.45,0.7,optimal,7,16,5,1.0,7,16,5,1.0,7,22,0,2.6666666666666665,0.0030012130737304688,0.001998424530029297,0.0010142326354980469
0,7,0.6,0.3,optimal,7,14,5,1.3333333333333333,7,15,5,1.0,7,21,0,2.6666666666666665,0.0045623779296875,0.0029997825622558594,0.0
1,7,0.6,0.3,optimal,7,14,5,1.3333333333333333,7,15,5,1.3333333333333333,7,24,0,3.3333333333333335,0.0054433345794677734,0.0035240650177001953,0.0020127296447753906
2,7,0.6,0.3,optimal,7,10,5,0.6666666666666666,7,13,5,0.6666666666666666,7,18,0,2.0,0.002523183822631836,0.0045473575592041016,0.004523754119873047
3,7,0.6,0.3,optimal,7,18,5,1.6666666666666667,7,18,5,1.6666666666666667,7,24,0,3.6666666666666665,0.003431558609008789,0.0025353431701660156,0.0031309127807617188
4,7,0.6,0.3,optimal,7,14,5,1.3333333333333333,7,15,5,1.3333333333333333,7,22,0,3.0,0.005975961685180664,0.008586883544921875,0.0023088455200195312
5,7,0.6,0.3,optimal,7,13,5,1.3333333333333333,7,15,5,1.3333333333333333,7,22,0,3.0,0.0044896602630615234,0.0055692195892333984,0.003834247589111328
6,7,0.6,0.3,optimal,7,12,5,1.3333333333333333,7,15,5,1.3333333333333333,7,22,0,3.3333333333333335,0.004888057708740234,0.003546476364135742,0.003700733184814453
7,7,0.6,0.3,optimal,7,13,5,1.3333333333333333,7,15,5,1.3333333333333333,7,23,0,3.3333333333333335,0.0035352706909179688,0.0040225982666015625,0.005459308624267578
8,7,0.6,0.3,optimal,7,10,5,1.0,7,13,5,1.0,7,21,0,2.6666666666666665,0.003519773483276367,0.0053594112396240234,0.005382537841796875
9,7,0.6,0.3,optimal,7,11,5,1.3333333333333333,7,13,5,1.3333333333333333,7,21,0,2.6666666666666665,0.004000186920166016,0.004837751388549805,0.0024340152740478516
10,7,0.6,0.3,optimal,7,12,5,1.0,7,16,5,1.0,7,21,0,2.6666666666666665,0.0035190582275390625,0.003998756408691406,0.0045206546783447266
11,7,0.6,0.3,optimal,7,13,5,1.3333333333333333,7,16,5,1.3333333333333333,7,22,0,3.0,0.0040051937103271484,0.003392934799194336,0.0024743080139160156
12,7,0.6,0.3,optimal,7,11,5,1.3333333333333333,7,16,5,1.3333333333333333,7,22,0,3.0,0.003565073013305664,0.004008769989013672,0.004603147506713867
13,7,0.6,0.3,optimal,7,12,5,1.3333333333333333,7,15,5,1.3333333333333333,7,21,0,3.0,0.004842519760131836,0.0068547725677490234,0.008854389190673828
14,7,0.6,0.3,optimal,7,13,5,1.3333333333333333,7,16,5,1.3333333333333333,7,23,0,3.0,0.004986763000488281,0.004385709762573242,0.004001617431640625
15,7,0.6,0.3,optimal,7,15,5,1.3333333333333333,7,16,5,1.3333333333333333,7,22,0,2.6666666666666665,0.007625579833984375,0.006030559539794922,0.00408172607421875
16,7,0.6,0.3,optimal,7,14,5,1.3333333333333333,7,14,5,1.3333333333333333,7,23,0,3.3333333333333335,0.0030159950256347656,0.004761219024658203,0.0035343170166015625
17,7,0.6,0.3,optimal,7,13,5,1.0,7,15,5,1.0,7,22,0,2.6666666666666665,0.005689382553100586,0.0062215328216552734,0.0031828880310058594
18,7,0.6,0.3,optimal,7,14,5,1.0,7,15,5,1.0,7,21,0,2.3333333333333335,0.0041158199310302734,0.004047870635986328,0.003423452377319336
19,7,0.6,0.3,optimal,7,12,5,1.3333333333333333,7,15,5,1.3333333333333333,7,22,0,3.3333333333333335,0.004744768142700195,0.0052068233489990234,0.005059957504272461
20,7,0.6,0.3,optimal,7,12,5,1.6666666666666667,7,17,5,1.6666666666666667,7,24,0,3.3333333333333335,0.0029997825622558594,0.0040132999420166016,0.003524303436279297
21,7,0.6,0.3,optimal,7,11,5,1.0,7,14,5,1.0,7,22,0,3.3333333333333335,0.004531145095825195,0.0040056705474853516,0.005548715591430664
22,7,0.6,0.3,optimal,7,10,5,0.6666666666666666,7,14,5,0.6666666666666666,7,21,0,2.3333333333333335,0.004457235336303711,0.005397319793701172,0.0029931068420410156
23,7,0.6,0.3,optimal,7,14,5,1.3333333333333333,7,15,5,1.0,7,21,0,2.6666666666666665,0.0054149627685546875,0.00399017333984375,0.004003047943115234
24,7,0.6,0.3,optimal,7,14,5,1.3333333333333333,7,17,5,1.3333333333333333,7,23,0,3.3333333333333335,0.00421452522277832,0.005516767501831055,0.004116058349609375
25,7,0.6,0.3,optimal,7,12,5,1.0,7,15,5,0.6666666666666666,7,21,0,2.6666666666666665,0.002996206283569336,0.003996133804321289,0.0
26,7,0.6,0.3,optimal,7,12,5,1.3333333333333333,7,13,5,1.3333333333333333,7,22,0,3.0,0.006189107894897461,0.005656003952026367,0.0030105113983154297
27,7,0.6,0.3,optimal,7,12,5,1.6666666666666667,7,16,5,1.6666666666666667,7,25,0,3.6666666666666665,0.00598907470703125,0.005548954010009766,0.0033795833587646484
28,7,0.6,0.3,optimal,7,12,5,1.6666666666666667,7,17,5,1.6666666666666667,7,24,0,3.6666666666666665,0.0030019283294677734,0.009144306182861328,0.0020232200622558594
29,7,0.6,0.3,optimal,7,12,5,1.0,7,15,5,1.0,7,21,0,2.6666666666666665,0.0055239200592041016,0.005102396011352539,0.0035305023193359375
30,7,0.6,0.3,optimal,7,12,5,1.3333333333333333,7,16,5,1.3333333333333333,7,24,0,3.6666666666666665,0.003869771957397461,0.004001617431640625,0.0039904117584228516
31,7,0.6,0.3,optimal,7,13,5,1.6666666666666667,7,16,5,1.6666666666666667,7,25,0,4.333333333333333,0.003000497817993164,0.004030704498291016,0.00654911994934082
32,7,0.6,0.3,optimal,7,12,5,1.3333333333333333,7,14,5,1.3333333333333333,7,22,0,3.3333333333333335,0.0025300979614257812,0.0057735443115234375,0.003033876419067383
33,7,0.6,0.3,optimal,7,13,5,1.6666666666666667,7,15,5,1.6666666666666667,7,25,0,4.0,0.0046041011810302734,0.004567623138427734,0.0030536651611328125
34,7,0.6,0.3,optimal,7,12,5,1.0,7,15,5,0.6666666666666666,7,20,0,2.3333333333333335,0.003756284713745117,0.003976345062255859,0.0034813880920410156
35,7,0.6,0.3,optimal,7,12,5,1.3333333333333333,7,16,5,1.3333333333333333,7,24,0,3.6666666666666665,0.003977537155151367,0.005041360855102539,0.002542257308959961
36,7,0.6,0.3,optimal,7,12,5,1.3333333333333333,7,17,5,1.0,7,23,0,3.0,0.0030367374420166016,0.004233598709106445,0.003997087478637695
37,7,0.6,0.3,optimal,7,13,5,1.3333333333333333,7,17,5,1.3333333333333333,7,23,0,3.3333333333333335,0.003499269485473633,0.0059888362884521484,0.003020763397216797
38,7,0.6,0.3,optimal,7,14,5,1.3333333333333333,7,16,5,1.3333333333333333,7,24,0,3.3333333333333335,0.004563570022583008,0.00402379035949707,0.004340171813964844
39,7,0.6,0.3,optimal,7,13,5,1.0,7,15,5,1.0,7,22,0,2.6666666666666665,0.0039975643157958984,0.005486965179443359,0.0
40,7,0.6,0.3,optimal,7,15,5,1.3333333333333333,7,17,5,1.3333333333333333,7,23,0,3.0,0.0033447742462158203,0.00354766845703125,0.003347635269165039
41,7,0.6,0.3,optimal,7,12,5,1.3333333333333333,7,15,5,1.3333333333333333,7,23,0,3.3333333333333335,0.004501819610595703,0.004981279373168945,0.0042188167572021484
42,7,0.6,0.3,optimal,7,12,5,1.0,7,15,5,1.0,7,21,0,2.6666666666666665,0.00507354736328125,0.0039861202239990234,0.004555225372314453
43,7,0.6,0.3,optimal,7,12,5,1.0,7,15,5,1.0,7,22,0,2.6666666666666665,0.004290580749511719,0.004117488861083984,0.004605770111083984
44,7,0.6,0.3,optimal,7,14,5,1.3333333333333333,7,16,5,1.3333333333333333,7,22,1,3.3333333333333335,0.0045392513275146484,0.004996061325073242,0.004458189010620117
45,7,0.6,0.3,optimal,7,13,5,1.3333333333333333,7,15,5,1.3333333333333333,7,23,0,3.3333333333333335,0.0035233497619628906,0.005002260208129883,0.004010200500488281
46,7,0.6,0.3,optimal,7,12,5,1.3333333333333333,7,16,5,1.3333333333333333,7,23,0,3.6666666666666665,0.004525184631347656,0.006144523620605469,0.0050165653228759766
47,7,0.6,0.3,optimal,7,13,5,1.3333333333333333,7,16,5,1.3333333333333333,7,24,0,3.3333333333333335,0.010548830032348633,0.006527900695800781,0.0065805912017822266
48,7,0.6,0.3,optimal,7,15,5,1.3333333333333333,7,17,5,1.3333333333333333,7,24,0,3.3333333333333335,0.003999948501586914,0.007054567337036133,0.004010438919067383
49,7,0.6,0.3,optimal,7,13,5,1.6666666666666667,7,16,5,1.6666666666666667,7,24,0,3.6666666666666665,0.002827882766723633,0.004518270492553711,0.0024662017822265625
50,7,0.6,0.3,optimal,7,13,5,1.3333333333333333,7,16,5,1.3333333333333333,7,25,0,3.6666666666666665,0.003988504409790039,0.0030069351196289062,0.004257678985595703
51,7,0.6,0.3,optimal,7,12,5,1.0,7,14,5,1.0,7,20,0,2.6666666666666665,0.004518985748291016,0.004784345626831055,0.005049943923950195
52,7,0.6,0.3,optimal,7,15,5,1.3333333333333333,7,17,5,1.3333333333333333,7,22,0,3.3333333333333335,0.0029931068420410156,0.004552125930786133,0.004010438919067383
53,7,0.6,0.3,optimal,7,14,5,1.6666666666666667,7,18,5,1.6666666666666667,7,24,1,4.0,0.00400233268737793,0.004965066909790039,0.004016876220703125
54,7,0.6,0.3,optimal,7,11,5,1.3333333333333333,7,17,5,1.3333333333333333,7,22,0,2.6666666666666665,0.005401134490966797,0.004014253616333008,0.002518177032470703
55,7,0.6,0.3,optimal,7,14,5,1.3333333333333333,7,15,5,1.3333333333333333,7,22,0,2.6666666666666665,0.005238533020019531,0.008089542388916016,0.008023738861083984
56,7,0.6,0.3,optimal,7,15,5,1.3333333333333333,7,16,5,1.3333333333333333,7,22,0,2.6666666666666665,0.0035369396209716797,0.004975080490112305,0.004992008209228516
57,7,0.6,0.3,optimal,7,12,5,1.3333333333333333,7,16,5,1.3333333333333333,7,21,0,3.0,0.004553794860839844,0.006743669509887695,0.0030660629272460938
58,7,0.6,0.3,optimal,7,12,5,1.3333333333333333,7,16,5,1.3333333333333333,7,22,1,2.6666666666666665,0.005451679229736328,0.005344867706298828,0.0045244693756103516
59,7,0.6,0.3,optimal,7,17,5,1.3333333333333333,7,17,5,1.3333333333333333,7,22,0,2.6666666666666665,0.004004240036010742,0.004011631011962891,0.0025205612182617188
60,7,0.6,0.3,optimal,7,15,5,1.6666666666666667,7,17,5,1.6666666666666667,7,23,0,3.3333333333333335,0.00322723388671875,0.004601716995239258,0.002009868621826172
61,7,0.6,0.3,optimal,7,14,5,1.6666666666666667,7,15,5,1.6666666666666667,7,22,0,3.3333333333333335,0.0043599605560302734,0.0039937496185302734,0.005032539367675781
62,7,0.6,0.3,optimal,7,14,5,1.6666666666666667,7,19,5,1.6666666666666667,7,24,0,3.3333333333333335,0.00503993034362793,0.004002809524536133,0.0035572052001953125
63,7,0.6,0.3,optimal,7,14,5,1.3333333333333333,7,16,5,1.3333333333333333,7,24,0,3.3333333333333335,0.0046465396881103516,0.0055615901947021484,0.004757881164550781
64,7,0.6,0.3,optimal,7,13,5,1.3333333333333333,7,15,5,1.3333333333333333,7,22,0,3.0,0.0043947696685791016,0.004984378814697266,0.003000974655151367
65,7,0.6,0.3,optimal,7,13,5,1.3333333333333333,7,17,5,1.3333333333333333,7,23,0,3.3333333333333335,0.003000020980834961,0.003560781478881836,0.0019965171813964844
66,7,0.6,0.3,optimal,7,10,5,1.0,7,11,5,1.0,7,21,0,2.3333333333333335,0.0014529228210449219,0.0020003318786621094,0.0015311241149902344
67,7,0.6,0.3,optimal,7,14,5,1.3333333333333333,7,17,5,1.0,7,22,0,3.3333333333333335,0.005113840103149414,0.0038182735443115234,0.0055425167083740234
68,7,0.6,0.3,optimal,7,14,5,1.3333333333333333,7,17,5,1.3333333333333333,7,22,0,3.0,0.005222797393798828,0.00550079345703125,0.0010097026824951172
69,7,0.6,0.3,optimal,7,13,5,1.6666666666666667,7,15,5,1.6666666666666667,7,26,0,4.333333333333333,0.004556894302368164,0.005535602569580078,0.004327297210693359
70,7,0.6,0.3,optimal,7,14,5,1.0,7,16,5,1.0,7,22,0,2.6666666666666665,0.004525661468505859,0.005522966384887695,0.004007101058959961
71,7,0.6,0.3,optimal,7,15,5,1.6666666666666667,7,18,5,1.6666666666666667,7,23,0,3.3333333333333335,0.007467985153198242,0.005998373031616211,0.005297183990478516
72,7,0.6,0.3,optimal,7,16,5,1.6666666666666667,7,17,5,1.6666666666666667,7,24,0,3.3333333333333335,0.003950357437133789,0.005036354064941406,0.0034050941467285156
73,7,0.6,0.3,optimal,7,13,5,1.0,7,13,5,1.0,7,20,1,2.3333333333333335,0.0034918785095214844,0.008183956146240234,0.0020139217376708984
74,7,0.6,0.3,optimal,7,16,5,1.6666666666666667,7,18,5,1.6666666666666667,7,22,0,3.0,0.006193876266479492,0.005011081695556641,0.005522489547729492
75,7,0.6,0.3,optimal,7,13,5,1.3333333333333333,7,16,5,1.3333333333333333,7,25,0,3.6666666666666665,0.006392002105712891,0.0045163631439208984,0.004528045654296875
76,7,0.6,0.3,optimal,7,16,5,1.6666666666666667,7,17,5,1.6666666666666667,7,24,0,3.6666666666666665,0.002952098846435547,0.003042936325073242,0.004575014114379883
77,7,0.6,0.3,optimal,7,13,5,1.3333333333333333,7,13,5,1.3333333333333333,7,21,0,2.6666666666666665,0.005328655242919922,0.004561185836791992,0.0019872188568115234
78,7,0.6,0.3,optimal,7,12,5,1.0,7,15,5,1.0,7,21,0,2.6666666666666665,0.003541707992553711,0.004994630813598633,0.005032777786254883
79,7,0.6,0.3,optimal,7,15,5,1.3333333333333333,7,18,5,1.3333333333333333,7,24,0,3.3333333333333335,0.005492210388183594,0.005133152008056641,0.003999948501586914
80,7,0.6,0.3,optimal,7,13,5,1.3333333333333333,7,16,5,1.3333333333333333,7,22,0,2.6666666666666665,0.003999948501586914,0.005795001983642578,0.003003358840942383
81,7,0.6,0.3,optimal,7,13,5,1.3333333333333333,7,14,5,1.3333333333333333,7,22,0,3.0,0.0054895877838134766,0.004721403121948242,0.0045397281646728516
82,7,0.6,0.3,optimal,7,12,5,1.0,7,16,5,1.0,7,20,0,2.3333333333333335,0.0040013790130615234,0.003531932830810547,0.004098653793334961
83,7,0.6,0.3,optimal,7,11,5,1.3333333333333333,7,15,5,1.3333333333333333,7,23,0,3.3333333333333335,0.003539562225341797,0.004586935043334961,0.004020214080810547
84,7,0.6,0.3,optimal,7,16,5,1.3333333333333333,7,16,5,1.3333333333333333,7,22,1,2.6666666666666665,0.0030508041381835938,0.003023386001586914,0.004174947738647461
85,7,0.6,0.3,optimal,7,14,5,1.3333333333333333,7,18,5,1.3333333333333333,7,24,0,3.6666666666666665,0.003338336944580078,0.003337383270263672,0.0035524368286132812
86,7,0.6,0.3,optimal,7,13,5,1.3333333333333333,7,17,5,1.3333333333333333,7,22,0,3.0,0.002998828887939453,0.004860401153564453,0.0029973983764648438
87,7,0.6,0.3,optimal,7,12,5,0.6666666666666666,7,16,5,0.6666666666666666,7,21,0,2.3333333333333335,0.005955934524536133,0.004766702651977539,0.0033292770385742188
88,7,0.6,0.3,optimal,7,14,5,1.3333333333333333,7,16,5,1.3333333333333333,7,23,0,3.3333333333333335,0.003369569778442383,0.0035707950592041016,0.00405120849609375
89,7,0.6,0.3,optimal,7,14,5,1.0,7,15,5,1.0,7,21,0,2.6666666666666665,0.0038614273071289062,0.005005359649658203,0.0030024051666259766
90,7,0.6,0.3,optimal,7,13,5,0.6666666666666666,7,15,5,0.6666666666666666,7,20,0,2.3333333333333335,0.003999948501586914,0.003513813018798828,0.003536701202392578
91,7,0.6,0.3,optimal,7,14,5,1.3333333333333333,7,17,5,1.3333333333333333,7,23,1,3.0,0.0038356781005859375,0.0060040950775146484,0.0030384063720703125
92,7,0.6,0.3,optimal,7,14,5,1.3333333333333333,7,18,5,1.3333333333333333,7,23,0,3.0,0.003871917724609375,0.004158735275268555,0.0030100345611572266
93,7,0.6,0.3,optimal,7,12,5,1.6666666666666667,7,17,5,1.6666666666666667,7,24,0,3.6666666666666665,0.0052623748779296875,0.0035791397094726562,0.0030028820037841797
94,7,0.6,0.3,optimal,7,14,5,1.3333333333333333,7,16,5,1.3333333333333333,7,23,0,3.3333333333333335,0.002530813217163086,0.0032520294189453125,0.0025098323822021484
95,7,0.6,0.3,optimal,7,15,5,1.3333333333333333,7,15,5,1.3333333333333333,7,24,0,3.6666666666666665,0.0035483837127685547,0.004999876022338867,0.003039836883544922
96,7,0.6,0.3,optimal,7,14,5,1.3333333333333333,7,17,5,1.3333333333333333,7,23,0,3.0,0.003996133804321289,0.005429267883300781,0.004000663757324219
97,7,0.6,0.3,optimal,7,13,5,1.0,7,14,5,1.0,7,20,0,2.6666666666666665,0.0020303726196289062,0.0029990673065185547,0.0050487518310546875
98,7,0.6,0.3,optimal,7,10,5,1.0,7,13,5,1.0,7,22,0,2.6666666666666665,0.003535032272338867,0.004004478454589844,0.004115581512451172
99,7,0.6,0.3,optimal,7,11,5,1.0,7,16,5,1.0,7,22,0,2.6666666666666665,0.003525257110595703,0.003627777099609375,0.004172086715698242
0,7,0.6,0.5,optimal,7,16,5,1.3333333333333333,7,17,5,1.3333333333333333,7,23,0,3.0,0.006131649017333984,0.0040149688720703125,0.0014789104461669922
1,7,0.6,0.5,optimal,7,14,5,1.3333333333333333,7,18,5,1.3333333333333333,7,24,0,3.3333333333333335,0.003997087478637695,0.0039844512939453125,0.004532814025878906
2,7,0.6,0.5,optimal,7,11,5,0.6666666666666666,7,14,5,0.6666666666666666,7,21,0,2.3333333333333335,0.0030896663665771484,0.004002809524536133,0.0036139488220214844
3,7,0.6,0.5,optimal,7,18,5,1.6666666666666667,7,18,5,1.6666666666666667,7,24,0,3.6666666666666665,0.003003835678100586,0.002999544143676758,0.0029823780059814453
4,7,0.6,0.5,optimal,7,18,5,1.3333333333333333,7,18,5,1.3333333333333333,7,23,0,3.0,0.00545501708984375,0.0040051937103271484,0.005529165267944336
5,7,0.6,0.5,optimal,7,13,5,1.3333333333333333,7,17,5,1.3333333333333333,7,23,0,3.0,0.006508827209472656,0.0033063888549804688,0.0040073394775390625
6,7,0.6,0.5,optimal,7,13,5,1.3333333333333333,7,17,5,1.3333333333333333,7,23,0,3.3333333333333335,0.004110097885131836,0.003740072250366211,0.0033652782440185547
7,7,0.6,0.5,optimal,7,15,5,1.3333333333333333,7,18,5,1.3333333333333333,7,24,0,3.6666666666666665,0.003187894821166992,0.0039942264556884766,0.0035097599029541016
8,7,0.6,0.5,optimal,7,12,5,1.0,7,14,5,1.0,7,22,0,2.6666666666666665,0.004483222961425781,0.004198789596557617,0.0033006668090820312
9,7,0.6,0.5,optimal,7,13,5,1.3333333333333333,7,16,5,1.3333333333333333,7,23,0,3.0,0.0029811859130859375,0.004601716995239258,0.0025186538696289062
10,7,0.6,0.5,optimal,7,16,5,1.0,7,17,5,1.0,7,22,0,2.6666666666666665,0.003997087478637695,0.005230426788330078,0.004307746887207031
11,7,0.6,0.5,optimal,7,15,5,1.3333333333333333,7,17,5,1.3333333333333333,7,23,0,3.0,0.005002737045288086,0.00400543212890625,0.003011941909790039
12,7,0.6,0.5,optimal,7,13,5,1.3333333333333333,7,17,5,1.3333333333333333,7,23,0,3.0,0.003154754638671875,0.0038111209869384766,0.0034966468811035156
13,7,0.6,0.5,optimal,7,14,5,1.3333333333333333,7,18,5,1.3333333333333333,7,23,0,3.0,0.0032126903533935547,0.004513978958129883,0.004004001617431641
14,7,0.6,0.5,optimal,7,15,5,1.3333333333333333,7,18,5,1.3333333333333333,7,23,0,3.0,0.003980875015258789,0.003049135208129883,0.003526926040649414
15,7,0.6,0.5,optimal,7,16,5,1.3333333333333333,7,17,5,1.3333333333333333,7,22,0,2.6666666666666665,0.004022836685180664,0.0039844512939453125,0.004621267318725586
16,7,0.6,0.5,optimal,7,16,5,1.3333333333333333,7,16,5,1.3333333333333333,7,24,0,3.3333333333333335,0.004528999328613281,0.004366636276245117,0.0032320022583007812
17,7,0.6,0.5,optimal,7,13,5,1.0,7,15,5,1.0,7,22,0,2.6666666666666665,0.003564119338989258,0.006281614303588867,0.004030942916870117
18,7,0.6,0.5,optimal,7,15,5,1.0,7,17,5,1.0,7,22,0,2.6666666666666665,0.0034313201904296875,0.0055408477783203125,0.003511190414428711
19,7,0.6,0.5,optimal,7,12,5,1.3333333333333333,7,16,5,1.3333333333333333,7,23,0,3.0,0.00401759147644043,0.004876852035522461,0.0029850006103515625
20,7,0.6,0.5,optimal,7,14,5,1.6666666666666667,7,18,5,1.6666666666666667,7,24,0,3.3333333333333335,0.005020856857299805,0.004872798919677734,0.0030155181884765625
21,7,0.6,0.5,optimal,7,13,5,1.0,7,15,5,1.0,7,23,0,3.3333333333333335,0.0030341148376464844,0.002992868423461914,0.004636049270629883
22,7,0.6,0.5,optimal,7,14,5,0.6666666666666666,7,16,5,0.6666666666666666,7,21,0,2.3333333333333335,0.0030002593994140625,0.0025081634521484375,0.0039751529693603516
23,7,0.6,0.5,optimal,7,17,5,1.3333333333333333,7,18,5,1.3333333333333333,7,23,0,3.0,0.005082607269287109,0.003999948501586914,0.004060983657836914
24,7,0.6,0.5,optimal,7,16,5,1.3333333333333333,7,18,5,1.3333333333333333,7,24,0,3.3333333333333335,0.004010915756225586,0.007630348205566406,0.004609346389770508
25,7,0.6,0.5,optimal,7,12,5,1.0,7,16,5,0.6666666666666666,7,21,0,2.6666666666666665,0.0032482147216796875,0.006933927536010742,0.0024039745330810547
26,7,0.6,0.5,optimal,7,14,5,1.3333333333333333,7,15,5,1.3333333333333333,7,23,0,3.0,0.005011796951293945,0.004994630813598633,0.005698442459106445
27,7,0.6,0.5,optimal,7,14,5,1.6666666666666667,7,17,5,1.6666666666666667,7,25,0,3.6666666666666665,0.003999948501586914,0.003999471664428711,0.004736900329589844
28,7,0.6,0.5,optimal,7,13,5,1.6666666666666667,7,19,5,1.6666666666666667,7,25,0,3.6666666666666665,0.005554676055908203,0.005579948425292969,0.003012418746948242
29,7,0.6,0.5,optimal,7,13,5,1.0,7,16,5,1.0,7,21,0,2.6666666666666665,0.0055141448974609375,0.0029997825622558594,0.0025353431701660156
30,7,0.6,0.5,optimal,7,14,5,1.3333333333333333,7,17,5,1.3333333333333333,7,25,0,3.6666666666666665,0.005009174346923828,0.005011081695556641,0.004534006118774414
31,7,0.6,0.5,optimal,7,15,5,1.6666666666666667,7,18,5,1.6666666666666667,7,27,0,4.333333333333333,0.0030145645141601562,0.0035169124603271484,0.0039823055267333984
32,7,0.6,0.5,optimal,7,12,5,1.3333333333333333,7,16,5,1.3333333333333333,7,24,0,3.3333333333333335,0.002001047134399414,0.004533290863037109,0.004376649856567383
33,7,0.6,0.5,optimal,7,14,5,1.6666666666666667,7,16,5,1.6666666666666667,7,26,0,4.0,0.004110097885131836,0.005026340484619141,0.004055976867675781
34,7,0.6,0.5,optimal,7,15,5,1.0,7,16,5,1.0,7,22,0,2.6666666666666665,0.004536151885986328,0.007284402847290039,0.004018068313598633
35,7,0.6,0.5,optimal,7,14,5,1.3333333333333333,7,18,5,1.3333333333333333,7,25,0,3.6666666666666665,0.004998207092285156,0.004044055938720703,0.0021135807037353516
36,7,0.6,0.5,optimal,7,13,5,1.3333333333333333,7,17,5,1.3333333333333333,7,23,0,3.0,0.006450653076171875,0.005617856979370117,0.008312702178955078
37,7,0.6,0.5,optimal,7,13,5,1.3333333333333333,7,18,5,1.3333333333333333,7,24,0,3.3333333333333335,0.009887933731079102,0.013099193572998047,0.0065157413482666016
38,7,0.6,0.5,optimal,7,15,5,1.3333333333333333,7,18,5,1.3333333333333333,7,25,0,3.6666666666666665,0.0075228214263916016,0.01276540756225586,0.0050241947174072266
39,7,0.6,0.5,optimal,7,13,5,1.0,7,15,5,1.0,7,22,0,2.6666666666666665,0.007623195648193359,0.009546279907226562,0.0015211105346679688
40,7,0.6,0.5,optimal,7,16,5,1.3333333333333333,7,18,5,1.3333333333333333,7,23,0,3.0,0.0055332183837890625,0.004629611968994141,0.0065152645111083984
41,7,0.6,0.5,optimal,7,13,5,1.3333333333333333,7,17,5,1.3333333333333333,7,24,0,3.3333333333333335,0.005831241607666016,0.005652189254760742,0.0044901371002197266
42,7,0.6,0.5,optimal,7,14,5,1.0,7,16,5,1.0,7,22,0,2.6666666666666665,0.008184671401977539,0.010929584503173828,0.0050885677337646484
43,7,0.6,0.5,optimal,7,13,5,1.0,7,15,5,1.0,7,22,0,2.6666666666666665,0.011009931564331055,0.007708549499511719,0.007843255996704102
44,7,0.6,0.5,optimal,7,15,5,1.3333333333333333,7,18,5,1.3333333333333333,7,25,0,3.6666666666666665,0.010665178298950195,0.010633230209350586,0.007556438446044922
45,7,0.6,0.5,optimal,7,15,5,1.3333333333333333,7,18,5,1.3333333333333333,7,24,0,3.3333333333333335,0.005608320236206055,0.006545066833496094,0.007715702056884766
46,7,0.6,0.5,optimal,7,14,5,1.3333333333333333,7,18,5,1.3333333333333333,7,25,0,3.6666666666666665,0.004012107849121094,0.005548954010009766,0.004509925842285156
47,7,0.6,0.5,optimal,7,15,5,1.3333333333333333,7,17,5,1.3333333333333333,7,24,0,3.3333333333333335,0.006920814514160156,0.004960775375366211,0.006438255310058594
48,7,0.6,0.5,optimal,7,15,5,1.3333333333333333,7,17,5,1.3333333333333333,7,24,0,3.3333333333333335,0.009688138961791992,0.0075533390045166016,0.0066967010498046875
49,7,0.6,0.5,optimal,7,14,5,1.6666666666666667,7,18,5,1.6666666666666667,7,24,0,3.3333333333333335,0.00599360466003418,0.005091667175292969,0.0035352706909179688
50,7,0.6,0.5,optimal,7,14,5,1.3333333333333333,7,16,5,1.3333333333333333,7,26,0,4.0,0.0033435821533203125,0.003028392791748047,0.0044095516204833984
51,7,0.6,0.5,optimal,7,15,5,1.0,7,16,5,1.0,7,22,0,2.6666666666666665,0.006002664566040039,0.005767822265625,0.0039675235748291016
52,7,0.6,0.5,optimal,7,16,5,1.3333333333333333,7,17,5,1.3333333333333333,7,23,0,3.3333333333333335,0.004866838455200195,0.005038261413574219,0.005074977874755859
53,7,0.6,0.5,optimal,7,16,5,1.6666666666666667,7,19,5,1.6666666666666667,7,26,0,4.333333333333333,0.004522800445556641,0.006002664566040039,0.005010128021240234
54,7,0.6,0.5,optimal,7,13,5,1.3333333333333333,7,18,5,1.3333333333333333,7,23,0,3.0,0.004124641418457031,0.004627227783203125,0.003510713577270508
55,7,0.6,0.5,optimal,7,16,5,1.3333333333333333,7,17,5,1.3333333333333333,7,23,0,3.0,0.0039997100830078125,0.00505828857421875,0.0030155181884765625
56,7,0.6,0.5,optimal,7,16,5,1.3333333333333333,7,16,5,1.3333333333333333,7,23,0,3.0,0.005626201629638672,0.006615161895751953,0.004002809524536133
57,7,0.6,0.5,optimal,7,14,5,1.3333333333333333,7,17,5,1.3333333333333333,7,23,0,3.0,0.0029997825622558594,0.0043370723724365234,0.003993034362792969
58,7,0.6,0.5,optimal,7,13,5,1.3333333333333333,7,18,5,1.3333333333333333,7,23,0,3.0,0.004022121429443359,0.008784294128417969,0.0015063285827636719
59,7,0.6,0.5,optimal,7,17,5,1.3333333333333333,7,17,5,1.3333333333333333,7,23,0,3.0,0.00519561767578125,0.006529092788696289,0.0030057430267333984
60,7,0.6,0.5,optimal,7,17,5,1.6666666666666667,7,19,5,1.6666666666666667,7,24,0,3.3333333333333335,0.006558656692504883,0.003570079803466797,0.0030202865600585938
61,7,0.6,0.5,optimal,7,17,5,1.6666666666666667,7,18,5,1.6666666666666667,7,24,0,3.3333333333333335,0.005019426345825195,0.00456547737121582,0.002992391586303711
62,7,0.6,0.5,optimal,7,17,5,1.6666666666666667,7,19,5,1.6666666666666667,7,25,0,3.6666666666666665,0.003912925720214844,0.003003358840942383,0.004762411117553711
63,7,0.6,0.5,optimal,7,15,5,1.3333333333333333,7,18,5,1.3333333333333333,7,24,0,3.3333333333333335,0.005316734313964844,0.004038333892822266,0.005632877349853516
64,7,0.6,0.5,optimal,7,13,5,1.3333333333333333,7,16,5,1.3333333333333333,7,24,0,3.3333333333333335,0.004929065704345703,0.004421710968017578,0.0035445690155029297
65,7,0.6,0.5,optimal,7,16,5,1.3333333333333333,7,18,5,1.3333333333333333,7,24,0,3.3333333333333335,0.003505706787109375,0.005489826202392578,0.0009989738464355469
66,7,0.6,0.5,optimal,7,12,5,1.0,7,13,5,1.0,7,22,0,2.6666666666666665,0.0,0.0010004043579101562,0.0010030269622802734
67,7,0.6,0.5,optimal,7,15,5,1.3333333333333333,7,18,5,1.3333333333333333,7,24,0,3.3333333333333335,0.0044515132904052734,0.003002643585205078,0.0035195350646972656
68,7,0.6,0.5,optimal,7,14,5,1.3333333333333333,7,17,5,1.3333333333333333,7,23,0,3.0,0.002980470657348633,0.0035400390625,0.0020351409912109375
69,7,0.6,0.5,optimal,7,13,5,1.6666666666666667,7,17,5,1.6666666666666667,7,26,0,4.333333333333333,0.0045282840728759766,0.007950067520141602,0.008442163467407227
70,7,0.6,0.5,optimal,7,14,5,1.0,7,16,5,1.0,7,22,0,2.6666666666666665,0.0034868717193603516,0.005980253219604492,0.0040013790130615234
71,7,0.6,0.5,optimal,7,15,5,1.6666666666666667,7,18,5,1.6666666666666667,7,23,0,3.3333333333333335,0.007533550262451172,0.012434720993041992,0.0057599544525146484
72,7,0.6,0.5,optimal,7,16,5,1.6666666666666667,7,18,5,1.6666666666666667,7,24,0,3.3333333333333335,0.0043141841888427734,0.005577564239501953,0.002012014389038086
73,7,0.6,0.5,optimal,7,14,5,1.0,7,15,5,1.0,7,21,0,2.6666666666666665,0.004677772521972656,0.006565570831298828,0.001003265380859375
74,7,0.6,0.5,optimal,7,17,5,1.6666666666666667,7,18,5,1.6666666666666667,7,24,0,3.3333333333333335,0.004006147384643555,0.0035250186920166016,0.004527091979980469
75,7,0.6,0.5,optimal,7,13,5,1.3333333333333333,7,17,5,1.3333333333333333,7,25,0,3.6666666666666665,0.004790782928466797,0.006253242492675781,0.002981901168823242
76,7,0.6,0.5,optimal,7,17,5,1.6666666666666667,7,18,5,1.6666666666666667,7,25,0,3.6666666666666665,0.003998517990112305,0.008015155792236328,0.0039827823638916016
77,7,0.6,0.5,optimal,7,15,5,1.3333333333333333,7,16,5,1.0,7,23,0,3.0,0.004260063171386719,0.005070924758911133,0.004252910614013672
78,7,0.6,0.5,optimal,7,15,5,1.0,7,16,5,1.0,7,21,0,2.6666666666666665,0.008630990982055664,0.00866389274597168,0.005548715591430664
79,7,0.6,0.5,optimal,7,15,5,1.3333333333333333,7,18,5,1.3333333333333333,7,24,0,3.3333333333333335,0.004023313522338867,0.004574298858642578,0.005163908004760742
80,7,0.6,0.5,optimal,7,14,5,1.3333333333333333,7,18,5,1.3333333333333333,7,23,0,3.0,0.003534078598022461,0.005520343780517578,0.004006862640380859
81,7,0.6,0.5,optimal,7,14,5,1.3333333333333333,7,16,5,1.3333333333333333,7,22,0,3.0,0.010561704635620117,0.010961771011352539,0.009673357009887695
82,7,0.6,0.5,optimal,7,13,5,1.0,7,17,5,1.0,7,21,0,2.3333333333333335,0.0060231685638427734,0.00705718994140625,0.0076313018798828125
83,7,0.6,0.5,optimal,7,13,5,1.3333333333333333,7,16,5,1.3333333333333333,7,23,0,3.3333333333333335,0.0036520957946777344,0.005431413650512695,0.003014087677001953
84,7,0.6,0.5,optimal,7,17,5,1.3333333333333333,7,18,5,1.3333333333333333,7,22,1,2.6666666666666665,0.0048024654388427734,0.004415035247802734,0.0031723976135253906
85,7,0.6,0.5,optimal,7,16,5,1.3333333333333333,7,18,5,1.3333333333333333,7,25,0,3.6666666666666665,0.003990888595581055,0.005025148391723633,0.0030035972595214844
86,7,0.6,0.5,optimal,7,14,5,1.3333333333333333,7,17,5,1.3333333333333333,7,23,0,3.0,0.0035181045532226562,0.0037653446197509766,0.004540205001831055
87,7,0.6,0.5,optimal,7,12,5,0.6666666666666666,7,16,5,0.6666666666666666,7,21,0,2.3333333333333335,0.0039861202239990234,0.004000186920166016,0.002012014389038086
88,7,0.6,0.5,optimal,7,15,5,1.3333333333333333,7,17,5,1.3333333333333333,7,24,0,3.3333333333333335,0.003915309906005859,0.005523681640625,0.0029952526092529297
89,7,0.6,0.5,optimal,7,14,5,1.0,7,15,5,1.0,7,22,0,2.6666666666666665,0.0025289058685302734,0.004140138626098633,0.003935813903808594
90,7,0.6,0.5,optimal,7,14,5,0.6666666666666666,7,16,5,0.6666666666666666,7,20,0,2.3333333333333335,0.004000425338745117,0.005022287368774414,0.004575490951538086
91,7,0.6,0.5,optimal,7,16,5,1.3333333333333333,7,17,5,1.3333333333333333,7,24,0,3.3333333333333335,0.004072427749633789,0.005498409271240234,0.0076274871826171875
92,7,0.6,0.5,optimal,7,14,5,1.3333333333333333,7,18,5,1.3333333333333333,7,23,0,3.0,0.0038895606994628906,0.00440669059753418,0.003210306167602539
93,7,0.6,0.5,optimal,7,16,5,1.6666666666666667,7,19,5,1.6666666666666667,7,25,0,3.6666666666666665,0.0040149688720703125,0.005284547805786133,0.0020122528076171875
94,7,0.6,0.5,optimal,7,15,5,1.3333333333333333,7,18,5,1.3333333333333333,7,23,0,3.3333333333333335,0.0031423568725585938,0.004004240036010742,0.003995180130004883
95,7,0.6,0.5,optimal,7,15,5,1.3333333333333333,7,16,5,1.3333333333333333,7,25,0,3.6666666666666665,0.003998994827270508,0.0055196285247802734,0.003002166748046875
96,7,0.6,0.5,optimal,7,15,5,1.3333333333333333,7,18,5,1.3333333333333333,7,23,0,3.0,0.009070396423339844,0.00531458854675293,0.004547834396362305
97,7,0.6,0.5,optimal,7,14,5,1.0,7,16,5,1.0,7,22,0,2.6666666666666665,0.001972675323486328,0.005154848098754883,0.0035789012908935547
98,7,0.6,0.5,optimal,7,13,5,1.0,7,16,5,1.0,7,22,0,2.6666666666666665,0.004556894302368164,0.003624439239501953,0.002003192901611328
99,7,0.6,0.5,optimal,7,13,5,1.0,7,17,5,1.0,7,22,0,2.6666666666666665,0.0057981014251708984,0.004003763198852539,0.005731105804443359
0,7,0.6,0.7,optimal,7,17,5,1.3333333333333333,7,17,5,1.3333333333333333,7,23,0,3.0,0.004534006118774414,0.002276182174682617,0.0010008811950683594
1,7,0.6,0.7,optimal,7,14,5,1.3333333333333333,7,18,5,1.3333333333333333,7,24,0,3.3333333333333335,0.005694389343261719,0.0055582523345947266,0.004000425338745117
2,7,0.6,0.7,optimal,7,14,5,0.6666666666666666,7,15,5,0.6666666666666666,7,21,0,2.3333333333333335,0.0035130977630615234,0.004616260528564453,0.0034737586975097656
3,7,0.6,0.7,optimal,7,18,5,1.6666666666666667,7,18,5,1.6666666666666667,7,24,0,3.3333333333333335,0.0029845237731933594,0.0045740604400634766,0.0032918453216552734
4,7,0.6,0.7,optimal,7,18,5,1.3333333333333333,7,18,5,1.3333333333333333,7,23,0,3.0,0.0045130252838134766,0.004536151885986328,0.004890918731689453
5,7,0.6,0.7,optimal,7,15,5,1.3333333333333333,7,18,5,1.3333333333333333,7,23,0,3.0,0.004980564117431641,0.004007101058959961,0.0035462379455566406
6,7,0.6,0.7,optimal,7,16,5,1.3333333333333333,7,18,5,1.3333333333333333,7,23,0,3.3333333333333335,0.0045888423919677734,0.0030014514923095703,0.0037643909454345703
7,7,0.6,0.7,optimal,7,16,5,1.3333333333333333,7,18,5,1.3333333333333333,7,25,0,3.6666666666666665,0.003002643585205078,0.0039539337158203125,0.005986213684082031
8,7,0.6,0.7,optimal,7,15,5,1.0,7,17,5,1.0,7,22,0,2.6666666666666665,0.003998756408691406,0.003241300582885742,0.0030059814453125
9,7,0.6,0.7,optimal,7,14,5,1.3333333333333333,7,18,5,1.3333333333333333,7,23,0,3.0,0.008013248443603516,0.005335330963134766,0.004001617431640625
10,7,0.6,0.7,optimal,7,17,5,1.0,7,17,5,1.0,7,22,0,2.6666666666666665,0.0044062137603759766,0.005519390106201172,0.0034482479095458984
11,7,0.6,0.7,optimal,7,17,5,1.3333333333333333,7,18,5,1.3333333333333333,7,24,0,3.3333333333333335,0.003513336181640625,0.0043714046478271484,0.0035130977630615234
12,7,0.6,0.7,optimal,7,14,5,1.3333333333333333,7,18,5,1.3333333333333333,7,23,0,3.0,0.005541563034057617,0.0031630992889404297,0.005526065826416016
13,7,0.6,0.7,optimal,7,15,5,1.3333333333333333,7,18,5,1.3333333333333333,7,23,0,3.0,0.0044574737548828125,0.0045223236083984375,0.004044532775878906
14,7,0.6,0.7,optimal,7,16,5,1.3333333333333333,7,18,5,1.3333333333333333,7,23,0,3.0,0.0050029754638671875,0.006062746047973633,0.004590511322021484
15,7,0.6,0.7,optimal,7,17,5,1.3333333333333333,7,18,5,1.3333333333333333,7,23,0,3.0,0.003513336181640625,0.005488157272338867,0.0045642852783203125
16,7,0.6,0.7,optimal,7,16,5,1.3333333333333333,7,17,5,1.3333333333333333,7,24,0,3.3333333333333335,0.004010200500488281,0.0044476985931396484,0.0024881362915039062
17,7,0.6,0.7,optimal,7,16,5,1.0,7,16,5,1.0,7,22,0,2.6666666666666665,0.0019969940185546875,0.0063588619232177734,0.0032651424407958984
18,7,0.6,0.7,optimal,7,17,5,1.0,7,17,5,1.0,7,22,0,2.6666666666666665,0.004201650619506836,0.004572153091430664,0.00401616096496582
19,7,0.6,0.7,optimal,7,16,5,1.3333333333333333,7,18,5,1.3333333333333333,7,24,0,3.3333333333333335,0.003540515899658203,0.003983974456787109,0.004006624221801758
20,7,0.6,0.7,optimal,7,16,5,1.6666666666666667,7,19,5,1.6666666666666667,7,24,0,3.3333333333333335,0.006031990051269531,0.0030002593994140625,0.004892110824584961
21,7,0.6,0.7,optimal,7,15,5,1.0,7,17,5,1.0,7,23,0,3.3333333333333335,0.004541158676147461,0.006355762481689453,0.0049076080322265625
22,7,0.6,0.7,optimal,7,14,5,0.6666666666666666,7,16,5,0.6666666666666666,7,21,0,2.3333333333333335,0.003000497817993164,0.002001523971557617,0.002782583236694336
23,7,0.6,0.7,optimal,7,17,5,1.3333333333333333,7,18,5,1.3333333333333333,7,23,0,3.0,0.0044422149658203125,0.005002260208129883,0.0048258304595947266
24,7,0.6,0.7,optimal,7,16,5,1.3333333333333333,7,18,5,1.3333333333333333,7,24,0,3.3333333333333335,0.0039975643157958984,0.005002498626708984,0.003924131393432617
25,7,0.6,0.7,optimal,7,13,5,1.0,7,16,5,1.0,7,22,0,2.6666666666666665,0.013579607009887695,0.00754547119140625,0.002000093460083008
26,7,0.6,0.7,optimal,7,14,5,1.3333333333333333,7,16,5,1.3333333333333333,7,23,0,3.0,0.003000020980834961,0.0060253143310546875,0.004561662673950195
27,7,0.6,0.7,optimal,7,16,5,1.6666666666666667,7,17,5,1.6666666666666667,7,25,0,3.6666666666666665,0.004878044128417969,0.003001689910888672,0.0029942989349365234
28,7,0.6,0.7,optimal,7,14,5,1.6666666666666667,7,19,5,1.6666666666666667,7,25,0,3.6666666666666665,0.00499725341796875,0.0035915374755859375,0.0029866695404052734
29,7,0.6,0.7,optimal,7,15,5,1.0,7,16,5,1.0,7,22,0,2.6666666666666665,0.0029985904693603516,0.0039997100830078125,0.004004001617431641
30,7,0.6,0.7,optimal,7,15,5,1.3333333333333333,7,18,5,1.3333333333333333,7,25,0,3.6666666666666665,0.005428314208984375,0.006207704544067383,0.004482746124267578
31,7,0.6,0.7,optimal,7,18,5,1.6666666666666667,7,19,5,1.6666666666666667,7,27,0,4.333333333333333,0.004492759704589844,0.00601506233215332,0.0047147274017333984
32,7,0.6,0.7,optimal,7,15,5,1.3333333333333333,7,18,5,1.3333333333333333,7,24,0,3.3333333333333335,0.005539655685424805,0.012048959732055664,0.007955312728881836
33,7,0.6,0.7,optimal,7,16,5,1.6666666666666667,7,18,5,1.6666666666666667,7,26,0,4.0,0.008113622665405273,0.005028724670410156,0.004993915557861328
34,7,0.6,0.7,optimal,7,16,5,1.0,7,16,5,1.0,7,22,0,2.6666666666666665,0.010129213333129883,0.00601649284362793,0.006494998931884766
35,7,0.6,0.7,optimal,7,15,5,1.3333333333333333,7,18,5,1.3333333333333333,7,25,0,3.6666666666666665,0.004513263702392578,0.0050046443939208984,0.003594636917114258
36,7,0.6,0.7,optimal,7,17,5,1.3333333333333333,7,18,5,1.3333333333333333,7,24,0,3.3333333333333335,0.002531290054321289,0.004004001617431641,0.0020041465759277344
37,7,0.6,0.7,optimal,7,16,5,1.3333333333333333,7,18,5,1.3333333333333333,7,24,0,3.3333333333333335,0.00400233268737793,0.0069963932037353516,0.0040171146392822266
38,7,0.6,0.7,optimal,7,18,5,1.3333333333333333,7,18,5,1.3333333333333333,7,25,0,3.6666666666666665,0.005919933319091797,0.0040166378021240234,0.00531315803527832
39,7,0.6,0.7,optimal,7,14,5,1.0,7,16,5,1.0,7,22,0,2.6666666666666665,0.004001140594482422,0.004406929016113281,0.0029964447021484375
40,7,0.6,0.7,optimal,7,16,5,1.3333333333333333,7,18,5,1.3333333333333333,7,23,0,3.0,0.00453639030456543,0.0035216808319091797,0.0050051212310791016
41,7,0.6,0.7,optimal,7,15,5,1.3333333333333333,7,18,5,1.3333333333333333,7,24,0,3.3333333333333335,0.0035076141357421875,0.00704503059387207,0.0030012130737304688
42,7,0.6,0.7,optimal,7,14,5,1.0,7,17,5,1.0,7,22,0,2.6666666666666665,0.00564122200012207,0.005148172378540039,0.003220796585083008
43,7,0.6,0.7,optimal,7,15,5,1.0,7,17,5,1.0,7,22,0,2.6666666666666665,0.004399299621582031,0.0035626888275146484,0.003353118896484375
44,7,0.6,0.7,optimal,7,17,5,1.3333333333333333,7,18,5,1.3333333333333333,7,25,0,3.6666666666666665,0.0052831172943115234,0.004914760589599609,0.0030095577239990234
45,7,0.6,0.7,optimal,7,17,5,1.3333333333333333,7,18,5,1.3333333333333333,7,24,0,3.3333333333333335,0.0035359859466552734,0.003001689910888672,0.004025936126708984
46,7,0.6,0.7,optimal,7,17,5,1.3333333333333333,7,18,5,1.3333333333333333,7,25,0,3.6666666666666665,0.004778623580932617,0.006845235824584961,0.010978221893310547
47,7,0.6,0.7,optimal,7,15,5,1.3333333333333333,7,18,5,1.3333333333333333,7,24,0,3.3333333333333335,0.004559993743896484,0.005028486251831055,0.0038559436798095703
48,7,0.6,0.7,optimal,7,16,5,1.3333333333333333,7,17,5,1.3333333333333333,7,24,0,3.3333333333333335,0.005754709243774414,0.00681614875793457,0.004529476165771484
49,7,0.6,0.7,optimal,7,18,5,1.6666666666666667,7,19,5,1.6666666666666667,7,24,0,3.3333333333333335,0.005527019500732422,0.0045125484466552734,0.0033674240112304688
50,7,0.6,0.7,optimal,7,15,5,1.3333333333333333,7,17,5,1.3333333333333333,7,26,0,4.0,0.003996610641479492,0.0042171478271484375,0.003497600555419922
51,7,0.6,0.7,optimal,7,16,5,1.0,7,17,5,1.0,7,22,0,2.6666666666666665,0.0029845237731933594,0.004579067230224609,0.0043218135833740234
52,7,0.6,0.7,optimal,7,16,5,1.3333333333333333,7,18,5,1.3333333333333333,7,24,0,3.3333333333333335,0.005506753921508789,0.007096052169799805,0.005129098892211914
53,7,0.6,0.7,optimal,7,19,5,1.6666666666666667,7,19,5,1.6666666666666667,7,27,0,4.333333333333333,0.005407094955444336,0.0054514408111572266,0.004391193389892578
54,7,0.6,0.7,optimal,7,14,5,1.3333333333333333,7,18,5,1.3333333333333333,7,23,0,3.0,0.006028175354003906,0.006444454193115234,0.004483938217163086
55,7,0.6,0.7,optimal,7,16,5,1.3333333333333333,7,18,5,1.3333333333333333,7,23,0,3.0,0.006013393402099609,0.006387948989868164,0.005285501480102539
56,7,0.6,0.7,optimal,7,16,5,1.3333333333333333,7,18,5,1.3333333333333333,7,23,0,3.0,0.004999876022338867,0.013595819473266602,0.006959199905395508
57,7,0.6,0.7,optimal,7,16,5,1.3333333333333333,7,18,5,1.3333333333333333,7,23,0,3.0,0.006877899169921875,0.008224725723266602,0.005870819091796875
58,7,0.6,0.7,optimal,7,15,5,1.3333333333333333,7,18,5,1.3333333333333333,7,23,0,3.0,0.0077359676361083984,0.012360572814941406,0.005022764205932617
59,7,0.6,0.7,optimal,7,18,5,1.3333333333333333,7,18,5,1.3333333333333333,7,23,0,3.0,0.005562782287597656,0.0069522857666015625,0.0035228729248046875
60,7,0.6,0.7,optimal,7,19,5,1.6666666666666667,7,19,5,1.6666666666666667,7,24,0,3.3333333333333335,0.003979206085205078,0.0043239593505859375,0.0030181407928466797
61,7,0.6,0.7,optimal,7,18,5,1.6666666666666667,7,19,5,1.6666666666666667,7,24,0,3.3333333333333335,0.0035009384155273438,0.003004312515258789,0.0035834312438964844
62,7,0.6,0.7,optimal,7,19,5,1.6666666666666667,7,19,5,1.6666666666666667,7,25,0,3.6666666666666665,0.0049359798431396484,0.0035881996154785156,0.0044138431549072266
63,7,0.6,0.7,optimal,7,16,5,1.3333333333333333,7,18,5,1.3333333333333333,7,24,0,3.3333333333333335,0.0048961639404296875,0.003520965576171875,0.0030031204223632812
64,7,0.6,0.7,optimal,7,13,5,1.3333333333333333,7,18,5,1.3333333333333333,7,24,0,3.3333333333333335,0.006013393402099609,0.00403594970703125,0.004588127136230469
65,7,0.6,0.7,optimal,7,17,5,1.3333333333333333,7,18,5,1.3333333333333333,7,24,0,3.3333333333333335,0.004016876220703125,0.00603938102722168,0.004405021667480469
66,7,0.6,0.7,optimal,7,13,5,1.0,7,14,5,1.0,7,22,0,2.6666666666666665,0.0,0.0020112991333007812,0.0010004043579101562
67,7,0.6,0.7,optimal,7,16,5,1.3333333333333333,7,18,5,1.3333333333333333,7,24,0,3.3333333333333335,0.0050890445709228516,0.0030341148376464844,0.003991127014160156
68,7,0.6,0.7,optimal,7,14,5,1.3333333333333333,7,17,5,1.3333333333333333,7,23,0,3.0,0.0050160884857177734,0.0038933753967285156,0.0010099411010742188
69,7,0.6,0.7,optimal,7,14,5,1.6666666666666667,7,19,5,1.6666666666666667,7,27,0,4.333333333333333,0.003508329391479492,0.005006551742553711,0.0035386085510253906
70,7,0.6,0.7,optimal,7,16,5,1.0,7,17,5,1.0,7,22,0,2.6666666666666665,0.0049953460693359375,0.0055408477783203125,0.0035126209259033203
71,7,0.6,0.7,optimal,7,18,5,1.6666666666666667,7,19,5,1.6666666666666667,7,25,0,3.6666666666666665,0.004529476165771484,0.004331350326538086,0.002126455307006836
72,7,0.6,0.7,optimal,7,18,5,1.6666666666666667,7,19,5,1.6666666666666667,7,25,0,3.6666666666666665,0.014597177505493164,0.005023479461669922,0.0065495967864990234
73,7,0.6,0.7,optimal,7,15,5,1.0,7,16,5,1.0,7,21,0,2.3333333333333335,0.002000093460083008,0.005511283874511719,0.0010094642639160156
74,7,0.6,0.7,optimal,7,17,5,1.6666666666666667,7,19,5,1.6666666666666667,7,24,0,3.3333333333333335,0.003001689910888672,0.0043828487396240234,0.0031669139862060547
75,7,0.6,0.7,optimal,7,16,5,1.3333333333333333,7,18,5,1.3333333333333333,7,25,0,3.6666666666666665,0.004998207092285156,0.006860017776489258,0.003508329391479492
76,7,0.6,0.7,optimal,7,19,5,1.6666666666666667,7,19,5,1.6666666666666667,7,25,0,3.6666666666666665,0.003002166748046875,0.003525972366333008,0.004178047180175781
77,7,0.6,0.7,optimal,7,18,5,1.3333333333333333,7,18,5,1.3333333333333333,7,23,0,3.0,0.0035142898559570312,0.0037741661071777344,0.004095792770385742
78,7,0.6,0.7,optimal,7,15,5,1.0,7,17,5,1.0,7,22,0,2.6666666666666665,0.0070230960845947266,0.007694244384765625,0.010557889938354492
79,7,0.6,0.7,optimal,7,16,5,1.3333333333333333,7,18,5,1.3333333333333333,7,24,0,3.3333333333333335,0.004544734954833984,0.005589485168457031,0.003360271453857422
80,7,0.6,0.7,optimal,7,14,5,1.3333333333333333,7,18,5,1.3333333333333333,7,23,0,3.0,0.0039789676666259766,0.005803823471069336,0.003001689910888672
81,7,0.6,0.7,optimal,7,17,5,1.3333333333333333,7,18,5,1.3333333333333333,7,23,0,3.0,0.00400090217590332,0.0050089359283447266,0.003523111343383789
82,7,0.6,0.7,optimal,7,14,5,1.0,7,17,5,1.0,7,22,0,2.6666666666666665,0.004403114318847656,0.0030052661895751953,0.0035643577575683594
83,7,0.6,0.7,optimal,7,15,5,1.3333333333333333,7,18,5,1.3333333333333333,7,24,0,3.3333333333333335,0.004969120025634766,0.0029952526092529297,0.0034635066986083984
84,7,0.6,0.7,optimal,7,18,5,1.3333333333333333,7,18,5,1.3333333333333333,7,22,0,2.6666666666666665,0.0025413036346435547,0.0030040740966796875,0.009906530380249023
85,7,0.6,0.7,optimal,7,17,5,1.3333333333333333,7,18,5,1.3333333333333333,7,25,0,3.6666666666666665,0.003999948501586914,0.00457000732421875,0.0029795169830322266
86,7,0.6,0.7,optimal,7,17,5,1.3333333333333333,7,18,5,1.3333333333333333,7,23,0,3.0,0.005288839340209961,0.003292560577392578,0.0029740333557128906
87,7,0.6,0.7,optimal,7,12,5,0.6666666666666666,7,16,5,0.6666666666666666,7,21,0,2.3333333333333335,0.005537986755371094,0.0029828548431396484,0.0033550262451171875
88,7,0.6,0.7,optimal,7,16,5,1.3333333333333333,7,17,5,1.3333333333333333,7,24,0,3.3333333333333335,0.012059926986694336,0.010913372039794922,0.008877277374267578
89,7,0.6,0.7,optimal,7,14,5,1.0,7,16,5,1.0,7,22,0,2.6666666666666665,0.0060176849365234375,0.006333351135253906,0.0067174434661865234
90,7,0.6,0.7,optimal,7,15,5,0.6666666666666666,7,16,5,0.6666666666666666,7,21,0,2.3333333333333335,0.003885984420776367,0.0037860870361328125,0.003416776657104492
91,7,0.6,0.7,optimal,7,17,5,1.3333333333333333,7,18,5,1.3333333333333333,7,24,0,3.3333333333333335,0.005001068115234375,0.006002902984619141,0.004519939422607422
92,7,0.6,0.7,optimal,7,15,5,1.3333333333333333,7,18,5,1.3333333333333333,7,23,0,3.0,0.004004240036010742,0.005014181137084961,0.00451207160949707
93,7,0.6,0.7,optimal,7,17,5,1.6666666666666667,7,19,5,1.6666666666666667,7,25,0,3.6666666666666665,0.005408287048339844,0.003987312316894531,0.004055023193359375
94,7,0.6,0.7,optimal,7,18,5,1.3333333333333333,7,18,5,1.3333333333333333,7,24,0,3.3333333333333335,0.005001544952392578,0.003384113311767578,0.0029969215393066406
95,7,0.6,0.7,optimal,7,16,5,1.3333333333333333,7,16,5,1.3333333333333333,7,25,0,3.6666666666666665,0.002996683120727539,0.004984855651855469,0.005509853363037109
96,7,0.6,0.7,optimal,7,16,5,1.3333333333333333,7,18,5,1.3333333333333333,7,23,0,3.0,0.004495143890380859,0.0046956539154052734,0.0025382041931152344
97,7,0.6,0.7,optimal,7,15,5,1.0,7,16,5,1.0,7,22,0,2.6666666666666665,0.0010001659393310547,0.0035326480865478516,0.004095554351806641
98,7,0.6,0.7,optimal,7,13,5,1.0,7,16,5,1.0,7,22,0,2.6666666666666665,0.0035381317138671875,0.0030221939086914062,0.003961801528930664
99,7,0.6,0.7,optimal,7,15,5,1.0,7,17,5,1.0,7,22,0,2.6666666666666665,0.004706144332885742,0.0030670166015625,0.004033565521240234
0,10,0.3,0.3,optimal,10,20,5,2.3333333333333335,10,23,5,2.3333333333333335,10,29,1,3.6666666666666665,0.004456520080566406,0.004732847213745117,0.003739595413208008
1,10,0.3,0.3,optimal,10,21,5,2.6666666666666665,10,23,5,2.0,10,30,0,4.0,0.004844188690185547,0.003014087677001953,0.0009999275207519531
2,10,0.3,0.3,optimal,10,18,5,1.6666666666666667,10,20,5,1.6666666666666667,10,25,1,2.3333333333333335,0.0030028820037841797,0.006009578704833984,0.0010106563568115234
3,10,0.3,0.3,optimal,10,21,5,2.6666666666666665,10,26,5,2.6666666666666665,10,32,1,4.333333333333333,0.004513263702392578,0.004265308380126953,0.0009796619415283203
4,10,0.3,0.3,optimal,10,18,5,2.3333333333333335,10,22,5,2.3333333333333335,10,28,0,4.0,0.0035207271575927734,0.0030128955841064453,0.0010344982147216797
5,10,0.3,0.3,optimal,10,19,5,2.3333333333333335,10,22,5,2.3333333333333335,10,28,0,3.0,0.002434253692626953,0.003003358840942383,0.0
6,10,0.3,0.3,optimal,10,21,5,2.6666666666666665,10,23,5,2.6666666666666665,10,29,0,4.0,0.0029959678649902344,0.0024602413177490234,0.0012149810791015625
7,10,0.3,0.3,optimal,10,23,5,3.0,10,25,5,3.0,10,29,0,3.3333333333333335,0.0045316219329833984,0.0052073001861572266,0.0009953975677490234
8,10,0.3,0.3,optimal,10,17,5,2.0,10,22,5,2.0,10,29,0,3.3333333333333335,0.005936384201049805,0.004095315933227539,0.001346588134765625
9,10,0.3,0.3,optimal,10,20,5,2.3333333333333335,10,22,5,2.3333333333333335,10,26,1,3.0,0.003998994827270508,0.009471654891967773,0.001146554946899414
10,10,0.3,0.3,optimal,10,19,5,2.0,10,21,5,2.0,10,24,1,2.3333333333333335,0.0009965896606445312,0.005225658416748047,0.0010118484497070312
11,10,0.3,0.3,optimal,10,21,5,2.6666666666666665,10,25,5,2.6666666666666665,10,28,0,4.0,0.003000497817993164,0.004993438720703125,0.0
12,10,0.3,0.3,optimal,10,17,5,2.0,10,20,5,2.0,10,27,0,3.3333333333333335,0.002000570297241211,0.004382133483886719,0.0010771751403808594
13,10,0.3,0.3,optimal,10,20,5,2.3333333333333335,10,22,5,2.3333333333333335,10,28,0,3.6666666666666665,0.0030035972595214844,0.003004312515258789,0.0035393238067626953
14,10,0.3,0.3,optimal,10,22,5,2.3333333333333335,10,25,5,2.3333333333333335,10,30,0,3.6666666666666665,0.0040018558502197266,0.0030035972595214844,0.00354766845703125
15,10,0.3,0.3,optimal,10,24,4,2.6666666666666665,10,26,4,2.6666666666666665,10,29,1,3.3333333333333335,0.01075434684753418,0.0045166015625,0.0
16,10,0.3,0.3,optimal,10,21,5,2.6666666666666665,10,23,5,2.6666666666666665,10,30,0,4.333333333333333,0.004000425338745117,0.005020618438720703,0.0030951499938964844
17,10,0.3,0.3,optimal,10,22,5,2.0,10,23,5,2.0,10,28,1,3.0,0.003001689910888672,0.002502918243408203,0.0
18,10,0.3,0.3,optimal,10,21,4,2.0,10,22,4,2.0,10,27,1,3.0,0.0010142326354980469,0.0009937286376953125,0.0
19,10,0.3,0.3,optimal,10,19,5,2.6666666666666665,10,22,5,2.6666666666666665,10,29,0,3.6666666666666665,0.004570722579956055,0.0055425167083740234,0.0010352134704589844
20,10,0.3,0.3,optimal,10,22,5,2.6666666666666665,10,24,5,2.6666666666666665,10,31,0,4.0,0.0035390853881835938,0.0040035247802734375,0.00099945068359375
21,10,0.3,0.3,optimal,10,21,5,2.6666666666666665,10,24,5,2.6666666666666665,10,32,0,4.0,0.003021717071533203,0.003030538558959961,0.003000497817993164
22,10,0.3,0.3,optimal,10,18,5,1.6666666666666667,10,21,5,1.6666666666666667,10,28,0,3.0,0.0034379959106445312,0.004498004913330078,0.004052877426147461
23,10,0.3,0.3,optimal,10,18,5,2.3333333333333335,10,23,5,2.3333333333333335,10,28,0,4.0,0.0035202503204345703,0.0039806365966796875,0.0009975433349609375
24,10,0.3,0.3,optimal,10,20,5,2.3333333333333335,10,23,5,2.3333333333333335,10,29,0,3.6666666666666665,0.00423121452331543,0.0030477046966552734,0.0010221004486083984
25,10,0.3,0.3,optimal,10,19,5,2.0,10,22,5,2.0,10,29,0,3.6666666666666665,0.0041103363037109375,0.003551959991455078,0.0
26,10,0.3,0.3,optimal,10,19,5,2.3333333333333335,10,22,5,2.3333333333333335,10,26,1,3.3333333333333335,0.002984285354614258,0.0030443668365478516,0.0009999275207519531
27,10,0.3,0.3,optimal,10,21,5,3.0,10,21,5,3.0,10,28,0,4.333333333333333,0.0029990673065185547,0.0019876956939697266,0.0
28,10,0.3,0.3,optimal,10,21,5,3.0,10,25,5,3.0,10,29,0,3.6666666666666665,0.003995656967163086,0.005016326904296875,0.0013451576232910156
29,10,0.3,0.3,optimal,10,19,5,2.0,10,24,5,2.0,10,29,1,3.3333333333333335,0.0030066967010498047,0.003493070602416992,0.0035216808319091797
30,10,0.3,0.3,optimal,10,22,5,2.6666666666666665,10,23,5,2.6666666666666665,10,31,0,4.333333333333333,0.004084587097167969,0.004992008209228516,0.0009970664978027344
31,10,0.3,0.3,optimal,10,24,5,3.6666666666666665,10,24,5,3.6666666666666665,10,32,0,4.666666666666667,0.004166126251220703,0.003995656967163086,0.0
32,10,0.3,0.3,optimal,10,20,5,2.6666666666666665,10,23,5,2.3333333333333335,10,29,0,4.0,0.0052683353424072266,0.005064249038696289,0.0010364055633544922
33,10,0.3,0.3,optimal,10,22,5,3.3333333333333335,10,23,5,3.3333333333333335,10,30,0,4.333333333333333,0.0035381317138671875,0.00947713851928711,0.003000974655151367
34,10,0.3,0.3,optimal,10,18,5,2.0,10,21,5,2.0,10,28,0,3.0,0.004533052444458008,0.00525665283203125,0.0010187625885009766
35,10,0.3,0.3,optimal,10,19,5,3.0,10,21,5,2.6666666666666665,10,30,0,4.333333333333333,0.0030813217163085938,0.004070758819580078,0.000993967056274414
36,10,0.3,0.3,optimal,10,21,5,2.6666666666666665,10,24,5,2.6666666666666665,10,29,1,3.6666666666666665,0.004003047943115234,0.002532482147216797,0.0010020732879638672
37,10,0.3,0.3,optimal,10,20,5,2.6666666666666665,10,26,5,2.6666666666666665,10,27,0,3.6666666666666665,0.003995656967163086,0.0029985904693603516,0.0009949207305908203
38,10,0.3,0.3,optimal,10,23,5,3.0,10,27,5,3.0,10,30,0,4.333333333333333,0.003994464874267578,0.0029878616333007812,0.0034837722778320312
39,10,0.3,0.3,optimal,10,21,5,1.6666666666666667,10,22,5,1.6666666666666667,10,28,1,3.0,0.0009970664978027344,0.0030236244201660156,0.001001119613647461
40,10,0.3,0.3,optimal,10,21,5,2.3333333333333335,10,23,5,2.3333333333333335,10,26,1,3.0,0.00451350212097168,0.003002166748046875,0.0
41,10,0.3,0.3,optimal,10,21,5,2.6666666666666665,10,25,5,2.6666666666666665,10,31,0,4.333333333333333,0.003515958786010742,0.0036721229553222656,0.0009882450103759766
42,10,0.3,0.3,optimal,10,19,5,2.0,10,24,5,2.0,10,27,0,3.0,0.003003358840942383,0.003092527389526367,0.0020172595977783203
43,10,0.3,0.3,optimal,10,17,5,2.0,10,22,5,2.0,10,25,1,2.6666666666666665,0.003051280975341797,0.003038167953491211,0.0010218620300292969
44,10,0.3,0.3,optimal,10,20,5,3.0,10,22,5,3.0,10,27,0,3.3333333333333335,0.003372669219970703,0.005006313323974609,0.0
45,10,0.3,0.3,optimal,10,22,4,3.0,10,27,4,3.0,10,29,2,3.3333333333333335,0.0035839080810546875,0.0030002593994140625,0.001999378204345703
46,10,0.3,0.3,optimal,10,22,5,3.3333333333333335,10,25,5,3.0,10,30,2,4.0,0.0055272579193115234,0.0065271854400634766,0.0020067691802978516
47,10,0.3,0.3,optimal,10,21,5,2.6666666666666665,10,22,5,2.6666666666666665,10,28,1,3.6666666666666665,0.004333972930908203,0.006504058837890625,0.0010020732879638672
48,10,0.3,0.3,optimal,10,23,5,2.6666666666666665,10,26,5,2.3333333333333335,10,29,1,3.3333333333333335,0.006110191345214844,0.0030384063720703125,0.000997304916381836
49,10,0.3,0.3,optimal,10,21,5,3.0,10,24,5,3.0,10,32,0,4.666666666666667,0.005008697509765625,0.005988597869873047,0.00099945068359375
50,10,0.3,0.3,optimal,10,23,5,3.3333333333333335,10,23,5,3.3333333333333335,10,30,1,4.0,0.0034151077270507812,0.003549814224243164,0.0009944438934326172
51,10,0.3,0.3,optimal,10,18,5,2.0,10,22,5,2.0,10,26,2,2.6666666666666665,0.0035314559936523438,0.003001689910888672,0.0009989738464355469
52,10,0.3,0.3,optimal,10,19,5,2.3333333333333335,10,22,5,2.0,10,28,0,4.0,0.00500035285949707,0.003256559371948242,0.0
53,10,0.3,0.3,optimal,10,25,5,3.6666666666666665,10,27,5,3.3333333333333335,10,31,1,5.0,0.00458836555480957,0.005028724670410156,0.0
54,10,0.3,0.3,optimal,10,18,5,2.3333333333333335,10,24,5,2.3333333333333335,10,29,0,3.3333333333333335,0.0035135746002197266,0.0020012855529785156,0.001001119613647461
55,10,0.3,0.3,optimal,10,20,5,2.3333333333333335,10,24,5,2.3333333333333335,10,28,1,3.0,0.006885528564453125,0.004002094268798828,0.0014085769653320312
56,10,0.3,0.3,optimal,10,21,5,2.3333333333333335,10,23,5,2.3333333333333335,10,26,1,3.0,0.00400996208190918,0.004509687423706055,0.0
57,10,0.3,0.3,optimal,10,21,5,2.3333333333333335,10,23,5,2.3333333333333335,10,29,1,3.6666666666666665,0.0009937286376953125,0.003034830093383789,0.0009884834289550781
58,10,0.3,0.3,optimal,10,21,5,2.3333333333333335,10,22,5,2.3333333333333335,10,26,1,2.6666666666666665,0.0029981136322021484,0.0036160945892333984,0.0013468265533447266
59,10,0.3,0.3,optimal,10,18,5,2.3333333333333335,10,22,5,2.3333333333333335,10,27,0,2.6666666666666665,0.003003835678100586,0.011201858520507812,0.0015053749084472656
60,10,0.3,0.3,optimal,10,22,5,2.6666666666666665,10,24,5,2.6666666666666665,10,30,0,3.6666666666666665,0.003258228302001953,0.0035316944122314453,0.0010447502136230469
61,10,0.3,0.3,optimal,10,20,5,2.6666666666666665,10,22,5,2.6666666666666665,10,28,0,4.333333333333333,0.004528522491455078,0.0035550594329833984,0.0010025501251220703
62,10,0.3,0.3,optimal,10,23,5,3.0,10,26,5,3.0,10,30,1,3.6666666666666665,0.003004312515258789,0.0009999275207519531,0.0010361671447753906
63,10,0.3,0.3,optimal,10,22,5,2.6666666666666665,10,25,5,2.6666666666666665,10,30,0,4.0,0.0039033889770507812,0.002151012420654297,0.0009756088256835938
64,10,0.3,0.3,optimal,10,22,5,3.0,10,24,5,2.6666666666666665,10,27,1,3.6666666666666665,0.004156589508056641,0.0041468143463134766,0.0015311241149902344
65,10,0.3,0.3,optimal,10,20,5,2.6666666666666665,10,23,5,2.6666666666666665,10,31,0,4.0,0.009828567504882812,0.0029993057250976562,0.0009055137634277344
66,10,0.3,0.3,optimal,10,18,5,2.0,10,20,5,2.0,10,27,0,3.3333333333333335,0.004632234573364258,0.007208347320556641,0.00301361083984375
67,10,0.3,0.3,optimal,10,20,5,2.6666666666666665,10,24,5,2.3333333333333335,10,29,0,3.6666666666666665,0.004380702972412109,0.0033364295959472656,0.0009989738464355469
68,10,0.3,0.3,optimal,10,19,5,2.3333333333333335,10,24,5,2.3333333333333335,10,31,0,4.0,0.003360748291015625,0.0035123825073242188,0.0009925365447998047
69,10,0.3,0.3,optimal,10,22,5,3.3333333333333335,10,24,5,3.3333333333333335,10,32,0,4.666666666666667,0.0035657882690429688,0.002991199493408203,0.0012154579162597656
70,10,0.3,0.3,optimal,10,20,5,2.0,10,25,5,2.0,10,29,1,3.0,0.004407644271850586,0.005071163177490234,0.0
71,10,0.3,0.3,optimal,10,23,5,3.0,10,25,5,3.0,10,28,1,3.6666666666666665,0.003000497817993164,0.004561662673950195,0.0009865760803222656
72,10,0.3,0.3,optimal,10,21,5,2.6666666666666665,10,22,5,2.6666666666666665,10,30,0,3.6666666666666665,0.0010082721710205078,0.0010008811950683594,0.0010099411010742188
73,10,0.3,0.3,optimal,10,19,5,2.0,10,22,5,2.0,10,28,0,3.3333333333333335,0.006643533706665039,0.004016876220703125,0.0
74,10,0.3,0.3,optimal,10,21,5,2.6666666666666665,10,25,5,2.6666666666666665,10,27,1,3.6666666666666665,0.005543947219848633,0.006548643112182617,0.0025048255920410156
75,10,0.3,0.3,optimal,10,22,5,3.0,10,26,5,3.0,10,32,0,4.0,0.002992391586303711,0.003003358840942383,0.0009963512420654297
76,10,0.3,0.3,optimal,10,24,5,3.0,10,25,5,3.0,10,29,0,4.0,0.004586458206176758,0.0030317306518554688,0.0
77,10,0.3,0.3,optimal,10,19,5,2.0,10,22,5,2.0,10,28,1,3.3333333333333335,0.0039026737213134766,0.003009796142578125,0.001012563705444336
78,10,0.3,0.3,optimal,10,17,5,2.0,10,24,5,2.0,10,28,0,3.3333333333333335,0.0036695003509521484,0.0030164718627929688,0.0009953975677490234
79,10,0.3,0.3,optimal,10,21,5,2.6666666666666665,10,24,5,2.6666666666666665,10,30,1,3.3333333333333335,0.00413823127746582,0.007109880447387695,0.0010080337524414062
80,10,0.3,0.3,optimal,10,18,5,2.3333333333333335,10,23,5,2.3333333333333335,10,30,0,3.3333333333333335,0.004416704177856445,0.0049974918365478516,0.006548166275024414
81,10,0.3,0.3,optimal,10,22,5,2.3333333333333335,10,24,5,2.3333333333333335,10,28,0,3.0,0.0046367645263671875,0.0036835670471191406,0.0009996891021728516
82,10,0.3,0.3,optimal,10,16,5,2.0,10,21,5,2.0,10,26,0,3.3333333333333335,0.0055980682373046875,0.005067348480224609,0.001016855239868164
83,10,0.3,0.3,optimal,10,24,5,2.6666666666666665,10,24,5,2.6666666666666665,10,27,1,2.6666666666666665,0.0031363964080810547,0.004021167755126953,0.0018622875213623047
84,10,0.3,0.3,optimal,10,21,4,2.6666666666666665,10,25,4,2.6666666666666665,10,29,0,3.3333333333333335,0.006561279296875,0.004022836685180664,0.0
85,10,0.3,0.3,optimal,10,24,5,3.0,10,27,5,3.0,10,29,2,3.6666666666666665,0.007723808288574219,0.00778651237487793,0.0010004043579101562
86,10,0.3,0.3,optimal,10,20,5,2.3333333333333335,10,23,5,2.3333333333333335,10,28,1,3.3333333333333335,0.00500798225402832,0.004471302032470703,0.0
87,10,0.3,0.3,optimal,10,16,5,1.6666666666666667,10,22,5,1.6666666666666667,10,25,1,2.3333333333333335,0.005532741546630859,0.005914926528930664,0.0009999275207519531
88,10,0.3,0.3,optimal,10,21,5,2.6666666666666665,10,22,5,2.6666666666666665,10,29,0,3.6666666666666665,0.006011009216308594,0.005528450012207031,0.0010001659393310547
89,10,0.3,0.3,optimal,10,22,5,2.0,10,24,5,2.0,10,28,1,3.0,0.007287263870239258,0.006876468658447266,0.001348257064819336
90,10,0.3,0.3,optimal,10,19,5,1.6666666666666667,10,22,5,1.6666666666666667,10,26,1,2.3333333333333335,0.0025322437286376953,0.00672459602355957,0.0029144287109375
91,10,0.3,0.3,optimal,10,23,5,2.6666666666666665,10,26,5,2.6666666666666665,10,29,2,3.3333333333333335,0.004369497299194336,0.003528118133544922,0.0
92,10,0.3,0.3,optimal,10,22,5,2.3333333333333335,10,24,5,2.3333333333333335,10,30,0,4.0,0.0034644603729248047,0.005238533020019531,0.0011858940124511719
93,10,0.3,0.3,optimal,10,24,5,3.0,10,27,5,3.0,10,30,2,4.0,0.003999948501586914,0.003307819366455078,0.0029845237731933594
94,10,0.3,0.3,optimal,10,23,5,2.6666666666666665,10,26,5,2.6666666666666665,10,29,1,3.6666666666666665,0.009796142578125,0.007346630096435547,0.000993967056274414
95,10,0.3,0.3,optimal,10,24,5,3.0,10,25,5,3.0,10,32,1,4.333333333333333,0.005193471908569336,0.014276266098022461,0.005602836608886719
96,10,0.3,0.3,optimal,10,20,5,2.3333333333333335,10,25,5,2.3333333333333335,10,28,0,4.0,0.006527900695800781,0.003998279571533203,0.0020258426666259766
97,10,0.3,0.3,optimal,10,18,5,2.0,10,23,5,2.0,10,28,0,2.6666666666666665,0.007541179656982422,0.0054759979248046875,0.0021262168884277344
98,10,0.3,0.3,optimal,10,18,5,2.0,10,21,5,2.0,10,28,1,3.0,0.0035698413848876953,0.007239103317260742,0.0012614727020263672
99,10,0.3,0.3,optimal,10,19,5,2.0,10,25,5,2.0,10,30,1,3.3333333333333335,0.006197929382324219,0.004522085189819336,0.0015125274658203125
0,10,0.3,0.5,optimal,10,23,5,2.3333333333333335,10,26,5,2.3333333333333335,10,31,0,4.0,0.005068540573120117,0.003005504608154297,0.004133701324462891
1,10,0.3,0.5,optimal,10,24,5,2.6666666666666665,10,27,5,2.6666666666666665,10,31,0,4.0,0.00400543212890625,0.006613016128540039,0.0009953975677490234
2,10,0.3,0.5,optimal,10,19,5,1.6666666666666667,10,23,5,1.6666666666666667,10,28,1,2.6666666666666665,0.005932331085205078,0.007126331329345703,0.0020351409912109375
3,10,0.3,0.5,optimal,10,21,5,2.6666666666666665,10,26,5,2.6666666666666665,10,32,1,4.333333333333333,0.006514072418212891,0.023097753524780273,0.003524303436279297
4,10,0.3,0.5,optimal,10,19,5,2.3333333333333335,10,25,5,2.3333333333333335,10,31,0,4.0,0.003985166549682617,0.0030100345611572266,0.0009891986846923828
5,10,0.3,0.5,optimal,10,22,5,2.3333333333333335,10,24,5,2.3333333333333335,10,30,0,3.3333333333333335,0.001997709274291992,0.003133058547973633,0.0010154247283935547
6,10,0.3,0.5,optimal,10,23,5,2.6666666666666665,10,26,5,2.6666666666666665,10,31,1,3.6666666666666665,0.005650758743286133,0.003838777542114258,0.001001119613647461
7,10,0.3,0.5,optimal,10,25,5,3.0,10,27,5,3.0,10,31,0,4.0,0.003000497817993164,0.002002239227294922,0.0009958744049072266
8,10,0.3,0.5,optimal,10,19,5,2.0,10,24,5,2.0,10,30,0,3.3333333333333335,0.0039827823638916016,0.004512310028076172,0.0
9,10,0.3,0.5,optimal,10,22,5,2.3333333333333335,10,26,5,2.3333333333333335,10,28,1,3.0,0.004000425338745117,0.003612995147705078,0.0009999275207519531
10,10,0.3,0.5,optimal,10,21,5,2.0,10,23,5,2.0,10,27,1,2.6666666666666665,0.0010004043579101562,0.004516124725341797,0.0009980201721191406
11,10,0.3,0.5,optimal,10,23,5,2.6666666666666665,10,26,5,2.3333333333333335,10,30,0,4.0,0.004993438720703125,0.0037772655487060547,0.00099945068359375
12,10,0.3,0.5,optimal,10,21,5,2.0,10,23,5,2.0,10,28,0,3.0,0.005099058151245117,0.004891157150268555,0.001394510269165039
13,10,0.3,0.5,optimal,10,22,5,2.3333333333333335,10,26,5,2.3333333333333335,10,29,0,3.6666666666666665,0.005096912384033203,0.004514217376708984,0.0030007362365722656
14,10,0.3,0.5,optimal,10,24,5,2.3333333333333335,10,27,5,2.3333333333333335,10,31,0,3.6666666666666665,0.006422281265258789,0.004548549652099609,0.0015087127685546875
15,10,0.3,0.5,optimal,10,25,4,2.6666666666666665,10,26,4,2.6666666666666665,10,30,1,3.6666666666666665,0.004160881042480469,0.0020325183868408203,0.001039266586303711
16,10,0.3,0.5,optimal,10,24,5,2.6666666666666665,10,24,5,2.6666666666666665,10,30,0,4.0,0.003501415252685547,0.005934715270996094,0.005012035369873047
17,10,0.3,0.5,optimal,10,22,5,2.0,10,24,5,2.0,10,30,0,3.3333333333333335,0.005094289779663086,0.003084421157836914,0.0010228157043457031
18,10,0.3,0.5,optimal,10,24,4,2.0,10,24,4,2.0,10,27,1,3.0,0.0010418891906738281,0.0010106563568115234,0.0009450912475585938
19,10,0.3,0.5,optimal,10,21,5,2.6666666666666665,10,24,5,2.6666666666666665,10,30,0,3.6666666666666665,0.0056078433990478516,0.004713773727416992,0.0015094280242919922
20,10,0.3,0.5,optimal,10,24,5,2.6666666666666665,10,25,5,2.6666666666666665,10,32,0,4.0,0.0045621395111083984,0.005065202713012695,0.0029935836791992188
21,10,0.3,0.5,optimal,10,26,5,2.6666666666666665,10,27,5,2.6666666666666665,10,33,0,4.333333333333333,0.005509614944458008,0.003450632095336914,0.0010874271392822266
22,10,0.3,0.5,optimal,10,19,5,1.6666666666666667,10,21,5,1.6666666666666667,10,30,0,3.3333333333333335,0.00551152229309082,0.002999544143676758,0.0010035037994384766
23,10,0.3,0.5,optimal,10,20,5,2.3333333333333335,10,26,5,2.3333333333333335,10,30,1,3.6666666666666665,0.004566192626953125,0.00400090217590332,0.0
24,10,0.3,0.5,optimal,10,21,5,2.3333333333333335,10,24,5,2.3333333333333335,10,32,0,4.333333333333333,0.003004312515258789,0.0045855045318603516,0.0
25,10,0.3,0.5,optimal,10,21,5,2.0,10,23,5,2.0,10,30,0,3.6666666666666665,0.004088401794433594,0.004029989242553711,0.0
26,10,0.3,0.5,optimal,10,21,5,2.3333333333333335,10,24,5,2.3333333333333335,10,27,2,3.0,0.004772186279296875,0.007307767868041992,0.001474142074584961
27,10,0.3,0.5,optimal,10,23,5,3.0,10,23,5,3.0,10,32,0,4.666666666666667,0.006704092025756836,0.0036325454711914062,0.0010001659393310547
28,10,0.3,0.5,optimal,10,25,5,3.0,10,28,5,3.0,10,31,0,4.0,0.005137920379638672,0.005527973175048828,0.0013210773468017578
29,10,0.3,0.5,optimal,10,22,5,2.0,10,25,5,2.0,10,30,0,3.6666666666666665,0.002995014190673828,0.0030159950256347656,0.002992868423461914
30,10,0.3,0.5,optimal,10,23,5,2.6666666666666665,10,25,5,2.3333333333333335,10,32,0,4.333333333333333,0.00455021858215332,0.0030641555786132812,0.0009996891021728516
31,10,0.3,0.5,optimal,10,31,5,3.6666666666666665,10,31,5,3.6666666666666665,10,33,0,4.333333333333333,0.0035288333892822266,0.003090381622314453,0.0009968280792236328
32,10,0.3,0.5,optimal,10,22,5,2.6666666666666665,10,25,5,2.6666666666666665,10,30,0,4.0,0.004510402679443359,0.005010128021240234,0.004534006118774414
33,10,0.3,0.5,optimal,10,23,5,3.3333333333333335,10,25,5,3.3333333333333335,10,33,0,4.666666666666667,0.0029990673065185547,0.003561735153198242,0.003667116165161133
34,10,0.3,0.5,optimal,10,20,5,2.0,10,24,5,2.0,10,29,0,3.3333333333333335,0.00400233268737793,0.0039708614349365234,0.0009832382202148438
35,10,0.3,0.5,optimal,10,23,5,3.0,10,24,5,3.0,10,32,0,4.0,0.005999565124511719,0.006010293960571289,0.0
36,10,0.3,0.5,optimal,10,23,5,2.6666666666666665,10,26,5,2.3333333333333335,10,31,0,3.6666666666666665,0.0035393238067626953,0.0029993057250976562,0.001005411148071289
37,10,0.3,0.5,optimal,10,21,5,2.6666666666666665,10,26,5,2.6666666666666665,10,29,0,4.0,0.004015922546386719,0.006542205810546875,0.0
38,10,0.3,0.5,optimal,10,25,5,3.0,10,28,5,3.0,10,32,0,4.333333333333333,0.0035648345947265625,0.004134654998779297,0.0036449432373046875
39,10,0.3,0.5,optimal,10,21,5,1.6666666666666667,10,23,5,1.6666666666666667,10,29,1,3.3333333333333335,0.0009999275207519531,0.0025703907012939453,0.005997180938720703
40,10,0.3,0.5,optimal,10,23,5,2.3333333333333335,10,26,5,2.3333333333333335,10,29,1,3.3333333333333335,0.0029959678649902344,0.0030181407928466797,0.0010030269622802734
41,10,0.3,0.5,optimal,10,22,5,2.6666666666666665,10,27,5,2.6666666666666665,10,31,0,4.333333333333333,0.005157947540283203,0.004217386245727539,0.0020284652709960938
42,10,0.3,0.5,optimal,10,21,5,2.0,10,25,5,2.0,10,30,0,3.6666666666666665,0.0016071796417236328,0.004991769790649414,0.0009980201721191406
43,10,0.3,0.5,optimal,10,21,5,2.0,10,26,5,2.0,10,29,2,3.0,0.004335880279541016,0.0048711299896240234,0.0009865760803222656
44,10,0.3,0.5,optimal,10,23,5,3.0,10,24,5,3.0,10,31,0,3.6666666666666665,0.0039997100830078125,0.0045642852783203125,0.0009996891021728516
45,10,0.3,0.5,optimal,10,24,4,3.0,10,28,4,3.0,10,30,2,3.6666666666666665,0.0046999454498291016,0.004074573516845703,0.0010254383087158203
46,10,0.3,0.5,optimal,10,26,5,3.3333333333333335,10,27,5,3.3333333333333335,10,33,0,4.333333333333333,0.005354166030883789,0.003506898880004883,0.0010023117065429688
47,10,0.3,0.5,optimal,10,23,5,2.6666666666666665,10,24,5,2.6666666666666665,10,30,0,3.6666666666666665,0.0057086944580078125,0.005513429641723633,0.0
48,10,0.3,0.5,optimal,10,23,5,2.6666666666666665,10,26,5,2.3333333333333335,10,31,1,3.6666666666666665,0.003539562225341797,0.004274606704711914,0.0
49,10,0.3,0.5,optimal,10,24,5,3.0,10,26,5,3.0,10,33,0,4.333333333333333,0.006389617919921875,0.005577564239501953,0.0020003318786621094
50,10,0.3,0.5,optimal,10,23,5,3.3333333333333335,10,23,5,3.3333333333333335,10,32,1,4.333333333333333,0.006570100784301758,0.007961273193359375,0.005283832550048828
51,10,0.3,0.5,optimal,10,20,5,2.0,10,25,5,2.0,10,31,0,3.6666666666666665,0.0057697296142578125,0.0030052661895751953,0.0034291744232177734
52,10,0.3,0.5,optimal,10,21,5,2.3333333333333335,10,24,5,2.3333333333333335,10,31,0,4.0,0.004559993743896484,0.0019996166229248047,0.0009980201721191406
53,10,0.3,0.5,optimal,10,27,5,3.6666666666666665,10,28,5,3.6666666666666665,10,33,0,4.333333333333333,0.004347801208496094,0.004025697708129883,0.0
54,10,0.3,0.5,optimal,10,21,5,2.3333333333333335,10,26,5,2.3333333333333335,10,32,0,4.0,0.005877494812011719,0.0030624866485595703,0.0020885467529296875
55,10,0.3,0.5,optimal,10,22,5,2.3333333333333335,10,26,5,2.3333333333333335,10,30,0,3.3333333333333335,0.0059964656829833984,0.003999948501586914,0.0009992122650146484
56,10,0.3,0.5,optimal,10,21,5,2.3333333333333335,10,24,5,2.3333333333333335,10,29,1,3.6666666666666665,0.0045392513275146484,0.0050237178802490234,0.001003265380859375
57,10,0.3,0.5,optimal,10,21,5,2.3333333333333335,10,23,5,2.3333333333333335,10,30,0,3.6666666666666665,0.0,0.003999948501586914,0.0014874935150146484
58,10,0.3,0.5,optimal,10,23,5,2.3333333333333335,10,27,5,2.3333333333333335,10,29,0,3.3333333333333335,0.0047872066497802734,0.0030045509338378906,0.001188039779663086
59,10,0.3,0.5,optimal,10,21,5,2.3333333333333335,10,24,5,2.3333333333333335,10,30,0,3.3333333333333335,0.00403904914855957,0.003567934036254883,0.0010039806365966797
60,10,0.3,0.5,optimal,10,24,5,2.6666666666666665,10,26,5,2.6666666666666665,10,31,0,4.0,0.0034852027893066406,0.0019998550415039062,0.0009999275207519531
61,10,0.3,0.5,optimal,10,22,5,2.6666666666666665,10,27,5,2.6666666666666665,10,30,1,4.0,0.002980947494506836,0.003002166748046875,0.0
62,10,0.3,0.5,optimal,10,26,5,3.0,10,29,5,3.0,10,33,0,4.333333333333333,0.004999637603759766,0.002767324447631836,0.0014510154724121094
63,10,0.3,0.5,optimal,10,23,5,2.6666666666666665,10,26,5,2.6666666666666665,10,31,0,4.0,0.006937742233276367,0.005152702331542969,0.0
64,10,0.3,0.5,optimal,10,22,5,3.0,10,26,5,2.6666666666666665,10,31,0,4.333333333333333,0.003531932830810547,0.005007505416870117,0.0015063285827636719
65,10,0.3,0.5,optimal,10,23,5,2.6666666666666665,10,26,5,2.6666666666666665,10,32,0,4.333333333333333,0.004000186920166016,0.003557443618774414,0.0009930133819580078
66,10,0.3,0.5,optimal,10,20,5,2.0,10,23,5,2.0,10,30,0,3.3333333333333335,0.0054569244384765625,0.0056934356689453125,0.0012731552124023438
67,10,0.3,0.5,optimal,10,24,5,2.6666666666666665,10,26,5,2.6666666666666665,10,32,0,4.333333333333333,0.0038814544677734375,0.0022249221801757812,0.0015101432800292969
68,10,0.3,0.5,optimal,10,21,5,2.3333333333333335,10,26,5,2.3333333333333335,10,31,1,3.6666666666666665,0.005376338958740234,0.003879070281982422,0.0012087821960449219
69,10,0.3,0.5,optimal,10,24,5,3.3333333333333335,10,26,5,3.3333333333333335,10,32,0,4.333333333333333,0.004574775695800781,0.0050127506256103516,0.002743959426879883
70,10,0.3,0.5,optimal,10,23,5,2.0,10,25,5,2.0,10,30,0,3.3333333333333335,0.004012346267700195,0.004009723663330078,0.0013425350189208984
71,10,0.3,0.5,optimal,10,25,5,3.0,10,26,5,3.0,10,30,1,4.0,0.0041353702545166016,0.005176544189453125,0.0012664794921875
72,10,0.3,0.5,optimal,10,24,5,2.6666666666666665,10,24,5,2.6666666666666665,10,32,0,4.0,0.001033782958984375,0.0015299320220947266,0.0
73,10,0.3,0.5,optimal,10,21,5,2.0,10,23,5,2.0,10,29,1,3.0,0.004416227340698242,0.0031926631927490234,0.000995635986328125
74,10,0.3,0.5,optimal,10,23,5,2.6666666666666665,10,26,5,2.6666666666666665,10,31,0,4.0,0.00304412841796875,0.0030012130737304688,0.0
75,10,0.3,0.5,optimal,10,23,5,3.0,10,27,5,3.0,10,33,0,4.666666666666667,0.004004716873168945,0.0030019283294677734,0.002161741256713867
76,10,0.3,0.5,optimal,10,24,5,3.0,10,26,5,3.0,10,31,0,4.333333333333333,0.005357027053833008,0.005531787872314453,0.0016009807586669922
77,10,0.3,0.5,optimal,10,22,5,2.0,10,23,5,2.0,10,30,1,3.3333333333333335,0.003433704376220703,0.005334615707397461,0.0
78,10,0.3,0.5,optimal,10,19,5,2.0,10,25,5,2.0,10,30,1,3.3333333333333335,0.006719350814819336,0.0035064220428466797,0.0021021366119384766
79,10,0.3,0.5,optimal,10,24,5,2.6666666666666665,10,25,5,2.6666666666666665,10,30,1,3.3333333333333335,0.007031440734863281,0.007305622100830078,0.0030066967010498047
80,10,0.3,0.5,optimal,10,21,5,2.3333333333333335,10,25,5,2.3333333333333335,10,31,0,3.6666666666666665,0.003763437271118164,0.002418041229248047,0.0045337677001953125
81,10,0.3,0.5,optimal,10,24,5,2.3333333333333335,10,24,5,2.3333333333333335,10,28,1,2.6666666666666665,0.004005908966064453,0.004413604736328125,0.0035216808319091797
82,10,0.3,0.5,optimal,10,22,5,2.0,10,24,5,2.0,10,29,1,3.0,0.004613399505615234,0.0038580894470214844,0.0
83,10,0.3,0.5,optimal,10,24,5,2.6666666666666665,10,24,5,2.6666666666666665,10,30,0,4.0,0.0027704238891601562,0.0032944679260253906,0.0011234283447265625
84,10,0.3,0.5,optimal,10,21,4,2.6666666666666665,10,25,4,2.6666666666666665,10,30,0,3.3333333333333335,0.00399327278137207,0.005765676498413086,0.0009887218475341797
85,10,0.3,0.5,optimal,10,26,5,3.0,10,29,5,3.0,10,31,1,3.6666666666666665,0.003050088882446289,0.0024917125701904297,0.0010077953338623047
86,10,0.3,0.5,optimal,10,21,5,2.3333333333333335,10,24,5,2.3333333333333335,10,29,0,3.3333333333333335,0.002996206283569336,0.0039865970611572266,0.001323699951171875
87,10,0.3,0.5,optimal,10,18,5,1.6666666666666667,10,23,5,1.6666666666666667,10,28,0,3.0,0.003973960876464844,0.0038175582885742188,0.0009975433349609375
88,10,0.3,0.5,optimal,10,24,5,2.6666666666666665,10,27,5,2.6666666666666665,10,33,0,4.333333333333333,0.004982948303222656,0.0035974979400634766,0.0010318756103515625
89,10,0.3,0.5,optimal,10,22,5,2.0,10,25,5,2.0,10,31,0,3.6666666666666665,0.004536628723144531,0.00400543212890625,0.0009970664978027344
90,10,0.3,0.5,optimal,10,20,5,1.6666666666666667,10,24,5,1.6666666666666667,10,28,1,2.6666666666666665,0.003042459487915039,0.004553794860839844,0.0009987354278564453
91,10,0.3,0.5,optimal,10,24,5,2.6666666666666665,10,27,5,2.6666666666666665,10,30,0,3.6666666666666665,0.0029990673065185547,0.003439188003540039,0.0010037422180175781
92,10,0.3,0.5,optimal,10,22,5,2.3333333333333335,10,24,5,2.3333333333333335,10,31,0,4.0,0.004027366638183594,0.005009889602661133,0.0010013580322265625
93,10,0.3,0.5,optimal,10,25,5,3.0,10,28,5,3.0,10,31,1,4.0,0.0045337677001953125,0.003541231155395508,0.005318880081176758
94,10,0.3,0.5,optimal,10,25,5,2.6666666666666665,10,27,5,2.6666666666666665,10,31,1,4.0,0.00418400764465332,0.004132747650146484,0.0010058879852294922
95,10,0.3,0.5,optimal,10,24,5,3.0,10,25,5,3.0,10,33,1,4.333333333333333,0.0039784908294677734,0.006689786911010742,0.0045375823974609375
96,10,0.3,0.5,optimal,10,23,5,2.3333333333333335,10,26,5,2.3333333333333335,10,31,0,3.6666666666666665,0.0044476985931396484,0.0019991397857666016,0.0030019283294677734
97,10,0.3,0.5,optimal,10,19,5,2.0,10,23,5,2.0,10,29,1,3.0,0.0049817562103271484,0.00962972640991211,0.001516580581665039
98,10,0.3,0.5,optimal,10,22,5,2.0,10,24,5,2.0,10,30,0,3.3333333333333335,0.0029866695404052734,0.0023641586303710938,0.0010178089141845703
99,10,0.3,0.5,optimal,10,22,5,2.0,10,26,5,2.0,10,30,1,3.3333333333333335,0.004014492034912109,0.003188610076904297,0.0
0,10,0.3,0.7,optimal,10,25,5,2.3333333333333335,10,27,5,2.3333333333333335,10,32,0,4.0,0.0029799938201904297,0.0035381317138671875,0.004839181900024414
1,10,0.3,0.7,optimal,10,24,5,2.6666666666666665,10,27,5,2.6666666666666665,10,32,0,4.0,0.0037648677825927734,0.005158662796020508,0.0
2,10,0.3,0.7,optimal,10,21,5,1.6666666666666667,10,24,5,1.6666666666666667,10,29,0,3.0,0.003992795944213867,0.0035140514373779297,0.001004934310913086
3,10,0.3,0.7,optimal,10,24,5,2.6666666666666665,10,26,5,2.6666666666666665,10,33,1,4.333333333333333,0.005870342254638672,0.004447460174560547,0.001947164535522461
4,10,0.3,0.7,optimal,10,21,5,2.3333333333333335,10,27,5,2.3333333333333335,10,31,0,4.0,0.0035424232482910156,0.0009849071502685547,0.0010116100311279297
5,10,0.3,0.7,optimal,10,25,5,2.3333333333333335,10,26,5,2.3333333333333335,10,32,0,4.0,0.002002239227294922,0.002001047134399414,0.003017425537109375
6,10,0.3,0.7,optimal,10,26,5,2.6666666666666665,10,28,5,2.6666666666666665,10,32,1,4.0,0.004002809524536133,0.003572702407836914,0.0010128021240234375
7,10,0.3,0.7,optimal,10,26,5,3.0,10,27,5,3.0,10,33,0,4.333333333333333,0.0040340423583984375,0.0033397674560546875,0.0016434192657470703
8,10,0.3,0.7,optimal,10,21,5,2.0,10,25,5,2.0,10,30,0,3.3333333333333335,0.003008604049682617,0.0020017623901367188,0.0
9,10,0.3,0.7,optimal,10,24,5,2.3333333333333335,10,26,5,2.3333333333333335,10,30,1,3.6666666666666665,0.00441288948059082,0.0020117759704589844,0.0
10,10,0.3,0.7,optimal,10,23,5,2.0,10,25,5,2.0,10,30,0,3.6666666666666665,0.0010156631469726562,0.004141807556152344,0.001218557357788086
11,10,0.3,0.7,optimal,10,27,5,2.6666666666666665,10,27,5,2.6666666666666665,10,31,0,4.0,0.007678985595703125,0.007986307144165039,0.0009992122650146484
12,10,0.3,0.7,optimal,10,22,5,2.0,10,24,5,2.0,10,29,0,3.0,0.0030133724212646484,0.0024118423461914062,0.0
13,10,0.3,0.7,optimal,10,25,5,2.3333333333333335,10,27,5,2.3333333333333335,10,32,0,4.0,0.004170417785644531,0.004012107849121094,0.0024940967559814453
14,10,0.3,0.7,optimal,10,24,5,2.3333333333333335,10,27,5,2.3333333333333335,10,31,0,3.6666666666666665,0.004744768142700195,0.0035364627838134766,0.0014219284057617188
15,10,0.3,0.7,optimal,10,25,4,2.6666666666666665,10,26,4,2.6666666666666665,10,30,1,3.6666666666666665,0.003000020980834961,0.002392292022705078,0.0
16,10,0.3,0.7,optimal,10,26,5,2.6666666666666665,10,26,5,2.6666666666666665,10,31,1,4.0,0.003011465072631836,0.0030088424682617188,0.0010991096496582031
17,10,0.3,0.7,optimal,10,22,5,2.0,10,24,5,2.0,10,30,0,3.3333333333333335,0.0029764175415039062,0.0020322799682617188,0.0009987354278564453
18,10,0.3,0.7,optimal,10,25,4,2.0,10,25,4,2.0,10,28,1,3.0,0.0010762214660644531,0.0020003318786621094,0.0
19,10,0.3,0.7,optimal,10,23,5,2.6666666666666665,10,27,5,2.3333333333333335,10,31,0,4.0,0.004528522491455078,0.004623889923095703,0.003987789154052734
20,10,0.3,0.7,optimal,10,28,5,2.6666666666666665,10,28,5,2.6666666666666665,10,33,0,4.333333333333333,0.004523277282714844,0.004999399185180664,0.002515554428100586
21,10,0.3,0.7,optimal,10,28,5,2.6666666666666665,10,28,5,2.6666666666666665,10,33,0,4.333333333333333,0.003998994827270508,0.0034546852111816406,0.004016399383544922
22,10,0.3,0.7,optimal,10,22,5,1.6666666666666667,10,22,5,1.6666666666666667,10,30,0,3.3333333333333335,0.0036268234252929688,0.003224611282348633,0.002228975296020508
23,10,0.3,0.7,optimal,10,22,5,2.3333333333333335,10,26,5,2.3333333333333335,10,31,0,4.0,0.0033884048461914062,0.004494667053222656,0.0014612674713134766
24,10,0.3,0.7,optimal,10,23,5,2.3333333333333335,10,26,5,2.3333333333333335,10,32,0,4.0,0.0029959678649902344,0.00353240966796875,0.0010042190551757812
25,10,0.3,0.7,optimal,10,21,5,2.0,10,24,5,2.0,10,30,0,3.6666666666666665,0.0030012130737304688,0.004014253616333008,0.001016855239868164
26,10,0.3,0.7,optimal,10,23,5,2.3333333333333335,10,25,5,2.3333333333333335,10,30,1,3.6666666666666665,0.003511667251586914,0.003009319305419922,0.0010068416595458984
27,10,0.3,0.7,optimal,10,24,5,3.0,10,25,5,3.0,10,32,0,4.333333333333333,0.003545522689819336,0.0019981861114501953,0.0009949207305908203
28,10,0.3,0.7,optimal,10,28,5,3.0,10,29,5,3.0,10,33,0,4.666666666666667,0.0030853748321533203,0.0020036697387695312,0.004172801971435547
29,10,0.3,0.7,optimal,10,23,5,2.0,10,26,5,2.0,10,31,0,3.6666666666666665,0.003002643585205078,0.003511190414428711,0.004080295562744141
30,10,0.3,0.7,optimal,10,25,5,2.6666666666666665,10,27,5,2.3333333333333335,10,33,0,4.666666666666667,0.002978801727294922,0.0030090808868408203,0.00099945068359375
31,10,0.3,0.7,optimal,10,31,5,3.6666666666666665,10,31,5,3.6666666666666665,10,34,0,4.666666666666667,0.0035669803619384766,0.0019948482513427734,0.0009980201721191406
32,10,0.3,0.7,optimal,10,24,5,2.6666666666666665,10,26,5,2.6666666666666665,10,31,0,4.0,0.004006862640380859,0.0048215389251708984,0.0013737678527832031
33,10,0.3,0.7,optimal,10,24,5,3.3333333333333335,10,27,5,3.3333333333333335,10,34,0,5.0,0.005000591278076172,0.004591226577758789,0.0030095577239990234
34,10,0.3,0.7,optimal,10,21,5,2.0,10,24,5,2.0,10,29,0,3.0,0.0040073394775390625,0.002506256103515625,0.0011174678802490234
35,10,0.3,0.7,optimal,10,25,5,3.0,10,27,5,3.0,10,32,0,4.0,0.0030975341796875,0.00570368766784668,0.0009944438934326172
36,10,0.3,0.7,optimal,10,24,5,2.6666666666666665,10,27,5,2.3333333333333335,10,32,0,4.0,0.003004789352416992,0.0019948482513427734,0.0015058517456054688
37,10,0.3,0.7,optimal,10,25,5,2.6666666666666665,10,27,5,2.6666666666666665,10,31,0,3.6666666666666665,0.004788875579833984,0.005532503128051758,0.0010247230529785156
38,10,0.3,0.7,optimal,10,26,5,3.0,10,29,5,3.0,10,33,0,4.333333333333333,0.006989240646362305,0.003220796585083008,0.0035474300384521484
39,10,0.3,0.7,optimal,10,21,5,1.6666666666666667,10,23,5,1.6666666666666667,10,30,0,3.6666666666666665,0.0009992122650146484,0.0009996891021728516,0.0025038719177246094
40,10,0.3,0.7,optimal,10,25,5,2.3333333333333335,10,26,5,2.3333333333333335,10,30,0,3.6666666666666665,0.0040357112884521484,0.004473447799682617,0.0013821125030517578
41,10,0.3,0.7,optimal,10,26,5,2.6666666666666665,10,28,5,2.6666666666666665,10,33,0,4.333333333333333,0.004647254943847656,0.003386974334716797,0.0039255619049072266
42,10,0.3,0.7,optimal,10,24,5,2.0,10,26,5,2.0,10,31,0,3.6666666666666665,0.0015287399291992188,0.0030977725982666016,0.0014293193817138672
43,10,0.3,0.7,optimal,10,24,5,2.0,10,26,5,2.0,10,29,2,3.0,0.0039942264556884766,0.004046916961669922,0.001020193099975586
44,10,0.3,0.7,optimal,10,26,5,3.0,10,29,5,3.0,10,33,0,4.333333333333333,0.004502773284912109,0.004997730255126953,0.0010037422180175781
45,10,0.3,0.7,optimal,10,25,4,3.0,10,29,4,3.0,10,32,1,4.0,0.002981901168823242,0.0020017623901367188,0.0015106201171875
46,10,0.3,0.7,optimal,10,29,5,3.3333333333333335,10,29,5,3.3333333333333335,10,33,0,4.333333333333333,0.002988576889038086,0.0035369396209716797,0.0
47,10,0.3,0.7,optimal,10,24,5,2.6666666666666665,10,26,5,2.6666666666666665,10,31,0,4.0,0.0030176639556884766,0.004000425338745117,0.0025234222412109375
48,10,0.3,0.7,optimal,10,25,5,2.6666666666666665,10,26,5,2.6666666666666665,10,33,0,4.333333333333333,0.003844738006591797,0.0040035247802734375,0.0011429786682128906
49,10,0.3,0.7,optimal,10,24,5,3.0,10,27,5,3.0,10,33,0,4.666666666666667,0.0029969215393066406,0.0038743019104003906,0.0010044574737548828
50,10,0.3,0.7,optimal,10,25,5,3.3333333333333335,10,26,5,3.3333333333333335,10,34,0,4.666666666666667,0.0030112266540527344,0.0043179988861083984,0.0032591819763183594
51,10,0.3,0.7,optimal,10,24,5,2.0,10,26,5,2.0,10,31,0,3.6666666666666665,0.004046201705932617,0.003713369369506836,0.0029828548431396484
52,10,0.3,0.7,optimal,10,22,5,2.3333333333333335,10,27,5,2.3333333333333335,10,32,0,4.0,0.004001140594482422,0.0025222301483154297,0.0010013580322265625
53,10,0.3,0.7,optimal,10,29,5,3.6666666666666665,10,30,5,3.6666666666666665,10,34,0,5.0,0.003004312515258789,0.0029990673065185547,0.0015099048614501953
54,10,0.3,0.7,optimal,10,24,5,2.3333333333333335,10,26,5,2.3333333333333335,10,32,0,4.0,0.004101276397705078,0.0025212764739990234,0.0009834766387939453
55,10,0.3,0.7,optimal,10,23,5,2.3333333333333335,10,26,5,2.3333333333333335,10,32,0,4.0,0.0029997825622558594,0.002524852752685547,0.002003908157348633
56,10,0.3,0.7,optimal,10,23,5,2.3333333333333335,10,25,5,2.3333333333333335,10,32,0,4.0,0.004514932632446289,0.005588531494140625,0.0010859966278076172
57,10,0.3,0.7,optimal,10,22,5,2.3333333333333335,10,23,5,2.3333333333333335,10,30,0,3.3333333333333335,0.0018303394317626953,0.004004716873168945,0.0
58,10,0.3,0.7,optimal,10,25,5,2.3333333333333335,10,27,5,2.3333333333333335,10,32,0,4.0,0.00299835205078125,0.0035169124603271484,0.0009958744049072266
59,10,0.3,0.7,optimal,10,24,5,2.3333333333333335,10,26,5,2.3333333333333335,10,32,0,4.0,0.0029795169830322266,0.002206563949584961,0.004979610443115234
60,10,0.3,0.7,optimal,10,26,5,2.6666666666666665,10,26,5,2.6666666666666665,10,32,0,4.333333333333333,0.003438234329223633,0.0025055408477783203,0.0030028820037841797
61,10,0.3,0.7,optimal,10,25,5,2.6666666666666665,10,28,5,2.6666666666666665,10,31,1,4.0,0.003998517990112305,0.0020182132720947266,0.003000974655151367
62,10,0.3,0.7,optimal,10,26,5,3.0,10,29,5,3.0,10,34,0,4.666666666666667,0.0035333633422851562,0.003484010696411133,0.0
63,10,0.3,0.7,optimal,10,25,5,2.6666666666666665,10,28,5,2.6666666666666665,10,33,0,4.333333333333333,0.0035247802734375,0.002009153366088867,0.0
64,10,0.3,0.7,optimal,10,25,5,3.0,10,28,5,2.6666666666666665,10,32,0,4.333333333333333,0.004007577896118164,0.0030107498168945312,0.0030286312103271484
65,10,0.3,0.7,optimal,10,26,5,2.6666666666666665,10,28,5,2.6666666666666665,10,32,0,4.333333333333333,0.003983736038208008,0.0020432472229003906,0.003268718719482422
66,10,0.3,0.7,optimal,10,22,5,2.0,10,24,5,2.0,10,30,0,3.3333333333333335,0.003510713577270508,0.003996133804321289,0.0
67,10,0.3,0.7,optimal,10,26,5,2.6666666666666665,10,27,5,2.6666666666666665,10,33,0,4.333333333333333,0.002989053726196289,0.003057718276977539,0.0010249614715576172
68,10,0.3,0.7,optimal,10,22,5,2.3333333333333335,10,26,5,2.3333333333333335,10,32,0,4.0,0.003994464874267578,0.0030150413513183594,0.0010120868682861328
69,10,0.3,0.7,optimal,10,25,5,3.3333333333333335,10,28,5,3.3333333333333335,10,34,1,4.666666666666667,0.0035049915313720703,0.0019998550415039062,0.0019996166229248047
70,10,0.3,0.7,optimal,10,24,5,2.0,10,26,5,2.0,10,30,0,3.3333333333333335,0.004214286804199219,0.0030176639556884766,0.0016598701477050781
71,10,0.3,0.7,optimal,10,27,5,3.0,10,28,5,3.0,10,32,0,4.666666666666667,0.003998517990112305,0.003534078598022461,0.000997781753540039
72,10,0.3,0.7,optimal,10,25,5,2.6666666666666665,10,25,5,2.6666666666666665,10,33,0,4.333333333333333,0.0009987354278564453,0.0009975433349609375,0.0
73,10,0.3,0.7,optimal,10,24,5,2.0,10,26,5,2.0,10,30,0,3.6666666666666665,0.003996372222900391,0.003507375717163086,0.0010077953338623047
74,10,0.3,0.7,optimal,10,23,5,2.6666666666666665,10,28,5,2.6666666666666665,10,32,0,4.333333333333333,0.004004716873168945,0.0023097991943359375,0.00101470947265625
75,10,0.3,0.7,optimal,10,26,5,3.0,10,28,5,3.0,10,33,0,4.333333333333333,0.004349231719970703,0.004367351531982422,0.00101470947265625
76,10,0.3,0.7,optimal,10,26,5,3.0,10,28,5,3.0,10,32,0,4.333333333333333,0.0033426284790039062,0.004124641418457031,0.0009899139404296875
77,10,0.3,0.7,optimal,10,25,5,2.0,10,26,5,2.0,10,31,0,3.6666666666666665,0.0030074119567871094,0.002003192901611328,0.0
78,10,0.3,0.7,optimal,10,22,5,2.0,10,25,5,2.0,10,31,0,3.6666666666666665,0.003988027572631836,0.002520322799682617,0.0013680458068847656
79,10,0.3,0.7,optimal,10,24,5,2.6666666666666665,10,26,5,2.6666666666666665,10,31,0,4.0,0.002997875213623047,0.002506256103515625,0.0010068416595458984
80,10,0.3,0.7,optimal,10,25,5,2.3333333333333335,10,27,5,2.3333333333333335,10,32,0,4.0,0.0039789676666259766,0.0020465850830078125,0.0034532546997070312
81,10,0.3,0.7,optimal,10,26,5,2.3333333333333335,10,26,5,2.3333333333333335,10,30,0,3.3333333333333335,0.003996610641479492,0.005006313323974609,0.003508329391479492
82,10,0.3,0.7,optimal,10,24,5,2.0,10,26,5,2.0,10,30,0,3.3333333333333335,0.0034415721893310547,0.002366304397583008,0.0
83,10,0.3,0.7,optimal,10,26,5,2.6666666666666665,10,27,5,2.6666666666666665,10,33,0,4.333333333333333,0.004000663757324219,0.003011941909790039,0.0
84,10,0.3,0.7,optimal,10,23,4,2.6666666666666665,10,27,4,2.6666666666666665,10,31,0,3.6666666666666665,0.003999948501586914,0.004513263702392578,0.0009982585906982422
85,10,0.3,0.7,optimal,10,28,5,3.0,10,29,5,3.0,10,34,0,4.666666666666667,0.003994941711425781,0.002515554428100586,0.0020246505737304688
86,10,0.3,0.7,optimal,10,25,5,2.3333333333333335,10,27,5,2.3333333333333335,10,31,0,3.6666666666666665,0.0030095577239990234,0.0009999275207519531,0.002534627914428711
87,10,0.3,0.7,optimal,10,20,5,1.6666666666666667,10,25,5,1.6666666666666667,10,29,0,3.0,0.0030019283294677734,0.010689258575439453,0.0010113716125488281
88,10,0.3,0.7,optimal,10,24,5,2.6666666666666665,10,27,5,2.6666666666666665,10,33,0,4.333333333333333,0.003975629806518555,0.0032002925872802734,0.0005125999450683594
89,10,0.3,0.7,optimal,10,23,5,2.0,10,26,5,2.0,10,31,0,3.6666666666666665,0.004509449005126953,0.001999378204345703,0.0
90,10,0.3,0.7,optimal,10,23,5,1.6666666666666667,10,25,5,1.6666666666666667,10,30,0,3.3333333333333335,0.002055644989013672,0.004013776779174805,0.0010116100311279297
91,10,0.3,0.7,optimal,10,27,5,2.6666666666666665,10,28,5,2.6666666666666665,10,32,0,4.333333333333333,0.0029952526092529297,0.003046751022338867,0.0
92,10,0.3,0.7,optimal,10,23,5,2.3333333333333335,10,26,5,2.3333333333333335,10,32,0,4.0,0.004561185836791992,0.004874467849731445,0.0045909881591796875
93,10,0.3,0.7,optimal,10,27,5,3.0,10,29,5,3.0,10,34,0,4.666666666666667,0.0035610198974609375,0.0031316280364990234,0.004082202911376953
94,10,0.3,0.7,optimal,10,26,5,2.6666666666666665,10,28,5,2.6666666666666665,10,33,0,4.333333333333333,0.003978729248046875,0.004014730453491211,0.0030517578125
95,10,0.3,0.7,optimal,10,24,5,3.0,10,25,5,3.0,10,34,0,4.666666666666667,0.00401759147644043,0.004518270492553711,0.0029892921447753906
96,10,0.3,0.7,optimal,10,27,5,2.3333333333333335,10,27,5,2.3333333333333335,10,32,0,4.0,0.0033097267150878906,0.0020377635955810547,0.0029947757720947266
97,10,0.3,0.7,optimal,10,21,5,2.0,10,24,5,2.0,10,31,0,3.6666666666666665,0.0034377574920654297,0.0025212764739990234,0.003099203109741211
98,10,0.3,0.7,optimal,10,24,5,2.0,10,25,5,2.0,10,30,0,3.3333333333333335,0.004014730453491211,0.0019989013671875,0.0010132789611816406
99,10,0.3,0.7,optimal,10,24,5,2.0,10,26,5,2.0,10,30,1,3.3333333333333335,0.0037174224853515625,0.003173351287841797,0.0
0,10,0.45,0.3,optimal,10,20,5,2.3333333333333335,10,24,5,2.3333333333333335,10,30,0,4.0,0.0040264129638671875,0.004019737243652344,0.0041332244873046875
1,10,0.45,0.3,optimal,10,21,5,2.6666666666666665,10,25,5,2.6666666666666665,10,30,0,4.0,0.00400996208190918,0.004784345626831055,0.003027200698852539
2,10,0.45,0.3,optimal,10,16,5,1.6666666666666667,10,21,5,1.6666666666666667,10,27,0,2.6666666666666665,0.003003358840942383,0.005002260208129883,0.0040090084075927734
3,10,0.45,0.3,optimal,10,24,5,3.0,10,27,5,3.0,10,32,0,4.333333333333333,0.0040128231048583984,0.004796266555786133,0.00353240966796875
4,10,0.45,0.3,optimal,10,20,5,2.3333333333333335,10,22,5,2.3333333333333335,10,29,0,3.3333333333333335,0.0029981136322021484,0.0045318603515625,0.0030019283294677734
5,10,0.45,0.3,optimal,10,19,5,2.3333333333333335,10,25,5,2.3333333333333335,10,30,0,3.6666666666666665,0.005523681640625,0.004506111145019531,0.0029990673065185547
6,10,0.45,0.3,optimal,10,22,5,2.6666666666666665,10,26,5,2.6666666666666665,10,30,0,4.0,0.003982067108154297,0.006806135177612305,0.0030107498168945312
7,10,0.45,0.3,optimal,10,21,5,3.0,10,26,5,3.0,10,30,1,4.0,0.0035321712493896484,0.004980325698852539,0.003706216812133789
8,10,0.45,0.3,optimal,10,18,5,2.0,10,23,5,2.0,10,29,0,3.3333333333333335,0.002980470657348633,0.003552675247192383,0.0030450820922851562
9,10,0.45,0.3,optimal,10,18,5,2.3333333333333335,10,22,5,2.3333333333333335,10,28,0,3.3333333333333335,0.0029985904693603516,0.002519845962524414,0.004324674606323242
10,10,0.45,0.3,optimal,10,20,5,2.0,10,25,5,2.0,10,27,2,3.0,0.003998517990112305,0.0025200843811035156,0.004000186920166016
11,10,0.45,0.3,optimal,10,19,5,2.6666666666666665,10,25,5,2.6666666666666665,10,29,1,4.0,0.004422903060913086,0.0030007362365722656,0.0009992122650146484
12,10,0.45,0.3,optimal,10,19,5,2.3333333333333335,10,25,5,2.3333333333333335,10,30,0,3.6666666666666665,0.003509998321533203,0.004342079162597656,0.0035941600799560547
13,10,0.45,0.3,optimal,10,18,5,2.3333333333333335,10,25,5,2.3333333333333335,10,29,1,3.6666666666666665,0.0029785633087158203,0.0020308494567871094,0.003984928131103516
14,10,0.45,0.3,optimal,10,22,5,2.3333333333333335,10,25,5,2.3333333333333335,10,31,0,4.0,0.004523515701293945,0.0029969215393066406,0.003020048141479492
15,10,0.45,0.3,optimal,10,20,5,2.3333333333333335,10,24,5,2.3333333333333335,10,31,0,4.0,0.004000425338745117,0.005527973175048828,0.003997325897216797
16,10,0.45,0.3,optimal,10,19,5,2.6666666666666665,10,25,5,2.6666666666666665,10,30,1,4.0,0.002999544143676758,0.0035085678100585938,0.0039937496185302734
17,10,0.45,0.3,optimal,10,21,5,2.0,10,25,5,2.0,10,30,0,3.3333333333333335,0.003999233245849609,0.004014015197753906,0.004509687423706055
18,10,0.45,0.3,optimal,10,21,5,2.0,10,25,5,2.0,10,29,0,3.0,0.0025634765625,0.004034280776977539,0.010550975799560547
19,10,0.45,0.3,optimal,10,21,5,2.6666666666666665,10,26,5,2.6666666666666665,10,31,0,4.0,0.00452423095703125,0.004003286361694336,0.004015445709228516
20,10,0.45,0.3,optimal,10,20,5,2.6666666666666665,10,25,5,2.6666666666666665,10,32,0,4.333333333333333,0.005005359649658203,0.005532026290893555,0.003991127014160156
21,10,0.45,0.3,optimal,10,23,5,2.6666666666666665,10,24,5,2.6666666666666665,10,32,0,4.0,0.004511356353759766,0.005876064300537109,0.0030281543731689453
22,10,0.45,0.3,optimal,10,17,5,1.6666666666666667,10,22,5,1.6666666666666667,10,30,0,3.3333333333333335,0.0035407543182373047,0.004023075103759766,0.003117799758911133
23,10,0.45,0.3,optimal,10,21,5,2.3333333333333335,10,24,5,2.3333333333333335,10,30,0,4.0,0.003976583480834961,0.004266500473022461,0.0029823780059814453
24,10,0.45,0.3,optimal,10,22,5,2.6666666666666665,10,28,5,2.6666666666666665,10,31,0,4.0,0.003983736038208008,0.0035130977630615234,0.005300760269165039
25,10,0.45,0.3,optimal,10,18,5,2.0,10,23,5,2.0,10,30,0,3.6666666666666665,0.004153013229370117,0.003999233245849609,0.0035088062286376953
26,10,0.45,0.3,optimal,10,21,5,2.3333333333333335,10,23,5,2.3333333333333335,10,30,0,3.6666666666666665,0.003711223602294922,0.0037331581115722656,0.0040018558502197266
27,10,0.45,0.3,optimal,10,22,5,3.0,10,25,5,3.0,10,32,0,4.666666666666667,0.00457000732421875,0.004949092864990234,0.00408172607421875
28,10,0.45,0.3,optimal,10,22,5,3.0,10,26,5,3.0,10,32,0,4.333333333333333,0.003565549850463867,0.004157304763793945,0.003843545913696289
29,10,0.45,0.3,optimal,10,19,5,2.0,10,24,5,2.0,10,30,0,3.6666666666666665,0.004998207092285156,0.004534721374511719,0.0030019283294677734
30,10,0.45,0.3,optimal,10,22,5,3.0,10,25,5,3.0,10,31,0,4.0,0.004994869232177734,0.004529714584350586,0.003998994827270508
31,10,0.45,0.3,optimal,10,23,5,3.6666666666666665,10,25,5,3.6666666666666665,10,32,1,4.666666666666667,0.003528594970703125,0.0029973983764648438,0.003518342971801758
32,10,0.45,0.3,optimal,10,20,5,2.6666666666666665,10,24,5,2.6666666666666665,10,30,0,4.0,0.004663944244384766,0.010396003723144531,0.003994941711425781
33,10,0.45,0.3,optimal,10,21,5,3.3333333333333335,10,28,5,3.3333333333333335,10,33,0,4.333333333333333,0.0029990673065185547,0.005780458450317383,0.003991127014160156
34,10,0.45,0.3,optimal,10,18,5,2.0,10,22,5,2.0,10,28,0,3.3333333333333335,0.0058100223541259766,0.004003763198852539,0.002819061279296875
35,10,0.45,0.3,optimal,10,22,5,3.0,10,24,5,3.0,10,32,0,4.333333333333333,0.0030059814453125,0.002998828887939453,0.0030019283294677734
36,10,0.45,0.3,optimal,10,21,5,2.6666666666666665,10,27,5,2.6666666666666665,10,32,0,4.333333333333333,0.00399470329284668,0.005007266998291016,0.0025055408477783203
37,10,0.45,0.3,optimal,10,19,5,2.6666666666666665,10,26,5,2.6666666666666665,10,28,0,3.3333333333333335,0.005512237548828125,0.012557029724121094,0.004533052444458008
38,10,0.45,0.3,optimal,10,23,5,3.0,10,27,5,3.0,10,33,1,4.333333333333333,0.0035178661346435547,0.00475001335144043,0.0044040679931640625
39,10,0.45,0.3,optimal,10,22,5,2.0,10,24,5,2.0,10,29,0,3.3333333333333335,0.0039975643157958984,0.00400996208190918,0.0035042762756347656
40,10,0.45,0.3,optimal,10,22,5,2.3333333333333335,10,26,5,2.3333333333333335,10,30,0,3.6666666666666665,0.0035567283630371094,0.004304409027099609,0.004775285720825195
41,10,0.45,0.3,optimal,10,22,5,2.6666666666666665,10,26,5,2.6666666666666665,10,32,0,4.333333333333333,0.003574371337890625,0.002642393112182617,0.0029795169830322266
42,10,0.45,0.3,optimal,10,21,5,2.0,10,24,5,2.0,10,28,1,3.3333333333333335,0.0025205612182617188,0.005003690719604492,0.0035161972045898438
43,10,0.45,0.3,optimal,10,20,5,2.0,10,23,5,2.0,10,29,0,3.3333333333333335,0.0034875869750976562,0.004159212112426758,0.0032050609588623047
44,10,0.45,0.3,optimal,10,22,5,3.0,10,25,5,3.0,10,29,0,4.333333333333333,0.004647731781005859,0.005086183547973633,0.0030121803283691406
45,10,0.45,0.3,optimal,10,20,5,2.6666666666666665,10,26,5,2.6666666666666665,10,30,1,3.6666666666666665,0.0035452842712402344,0.0029823780059814453,0.003969430923461914
46,10,0.45,0.3,optimal,10,23,5,3.3333333333333335,10,28,5,3.3333333333333335,10,32,2,4.333333333333333,0.0045435428619384766,0.004490852355957031,0.00498652458190918
47,10,0.45,0.3,optimal,10,19,5,2.6666666666666665,10,25,5,2.6666666666666665,10,31,0,4.333333333333333,0.004540681838989258,0.004892587661743164,0.0029969215393066406
48,10,0.45,0.3,optimal,10,23,5,2.6666666666666665,10,27,5,2.6666666666666665,10,33,0,4.333333333333333,0.002981901168823242,0.004119396209716797,0.00453495979309082
49,10,0.45,0.3,optimal,10,22,5,3.0,10,25,5,3.0,10,33,0,4.666666666666667,0.003988027572631836,0.004004001617431641,0.004511356353759766
50,10,0.45,0.3,optimal,10,22,5,3.3333333333333335,10,27,5,3.3333333333333335,10,31,0,4.333333333333333,0.00451970100402832,0.0030031204223632812,0.0009951591491699219
51,10,0.45,0.3,optimal,10,19,5,2.0,10,23,5,2.0,10,28,0,3.3333333333333335,0.0045239925384521484,0.004145383834838867,0.0020596981048583984
52,10,0.45,0.3,optimal,10,20,5,2.6666666666666665,10,24,5,2.3333333333333335,10,28,0,4.333333333333333,0.003517627716064453,0.004896879196166992,0.004389524459838867
53,10,0.45,0.3,optimal,10,25,5,3.6666666666666665,10,28,5,3.6666666666666665,10,31,1,4.666666666666667,0.004527091979980469,0.004003047943115234,0.00354766845703125
54,10,0.45,0.3,optimal,10,20,5,2.3333333333333335,10,25,5,2.3333333333333335,10,30,0,3.6666666666666665,0.005531787872314453,0.006020307540893555,0.004721164703369141
55,10,0.45,0.3,optimal,10,19,5,2.3333333333333335,10,25,5,2.3333333333333335,10,30,0,3.6666666666666665,0.004858732223510742,0.004556179046630859,0.0035943984985351562
56,10,0.45,0.3,optimal,10,20,5,2.3333333333333335,10,25,5,2.3333333333333335,10,30,0,4.0,0.003079652786254883,0.004365682601928711,0.0045278072357177734
57,10,0.45,0.3,optimal,10,21,5,2.3333333333333335,10,26,5,2.3333333333333335,10,30,1,3.3333333333333335,0.004021883010864258,0.002991914749145508,0.003511190414428711
58,10,0.45,0.3,optimal,10,18,5,2.3333333333333335,10,24,5,2.3333333333333335,10,30,0,4.0,0.0035467147827148438,0.004099369049072266,0.003409147262573242
59,10,0.45,0.3,optimal,10,23,5,2.3333333333333335,10,27,5,2.3333333333333335,10,30,1,3.3333333333333335,0.003473997116088867,0.004298686981201172,0.003392457962036133
60,10,0.45,0.3,optimal,10,21,5,2.6666666666666665,10,25,5,2.6666666666666665,10,30,0,4.0,0.004710674285888672,0.003782033920288086,0.0010154247283935547
61,10,0.45,0.3,optimal,10,20,5,2.6666666666666665,10,24,5,2.6666666666666665,10,30,0,4.333333333333333,0.004004478454589844,0.004007101058959961,0.0034673213958740234
62,10,0.45,0.3,optimal,10,23,5,3.0,10,27,5,3.0,10,32,0,4.666666666666667,0.0035169124603271484,0.003931760787963867,0.0033507347106933594
63,10,0.45,0.3,optimal,10,20,5,2.6666666666666665,10,27,5,2.6666666666666665,10,32,0,4.0,0.00351715087890625,0.003473997116088867,0.0034322738647460938
64,10,0.45,0.3,optimal,10,22,5,3.0,10,25,5,2.6666666666666665,10,28,1,3.6666666666666665,0.003978729248046875,0.0032012462615966797,0.003309965133666992
65,10,0.45,0.3,optimal,10,20,5,2.6666666666666665,10,24,5,2.6666666666666665,10,31,0,4.0,0.003519773483276367,0.004179239273071289,0.004093647003173828
66,10,0.45,0.3,optimal,10,18,5,2.0,10,22,5,2.0,10,28,0,3.6666666666666665,0.003002643585205078,0.003509521484375,0.0034949779510498047
67,10,0.45,0.3,optimal,10,19,5,2.6666666666666665,10,26,5,2.3333333333333335,10,29,0,4.0,0.003979921340942383,0.003120899200439453,0.0031044483184814453
68,10,0.45,0.3,optimal,10,22,5,2.3333333333333335,10,25,5,2.3333333333333335,10,31,0,4.0,0.003530263900756836,0.003000497817993164,0.0045359134674072266
69,10,0.45,0.3,optimal,10,23,5,3.6666666666666665,10,27,5,3.6666666666666665,10,33,0,4.666666666666667,0.0038928985595703125,0.0043773651123046875,0.002031564712524414
70,10,0.45,0.3,optimal,10,17,5,2.0,10,23,5,2.0,10,30,0,3.6666666666666665,0.0031685829162597656,0.005069732666015625,0.0005104541778564453
71,10,0.45,0.3,optimal,10,22,5,3.0,10,27,5,3.0,10,30,1,3.6666666666666665,0.00397491455078125,0.0035119056701660156,0.004993438720703125
72,10,0.45,0.3,optimal,10,22,5,3.0,10,23,5,3.0,10,32,0,4.0,0.018500328063964844,0.004967927932739258,0.004513740539550781
73,10,0.45,0.3,optimal,10,18,5,2.0,10,24,5,2.0,10,29,0,3.6666666666666665,0.0029926300048828125,0.010619163513183594,0.004152059555053711
74,10,0.45,0.3,optimal,10,22,5,2.6666666666666665,10,26,5,2.6666666666666665,10,29,0,3.6666666666666665,0.004385471343994141,0.0025115013122558594,0.003290414810180664
75,10,0.45,0.3,optimal,10,22,5,3.0,10,29,5,3.0,10,34,0,4.666666666666667,0.004171609878540039,0.004055976867675781,0.0035331249237060547
76,10,0.45,0.3,optimal,10,24,5,3.0,10,26,5,3.0,10,31,0,4.333333333333333,0.002989530563354492,0.003217458724975586,0.004095315933227539
77,10,0.45,0.3,optimal,10,19,5,2.3333333333333335,10,24,5,2.3333333333333335,10,28,1,3.3333333333333335,0.003825664520263672,0.00555419921875,0.0009930133819580078
78,10,0.45,0.3,optimal,10,16,5,2.0,10,26,5,2.0,10,30,0,3.6666666666666665,0.003994941711425781,0.00398564338684082,0.0029859542846679688
79,10,0.45,0.3,optimal,10,22,5,2.6666666666666665,10,27,5,2.6666666666666665,10,32,0,4.0,0.0037736892700195312,0.004602670669555664,0.0025184154510498047
80,10,0.45,0.3,optimal,10,20,5,2.3333333333333335,10,26,5,2.3333333333333335,10,31,0,3.6666666666666665,0.0029997825622558594,0.004522800445556641,0.00419926643371582
81,10,0.45,0.3,optimal,10,21,5,2.3333333333333335,10,24,5,2.3333333333333335,10,31,0,4.0,0.0044460296630859375,0.0030274391174316406,0.0035958290100097656
82,10,0.45,0.3,optimal,10,22,5,2.0,10,24,5,2.0,10,28,0,3.6666666666666665,0.0029993057250976562,0.0030133724212646484,0.003596067428588867
83,10,0.45,0.3,optimal,10,24,5,2.6666666666666665,10,25,5,2.6666666666666665,10,29,0,4.0,0.003996849060058594,0.004525899887084961,0.0029976367950439453
84,10,0.45,0.3,optimal,10,22,5,2.3333333333333335,10,24,5,2.3333333333333335,10,30,1,3.6666666666666665,0.0045168399810791016,0.00500178337097168,0.004532337188720703
85,10,0.45,0.3,optimal,10,23,5,3.0,10,28,5,3.0,10,30,1,3.6666666666666665,0.004524946212768555,0.005000114440917969,0.0050165653228759766
86,10,0.45,0.3,optimal,10,19,5,2.3333333333333335,10,26,5,2.3333333333333335,10,29,1,3.3333333333333335,0.004513263702392578,0.003996610641479492,0.003017902374267578
87,10,0.45,0.3,optimal,10,18,5,1.6666666666666667,10,25,5,1.6666666666666667,10,27,0,2.6666666666666665,0.003975629806518555,0.004962921142578125,0.003543376922607422
88,10,0.45,0.3,optimal,10,22,5,2.6666666666666665,10,26,5,2.6666666666666665,10,33,0,4.333333333333333,0.0035119056701660156,0.0036902427673339844,0.005078792572021484
89,10,0.45,0.3,optimal,10,20,5,2.0,10,24,5,2.0,10,29,0,3.6666666666666665,0.0029883384704589844,0.0046193599700927734,0.0031375885009765625
90,10,0.45,0.3,optimal,10,18,5,1.6666666666666667,10,23,5,1.6666666666666667,10,27,0,3.0,0.0030062198638916016,0.004293680191040039,0.0023975372314453125
91,10,0.45,0.3,optimal,10,21,5,2.6666666666666665,10,27,5,2.6666666666666665,10,30,0,4.0,0.004009723663330078,0.005983829498291016,0.002594470977783203
92,10,0.45,0.3,optimal,10,19,5,2.3333333333333335,10,27,5,2.3333333333333335,10,32,0,4.0,0.003504514694213867,0.004011392593383789,0.00399470329284668
93,10,0.45,0.3,optimal,10,22,5,3.0,10,28,5,3.0,10,30,1,4.333333333333333,0.0035238265991210938,0.0050201416015625,0.004812717437744141
94,10,0.45,0.3,optimal,10,23,5,2.6666666666666665,10,27,5,2.6666666666666665,10,30,2,3.6666666666666665,0.0039827823638916016,0.003928184509277344,0.0033376216888427734
95,10,0.45,0.3,optimal,10,22,5,3.0,10,27,5,3.0,10,32,1,4.333333333333333,0.003996610641479492,0.0035200119018554688,0.0039975643157958984
96,10,0.45,0.3,optimal,10,21,5,2.3333333333333335,10,26,5,2.3333333333333335,10,29,0,4.0,0.0044367313385009766,0.0040247440338134766,0.004506111145019531
97,10,0.45,0.3,optimal,10,19,5,2.0,10,23,5,2.0,10,29,0,3.0,0.0035657882690429688,0.0033080577850341797,0.0033860206604003906
98,10,0.45,0.3,optimal,10,19,5,2.0,10,23,5,2.0,10,28,1,3.3333333333333335,0.004853963851928711,0.004019021987915039,0.003997802734375
99,10,0.45,0.3,optimal,10,21,5,2.0,10,26,5,2.0,10,31,0,3.6666666666666665,0.004567861557006836,0.0030357837677001953,0.0035448074340820312
0,10,0.45,0.5,optimal,10,22,5,2.3333333333333335,10,26,5,2.3333333333333335,10,31,0,3.6666666666666665,0.003972291946411133,0.003834247589111328,0.00409245491027832
1,10,0.45,0.5,optimal,10,24,5,2.6666666666666665,10,28,5,2.6666666666666665,10,32,0,4.0,0.004621744155883789,0.0029990673065185547,0.004529714584350586
2,10,0.45,0.5,optimal,10,19,5,1.6666666666666667,10,23,5,1.6666666666666667,10,29,0,3.0,0.004123687744140625,0.005013704299926758,0.0030133724212646484
3,10,0.45,0.5,optimal,10,25,5,3.0,10,27,5,3.0,10,32,0,4.0,0.005092144012451172,0.004004478454589844,0.004602670669555664
4,10,0.45,0.5,optimal,10,21,5,2.3333333333333335,10,26,5,2.3333333333333335,10,32,0,4.0,0.003422260284423828,0.004022836685180664,0.0037145614624023438
5,10,0.45,0.5,optimal,10,20,5,2.3333333333333335,10,26,5,2.3333333333333335,10,32,0,4.0,0.0029811859130859375,0.00577545166015625,0.0033240318298339844
6,10,0.45,0.5,optimal,10,24,5,2.6666666666666665,10,27,5,2.6666666666666665,10,31,0,4.333333333333333,0.003427743911743164,0.004080057144165039,0.004011392593383789
7,10,0.45,0.5,optimal,10,23,5,3.0,10,28,5,3.0,10,33,0,4.333333333333333,0.004014015197753906,0.006392478942871094,0.00452423095703125
8,10,0.45,0.5,optimal,10,20,5,2.0,10,26,5,2.0,10,31,0,3.6666666666666665,0.004804372787475586,0.0046329498291015625,0.0032088756561279297
9,10,0.45,0.5,optimal,10,21,5,2.3333333333333335,10,27,5,2.3333333333333335,10,32,0,4.0,0.004006385803222656,0.004221439361572266,0.003000974655151367
10,10,0.45,0.5,optimal,10,21,5,2.0,10,26,5,2.0,10,31,0,3.6666666666666665,0.003508329391479492,0.003997802734375,0.003880739212036133
11,10,0.45,0.5,optimal,10,22,5,2.6666666666666665,10,26,5,2.3333333333333335,10,31,0,4.333333333333333,0.004516124725341797,0.0031621456146240234,0.0009999275207519531
12,10,0.45,0.5,optimal,10,22,5,2.3333333333333335,10,27,5,2.3333333333333335,10,32,0,4.0,0.004532575607299805,0.003998279571533203,0.0030193328857421875
13,10,0.45,0.5,optimal,10,22,5,2.3333333333333335,10,27,5,2.3333333333333335,10,31,0,4.0,0.004996299743652344,0.003992557525634766,0.0030088424682617188
14,10,0.45,0.5,optimal,10,23,5,2.3333333333333335,10,27,5,2.3333333333333335,10,32,0,4.0,0.004178285598754883,0.004324913024902344,0.0051305294036865234
15,10,0.45,0.5,optimal,10,23,5,2.3333333333333335,10,26,5,2.3333333333333335,10,32,0,4.0,0.0040171146392822266,0.0030014514923095703,0.004019498825073242
16,10,0.45,0.5,optimal,10,21,5,2.6666666666666665,10,27,5,2.6666666666666665,10,31,0,4.333333333333333,0.004090309143066406,0.004755735397338867,0.004860639572143555
17,10,0.45,0.5,optimal,10,21,5,2.0,10,26,5,2.0,10,30,1,3.3333333333333335,0.00347900390625,0.005619049072265625,0.002992868423461914
18,10,0.45,0.5,optimal,10,23,5,2.0,10,26,5,2.0,10,30,0,3.3333333333333335,0.004593849182128906,0.00347900390625,0.003390073776245117
19,10,0.45,0.5,optimal,10,21,5,2.6666666666666665,10,26,5,2.6666666666666665,10,32,0,4.333333333333333,0.004564046859741211,0.004102945327758789,0.0035758018493652344
20,10,0.45,0.5,optimal,10,21,5,2.6666666666666665,10,26,5,2.6666666666666665,10,33,0,4.333333333333333,0.003912925720214844,0.004033088684082031,0.0036957263946533203
21,10,0.45,0.5,optimal,10,24,5,2.6666666666666665,10,27,5,2.6666666666666665,10,33,0,4.333333333333333,0.002998828887939453,0.003876209259033203,0.003280162811279297
22,10,0.45,0.5,optimal,10,19,5,1.6666666666666667,10,23,5,1.6666666666666667,10,30,0,3.3333333333333335,0.0039997100830078125,0.004535198211669922,0.003129720687866211
23,10,0.45,0.5,optimal,10,23,5,2.3333333333333335,10,26,5,2.3333333333333335,10,31,0,4.0,0.0029878616333007812,0.005494117736816406,0.002992868423461914
24,10,0.45,0.5,optimal,10,24,5,2.6666666666666665,10,28,5,2.6666666666666665,10,33,0,4.333333333333333,0.004000425338745117,0.003526926040649414,0.0029969215393066406
25,10,0.45,0.5,optimal,10,19,5,2.0,10,25,5,2.0,10,30,0,3.3333333333333335,0.0039975643157958984,0.00451350212097168,0.004003286361694336
26,10,0.45,0.5,optimal,10,23,5,2.3333333333333335,10,26,5,2.3333333333333335,10,30,0,3.6666666666666665,0.003991842269897461,0.003520488739013672,0.002964496612548828
27,10,0.45,0.5,optimal,10,23,5,3.0,10,27,5,3.0,10,33,0,4.666666666666667,0.004570484161376953,0.004007101058959961,0.00351715087890625
28,10,0.45,0.5,optimal,10,26,5,3.0,10,28,5,3.0,10,32,0,4.333333333333333,0.0030014514923095703,0.0035772323608398438,0.003324270248413086
29,10,0.45,0.5,optimal,10,23,5,2.0,10,25,5,2.0,10,30,0,3.6666666666666665,0.0035355091094970703,0.003000497817993164,0.004231691360473633
30,10,0.45,0.5,optimal,10,24,5,3.0,10,28,5,3.0,10,34,0,4.666666666666667,0.0030045509338378906,0.004018545150756836,0.00200653076171875
31,10,0.45,0.5,optimal,10,29,5,3.6666666666666665,10,31,5,3.6666666666666665,10,35,0,5.0,0.00566864013671875,0.0065119266510009766,0.0030007362365722656
32,10,0.45,0.5,optimal,10,26,5,2.6666666666666665,10,26,5,2.6666666666666665,10,32,0,4.333333333333333,0.0029828548431396484,0.00403285026550293,0.002170085906982422
33,10,0.45,0.5,optimal,10,22,5,3.3333333333333335,10,28,5,3.3333333333333335,10,34,1,4.666666666666667,0.004560708999633789,0.0050067901611328125,0.0030324459075927734
34,10,0.45,0.5,optimal,10,18,5,2.0,10,25,5,2.0,10,30,0,3.3333333333333335,0.002995014190673828,0.00452113151550293,0.003996372222900391
35,10,0.45,0.5,optimal,10,25,5,3.0,10,27,5,3.0,10,34,0,4.666666666666667,0.00356292724609375,0.004755258560180664,0.0051686763763427734
36,10,0.45,0.5,optimal,10,21,5,2.6666666666666665,10,27,5,2.6666666666666665,10,32,0,4.333333333333333,0.0035266876220703125,0.005003452301025391,0.0040204524993896484
37,10,0.45,0.5,optimal,10,21,5,2.6666666666666665,10,27,5,2.6666666666666665,10,32,0,4.333333333333333,0.003508329391479492,0.0034284591674804688,0.002706766128540039
38,10,0.45,0.5,optimal,10,27,5,3.0,10,29,5,3.0,10,33,0,4.333333333333333,0.003994464874267578,0.003014087677001953,0.003998756408691406
39,10,0.45,0.5,optimal,10,23,5,2.0,10,24,5,2.0,10,30,0,3.6666666666666665,0.004977703094482422,0.004218578338623047,0.0029976367950439453
40,10,0.45,0.5,optimal,10,23,5,2.3333333333333335,10,27,5,2.3333333333333335,10,32,0,4.0,0.003985881805419922,0.003496408462524414,0.0020017623901367188
41,10,0.45,0.5,optimal,10,23,5,2.6666666666666665,10,28,5,2.6666666666666665,10,33,0,4.333333333333333,0.004462003707885742,0.0036742687225341797,0.003685474395751953
42,10,0.45,0.5,optimal,10,22,5,2.0,10,24,5,2.0,10,30,0,3.6666666666666665,0.0009982585906982422,0.0030226707458496094,0.0031642913818359375
43,10,0.45,0.5,optimal,10,22,5,2.0,10,25,5,2.0,10,31,0,3.6666666666666665,0.0037539005279541016,0.004549264907836914,0.00463104248046875
44,10,0.45,0.5,optimal,10,22,5,3.0,10,27,5,3.0,10,33,0,4.333333333333333,0.004415035247802734,0.0033304691314697266,0.002897977828979492
45,10,0.45,0.5,optimal,10,22,5,2.6666666666666665,10,28,5,2.6666666666666665,10,32,0,4.333333333333333,0.0055234432220458984,0.00499415397644043,0.0030088424682617188
46,10,0.45,0.5,optimal,10,24,5,3.3333333333333335,10,30,5,3.3333333333333335,10,34,0,4.666666666666667,0.003591775894165039,0.004980325698852539,0.0025446414947509766
47,10,0.45,0.5,optimal,10,21,5,2.6666666666666665,10,26,5,2.6666666666666665,10,32,1,4.0,0.0030066967010498047,0.003643035888671875,0.003142118453979492
48,10,0.45,0.5,optimal,10,23,5,2.6666666666666665,10,27,5,2.6666666666666665,10,33,0,4.333333333333333,0.004000186920166016,0.0035457611083984375,0.003912687301635742
49,10,0.45,0.5,optimal,10,25,5,3.0,10,27,5,3.0,10,33,0,4.333333333333333,0.004256248474121094,0.004194021224975586,0.0030503273010253906
50,10,0.45,0.5,optimal,10,24,5,3.3333333333333335,10,28,5,3.3333333333333335,10,33,0,4.666666666666667,0.0062329769134521484,0.004505157470703125,0.004006147384643555
51,10,0.45,0.5,optimal,10,21,5,2.0,10,25,5,2.0,10,31,0,3.6666666666666665,0.0035157203674316406,0.003999233245849609,0.0035042762756347656
52,10,0.45,0.5,optimal,10,22,5,2.6666666666666665,10,25,5,2.3333333333333335,10,31,0,4.0,0.003545999526977539,0.003990650177001953,0.0015149116516113281
53,10,0.45,0.5,optimal,10,25,5,3.6666666666666665,10,30,5,3.6666666666666665,10,34,1,5.0,0.004009723663330078,0.004012584686279297,0.004578590393066406
54,10,0.45,0.5,optimal,10,23,5,2.3333333333333335,10,27,5,2.3333333333333335,10,32,0,4.0,0.0036766529083251953,0.0035207271575927734,0.003001689910888672
55,10,0.45,0.5,optimal,10,22,5,2.3333333333333335,10,27,5,2.3333333333333335,10,32,0,4.0,0.00451970100402832,0.005505800247192383,0.0029954910278320312
56,10,0.45,0.5,optimal,10,22,5,2.3333333333333335,10,25,5,2.3333333333333335,10,32,0,4.0,0.003996372222900391,0.005806446075439453,0.0030105113983154297
57,10,0.45,0.5,optimal,10,22,5,2.3333333333333335,10,26,5,2.3333333333333335,10,31,1,3.6666666666666665,0.004009723663330078,0.004018545150756836,0.0030918121337890625
58,10,0.45,0.5,optimal,10,20,5,2.3333333333333335,10,27,5,2.3333333333333335,10,32,0,4.0,0.004434347152709961,0.014555931091308594,0.004537820816040039
59,10,0.45,0.5,optimal,10,24,5,2.3333333333333335,10,27,5,2.3333333333333335,10,31,0,3.6666666666666665,0.003867626190185547,0.0034334659576416016,0.00354766845703125
60,10,0.45,0.5,optimal,10,23,5,2.6666666666666665,10,27,5,2.6666666666666665,10,32,0,4.333333333333333,0.0039882659912109375,0.003231525421142578,0.003549337387084961
61,10,0.45,0.5,optimal,10,24,5,2.6666666666666665,10,27,5,2.6666666666666665,10,31,1,4.0,0.0035190582275390625,0.005486488342285156,0.003381490707397461
62,10,0.45,0.5,optimal,10,27,5,3.0,10,29,5,3.0,10,34,0,4.666666666666667,0.003997087478637695,0.002536296844482422,0.004332542419433594
63,10,0.45,0.5,optimal,10,23,5,2.6666666666666665,10,28,5,2.6666666666666665,10,33,0,4.333333333333333,0.002979755401611328,0.0045125484466552734,0.00455927848815918
64,10,0.45,0.5,optimal,10,22,5,3.0,10,26,5,3.0,10,31,0,4.666666666666667,0.009693384170532227,0.008529186248779297,0.005717039108276367
65,10,0.45,0.5,optimal,10,22,5,2.6666666666666665,10,28,5,2.6666666666666665,10,33,0,4.333333333333333,0.003983020782470703,0.005019187927246094,0.003037691116333008
66,10,0.45,0.5,optimal,10,19,5,2.0,10,25,5,2.0,10,31,0,3.6666666666666665,0.004012584686279297,0.003003835678100586,0.003765106201171875
67,10,0.45,0.5,optimal,10,21,5,2.6666666666666665,10,27,5,2.3333333333333335,10,31,1,3.6666666666666665,0.003996133804321289,0.0037994384765625,0.002240896224975586
68,10,0.45,0.5,optimal,10,22,5,2.3333333333333335,10,26,5,2.3333333333333335,10,32,0,4.0,0.00443577766418457,0.0020008087158203125,0.0030579566955566406
69,10,0.45,0.5,optimal,10,23,5,3.6666666666666665,10,28,5,3.6666666666666665,10,34,0,4.666666666666667,0.004686832427978516,0.005932807922363281,0.003010272979736328
70,10,0.45,0.5,optimal,10,21,5,2.0,10,25,5,2.0,10,31,0,3.6666666666666665,0.002977609634399414,0.004529476165771484,0.001035928726196289
71,10,0.45,0.5,optimal,10,23,5,3.0,10,28,5,3.0,10,32,0,4.333333333333333,0.004511833190917969,0.0029768943786621094,0.003618001937866211
72,10,0.45,0.5,optimal,10,23,5,3.0,10,25,5,2.6666666666666665,10,33,0,4.333333333333333,0.0040471553802490234,0.004389286041259766,0.0042879581451416016
73,10,0.45,0.5,optimal,10,20,5,2.0,10,24,5,2.0,10,31,0,3.6666666666666665,0.0046308040618896484,0.004021883010864258,0.003134012222290039
74,10,0.45,0.5,optimal,10,23,5,2.6666666666666665,10,27,5,2.6666666666666665,10,32,0,4.0,0.003505706787109375,0.004215240478515625,0.004523277282714844
75,10,0.45,0.5,optimal,10,24,5,3.0,10,29,5,3.0,10,34,0,4.666666666666667,0.004060506820678711,0.004578828811645508,0.004205942153930664
76,10,0.45,0.5,optimal,10,26,5,3.0,10,28,5,3.0,10,32,0,4.333333333333333,0.0029952526092529297,0.00502467155456543,0.0035352706909179688
77,10,0.45,0.5,optimal,10,21,5,2.3333333333333335,10,25,5,2.3333333333333335,10,30,0,3.3333333333333335,0.003995418548583984,0.00451970100402832,0.003999233245849609
78,10,0.45,0.5,optimal,10,23,5,2.0,10,26,5,2.0,10,31,0,3.6666666666666665,0.004919528961181641,0.003998756408691406,0.0035355091094970703
79,10,0.45,0.5,optimal,10,23,5,2.6666666666666665,10,28,5,2.6666666666666665,10,32,0,4.0,0.004006624221801758,0.004531383514404297,0.004998445510864258
80,10,0.45,0.5,optimal,10,21,5,2.3333333333333335,10,27,5,2.3333333333333335,10,32,0,4.0,0.0040073394775390625,0.0030565261840820312,0.005285024642944336
81,10,0.45,0.5,optimal,10,21,5,2.3333333333333335,10,25,5,2.3333333333333335,10,31,0,4.0,0.0022203922271728516,0.0035681724548339844,0.0040166378021240234
82,10,0.45,0.5,optimal,10,23,5,2.0,10,26,5,2.0,10,29,0,3.3333333333333335,0.004007816314697266,0.005789279937744141,0.0020003318786621094
83,10,0.45,0.5,optimal,10,24,5,2.6666666666666665,10,26,5,2.6666666666666665,10,31,1,4.0,0.002994060516357422,0.00403141975402832,0.0035028457641601562
84,10,0.45,0.5,optimal,10,23,5,2.3333333333333335,10,27,5,2.3333333333333335,10,31,1,3.6666666666666665,0.003980398178100586,0.005590915679931641,0.003000020980834961
85,10,0.45,0.5,optimal,10,25,5,3.0,10,29,5,3.0,10,33,0,4.666666666666667,0.003562450408935547,0.004976987838745117,0.003858804702758789
86,10,0.45,0.5,optimal,10,22,5,2.3333333333333335,10,26,5,2.3333333333333335,10,31,0,3.6666666666666665,0.004117488861083984,0.005567073822021484,0.003198862075805664
87,10,0.45,0.5,optimal,10,19,5,1.6666666666666667,10,25,5,1.6666666666666667,10,29,0,3.0,0.003998517990112305,0.002946138381958008,0.0030059814453125
88,10,0.45,0.5,optimal,10,24,5,2.6666666666666665,10,27,5,2.6666666666666665,10,33,0,4.333333333333333,0.0037391185760498047,0.005030393600463867,0.003039836883544922
89,10,0.45,0.5,optimal,10,23,5,2.0,10,26,5,2.0,10,31,0,3.6666666666666665,0.0035071372985839844,0.004506111145019531,0.003521442413330078
90,10,0.45,0.5,optimal,10,18,5,1.6666666666666667,10,25,5,1.6666666666666667,10,29,0,3.3333333333333335,0.0039997100830078125,0.0040051937103271484,0.004503488540649414
91,10,0.45,0.5,optimal,10,23,5,2.6666666666666665,10,28,5,2.6666666666666665,10,32,0,4.333333333333333,0.003998279571533203,0.004534482955932617,0.003992319107055664
92,10,0.45,0.5,optimal,10,22,5,2.3333333333333335,10,27,5,2.3333333333333335,10,32,0,4.0,0.003511667251586914,0.004998207092285156,0.0025243759155273438
93,10,0.45,0.5,optimal,10,24,5,3.0,10,29,5,3.0,10,32,1,4.333333333333333,0.0030088424682617188,0.003996133804321289,0.004347562789916992
94,10,0.45,0.5,optimal,10,24,5,2.6666666666666665,10,27,5,2.6666666666666665,10,31,1,4.0,0.003996849060058594,0.004535675048828125,0.003999233245849609
95,10,0.45,0.5,optimal,10,22,5,3.0,10,28,5,3.0,10,33,1,4.333333333333333,0.003153562545776367,0.003991127014160156,0.0035257339477539062
96,10,0.45,0.5,optimal,10,24,5,2.3333333333333335,10,27,5,2.3333333333333335,10,32,0,4.0,0.004004716873168945,0.004508256912231445,0.0029985904693603516
97,10,0.45,0.5,optimal,10,20,5,2.0,10,25,5,2.0,10,31,0,3.6666666666666665,0.0035164356231689453,0.0029976367950439453,0.003531932830810547
98,10,0.45,0.5,optimal,10,21,5,2.0,10,25,5,2.0,10,31,0,3.6666666666666665,0.003988981246948242,0.003000497817993164,0.003240346908569336
99,10,0.45,0.5,optimal,10,23,5,2.0,10,26,5,2.0,10,31,0,3.6666666666666665,0.004258871078491211,0.003992795944213867,0.003517627716064453
0,10,0.45,0.7,optimal,10,24,5,2.3333333333333335,10,27,5,2.3333333333333335,10,32,0,4.0,0.003000020980834961,0.004851818084716797,0.002031087875366211
1,10,0.45,0.7,optimal,10,24,5,2.6666666666666665,10,28,5,2.6666666666666665,10,32,0,4.0,0.0051727294921875,0.0020132064819335938,0.0030248165130615234
2,10,0.45,0.7,optimal,10,22,5,1.6666666666666667,10,24,5,1.6666666666666667,10,29,0,3.0,0.005030393600463867,0.004011631011962891,0.0031092166900634766
3,10,0.45,0.7,optimal,10,25,5,3.0,10,28,5,3.0,10,33,0,4.333333333333333,0.003511190414428711,0.003998756408691406,0.0035240650177001953
4,10,0.45,0.7,optimal,10,24,5,2.3333333333333335,10,27,5,2.3333333333333335,10,32,0,4.0,0.004502534866333008,0.0035064220428466797,0.004007816314697266
5,10,0.45,0.7,optimal,10,22,5,2.3333333333333335,10,27,5,2.3333333333333335,10,32,0,4.0,0.003998994827270508,0.004507541656494141,0.0039975643157958984
6,10,0.45,0.7,optimal,10,26,5,2.6666666666666665,10,28,5,2.6666666666666665,10,32,1,4.0,0.003996610641479492,0.004015445709228516,0.003003835678100586
7,10,0.45,0.7,optimal,10,25,5,3.0,10,28,5,3.0,10,34,0,4.666666666666667,0.005453348159790039,0.0062999725341796875,0.004120826721191406
8,10,0.45,0.7,optimal,10,23,5,2.0,10,26,5,2.0,10,31,0,3.6666666666666665,0.0035266876220703125,0.0039937496185302734,0.003544330596923828
9,10,0.45,0.7,optimal,10,23,5,2.3333333333333335,10,27,5,2.3333333333333335,10,32,0,4.0,0.004007577896118164,0.0024971961975097656,0.003517627716064453
10,10,0.45,0.7,optimal,10,22,5,2.0,10,26,5,2.0,10,31,0,3.6666666666666665,0.005527973175048828,0.003009796142578125,0.002995729446411133
11,10,0.45,0.7,optimal,10,25,5,2.6666666666666665,10,27,5,2.6666666666666665,10,32,0,4.333333333333333,0.0045146942138671875,0.0025048255920410156,0.0009963512420654297
12,10,0.45,0.7,optimal,10,22,5,2.3333333333333335,10,27,5,2.3333333333333335,10,32,0,4.0,0.0029997825622558594,0.00398707389831543,0.002040386199951172
13,10,0.45,0.7,optimal,10,24,5,2.3333333333333335,10,27,5,2.3333333333333335,10,32,0,4.0,0.0039958953857421875,0.00888514518737793,0.004204750061035156
14,10,0.45,0.7,optimal,10,25,5,2.3333333333333335,10,27,5,2.3333333333333335,10,32,0,4.0,0.004451751708984375,0.003998756408691406,0.004472017288208008
15,10,0.45,0.7,optimal,10,24,5,2.3333333333333335,10,27,5,2.3333333333333335,10,32,0,4.0,0.004527568817138672,0.004002809524536133,0.005537748336791992
16,10,0.45,0.7,optimal,10,24,5,2.6666666666666665,10,27,5,2.6666666666666665,10,31,0,4.0,0.0037050247192382812,0.0046122074127197266,0.0030183792114257812
17,10,0.45,0.7,optimal,10,24,5,2.0,10,26,5,2.0,10,31,0,3.6666666666666665,0.004998207092285156,0.004518032073974609,0.0030002593994140625
18,10,0.45,0.7,optimal,10,24,5,2.0,10,26,5,2.0,10,30,0,3.3333333333333335,0.003014802932739258,0.003996372222900391,0.003020763397216797
19,10,0.45,0.7,optimal,10,25,5,2.6666666666666665,10,27,5,2.6666666666666665,10,33,0,4.333333333333333,0.0031702518463134766,0.004675865173339844,0.0029838085174560547
20,10,0.45,0.7,optimal,10,23,5,2.6666666666666665,10,28,5,2.6666666666666665,10,33,0,4.333333333333333,0.003000020980834961,0.0040378570556640625,0.0030181407928466797
21,10,0.45,0.7,optimal,10,26,5,2.6666666666666665,10,28,5,2.6666666666666665,10,33,0,4.333333333333333,0.0035212039947509766,0.003315448760986328,0.0037381649017333984
22,10,0.45,0.7,optimal,10,21,5,1.6666666666666667,10,25,5,1.6666666666666667,10,30,0,3.3333333333333335,0.003003835678100586,0.004120588302612305,0.00353240966796875
23,10,0.45,0.7,optimal,10,25,5,2.3333333333333335,10,26,5,2.3333333333333335,10,31,0,4.0,0.003996133804321289,0.004521608352661133,0.007585287094116211
24,10,0.45,0.7,optimal,10,26,5,2.6666666666666665,10,28,5,2.6666666666666665,10,33,0,4.333333333333333,0.004004478454589844,0.0051538944244384766,0.00516200065612793
25,10,0.45,0.7,optimal,10,22,5,2.0,10,25,5,2.0,10,30,0,3.3333333333333335,0.004999876022338867,0.0055272579193115234,0.0029976367950439453
26,10,0.45,0.7,optimal,10,24,5,2.3333333333333335,10,26,5,2.3333333333333335,10,31,0,3.6666666666666665,0.0034956932067871094,0.0029993057250976562,0.004543781280517578
27,10,0.45,0.7,optimal,10,26,5,3.0,10,28,5,3.0,10,34,0,4.666666666666667,0.004540920257568359,0.006524324417114258,0.0039997100830078125
28,10,0.45,0.7,optimal,10,26,5,3.0,10,29,5,3.0,10,34,0,4.666666666666667,0.0035200119018554688,0.003998279571533203,0.004015922546386719
29,10,0.45,0.7,optimal,10,24,5,2.0,10,26,5,2.0,10,31,0,3.6666666666666665,0.004156827926635742,0.005432844161987305,0.00397801399230957
30,10,0.45,0.7,optimal,10,26,5,3.0,10,29,5,3.0,10,34,0,4.666666666666667,0.003490924835205078,0.004264354705810547,0.003866910934448242
31,10,0.45,0.7,optimal,10,31,5,3.6666666666666665,10,31,5,3.6666666666666665,10,35,1,5.0,0.003997802734375,0.0035142898559570312,0.0039975643157958984
32,10,0.45,0.7,optimal,10,26,5,2.6666666666666665,10,28,5,2.6666666666666665,10,33,0,4.333333333333333,0.004001617431640625,0.00500941276550293,0.004519939422607422
33,10,0.45,0.7,optimal,10,25,5,3.3333333333333335,10,30,5,3.3333333333333335,10,35,0,5.0,0.004548788070678711,0.004998922348022461,0.0045392513275146484
34,10,0.45,0.7,optimal,10,21,5,2.0,10,26,5,2.0,10,31,0,3.6666666666666665,0.0035142898559570312,0.0039975643157958984,0.002512216567993164
35,10,0.45,0.7,optimal,10,28,5,3.0,10,29,5,3.0,10,34,0,4.666666666666667,0.003004789352416992,0.0035195350646972656,0.004026174545288086
36,10,0.45,0.7,optimal,10,25,5,2.6666666666666665,10,28,5,2.6666666666666665,10,33,0,4.333333333333333,0.004004240036010742,0.0055425167083740234,0.0029981136322021484
37,10,0.45,0.7,optimal,10,25,5,2.6666666666666665,10,28,5,2.6666666666666665,10,32,0,4.333333333333333,0.0045621395111083984,0.003000020980834961,0.0033478736877441406
38,10,0.45,0.7,optimal,10,28,5,3.0,10,29,5,3.0,10,34,0,4.666666666666667,0.00299835205078125,0.004521846771240234,0.0029964447021484375
39,10,0.45,0.7,optimal,10,24,5,2.0,10,25,5,2.0,10,30,0,3.6666666666666665,0.0032935142517089844,0.0029935836791992188,0.0048482418060302734
40,10,0.45,0.7,optimal,10,25,5,2.3333333333333335,10,27,5,2.3333333333333335,10,32,0,4.0,0.003525972366333008,0.003996372222900391,0.0045261383056640625
41,10,0.45,0.7,optimal,10,25,5,2.6666666666666665,10,28,5,2.6666666666666665,10,33,0,4.333333333333333,0.004002571105957031,0.0033524036407470703,0.004433870315551758
42,10,0.45,0.7,optimal,10,23,5,2.0,10,25,5,2.0,10,31,0,3.6666666666666665,0.0020220279693603516,0.004991054534912109,0.003012418746948242
43,10,0.45,0.7,optimal,10,23,5,2.0,10,26,5,2.0,10,31,0,3.6666666666666665,0.0040166378021240234,0.005526304244995117,0.009894609451293945
44,10,0.45,0.7,optimal,10,26,5,3.0,10,29,5,3.0,10,34,0,4.666666666666667,0.0035393238067626953,0.0030205249786376953,0.00403904914855957
45,10,0.45,0.7,optimal,10,23,5,2.6666666666666665,10,28,5,2.6666666666666665,10,33,0,4.333333333333333,0.003984928131103516,0.0035431385040283203,0.0029897689819335938
46,10,0.45,0.7,optimal,10,28,5,3.3333333333333335,10,30,5,3.3333333333333335,10,35,0,5.0,0.004003286361694336,0.004014730453491211,0.0029876232147216797
47,10,0.45,0.7,optimal,10,25,5,2.6666666666666665,10,28,5,2.6666666666666665,10,33,0,4.333333333333333,0.0032613277435302734,0.0044667720794677734,0.00631260871887207
48,10,0.45,0.7,optimal,10,24,5,2.6666666666666665,10,28,5,2.6666666666666665,10,33,0,4.333333333333333,0.004008293151855469,0.003542661666870117,0.0030956268310546875
49,10,0.45,0.7,optimal,10,27,5,3.0,10,28,5,3.0,10,33,0,4.666666666666667,0.004530191421508789,0.004040956497192383,0.005075931549072266
50,10,0.45,0.7,optimal,10,25,5,3.3333333333333335,10,28,5,3.3333333333333335,10,34,0,5.0,0.005062580108642578,0.00400233268737793,0.0020041465759277344
51,10,0.45,0.7,optimal,10,23,5,2.0,10,26,5,2.0,10,31,0,3.6666666666666665,0.0042192935943603516,0.003253936767578125,0.0030901432037353516
52,10,0.45,0.7,optimal,10,23,5,2.6666666666666665,10,27,5,2.6666666666666665,10,32,0,4.333333333333333,0.005532026290893555,0.0039997100830078125,0.0015091896057128906
53,10,0.45,0.7,optimal,10,28,5,3.6666666666666665,10,31,5,3.6666666666666665,10,35,0,5.0,0.0034372806549072266,0.0038535594940185547,0.003958225250244141
54,10,0.45,0.7,optimal,10,24,5,2.3333333333333335,10,27,5,2.3333333333333335,10,32,0,4.0,0.0040204524993896484,0.0049970149993896484,0.0052607059478759766
55,10,0.45,0.7,optimal,10,23,5,2.3333333333333335,10,27,5,2.3333333333333335,10,32,0,4.0,0.003988981246948242,0.00786137580871582,0.003414630889892578
56,10,0.45,0.7,optimal,10,23,5,2.3333333333333335,10,26,5,2.3333333333333335,10,32,0,4.0,0.0040130615234375,0.004502773284912109,0.00401616096496582
57,10,0.45,0.7,optimal,10,22,5,2.3333333333333335,10,26,5,2.3333333333333335,10,32,0,4.0,0.004984617233276367,0.0035657882690429688,0.003194570541381836
58,10,0.45,0.7,optimal,10,25,5,2.3333333333333335,10,27,5,2.3333333333333335,10,32,0,4.0,0.0052678585052490234,0.004259347915649414,0.003014802932739258
59,10,0.45,0.7,optimal,10,26,5,2.3333333333333335,10,27,5,2.3333333333333335,10,32,0,4.0,0.0036165714263916016,0.004837512969970703,0.004442930221557617
60,10,0.45,0.7,optimal,10,26,5,2.6666666666666665,10,27,5,2.6666666666666665,10,32,0,4.333333333333333,0.003760814666748047,0.00438380241394043,0.0028028488159179688
61,10,0.45,0.7,optimal,10,26,5,2.6666666666666665,10,28,5,2.6666666666666665,10,32,0,4.0,0.004544973373413086,0.004002809524536133,0.003556966781616211
62,10,0.45,0.7,optimal,10,28,5,3.0,10,29,5,3.0,10,34,0,4.666666666666667,0.004263639450073242,0.0029904842376708984,0.004195690155029297
63,10,0.45,0.7,optimal,10,26,5,2.6666666666666665,10,28,5,2.6666666666666665,10,33,0,4.333333333333333,0.003540515899658203,0.004038810729980469,0.0037195682525634766
64,10,0.45,0.7,optimal,10,23,5,3.0,10,28,5,3.0,10,33,0,4.666666666666667,0.004513263702392578,0.005005598068237305,0.0035314559936523438
65,10,0.45,0.7,optimal,10,24,5,2.6666666666666665,10,28,5,2.6666666666666665,10,33,0,4.333333333333333,0.004002094268798828,0.004717111587524414,0.00480198860168457
66,10,0.45,0.7,optimal,10,23,5,2.0,10,25,5,2.0,10,31,0,3.6666666666666665,0.0033614635467529297,0.0029838085174560547,0.0035257339477539062
67,10,0.45,0.7,optimal,10,24,5,2.6666666666666665,10,27,5,2.6666666666666665,10,32,0,4.333333333333333,0.005512714385986328,0.0030040740966796875,0.001531362533569336
68,10,0.45,0.7,optimal,10,22,5,2.3333333333333335,10,26,5,2.3333333333333335,10,32,0,4.0,0.004004240036010742,0.002517223358154297,0.002989530563354492
69,10,0.45,0.7,optimal,10,26,5,3.6666666666666665,10,31,5,3.6666666666666665,10,35,0,5.0,0.0055429935455322266,0.005983829498291016,0.0040013790130615234
70,10,0.45,0.7,optimal,10,24,5,2.0,10,26,5,2.0,10,31,0,3.6666666666666665,0.004291534423828125,0.0049915313720703125,0.001300811767578125
71,10,0.45,0.7,optimal,10,25,5,3.0,10,29,5,3.0,10,34,0,4.666666666666667,0.004527568817138672,0.004112720489501953,0.0035331249237060547
72,10,0.45,0.7,optimal,10,24,5,3.0,10,27,5,3.0,10,34,0,4.666666666666667,0.002977609634399414,0.004944324493408203,0.003048419952392578
73,10,0.45,0.7,optimal,10,22,5,2.0,10,25,5,2.0,10,31,0,3.6666666666666665,0.002533435821533203,0.002390623092651367,0.0042514801025390625
74,10,0.45,0.7,optimal,10,23,5,2.6666666666666665,10,28,5,2.6666666666666665,10,33,0,4.333333333333333,0.003992319107055664,0.0029010772705078125,0.005256175994873047
75,10,0.45,0.7,optimal,10,27,5,3.0,10,29,5,3.0,10,34,0,4.666666666666667,0.004258632659912109,0.005001544952392578,0.0042192935943603516
76,10,0.45,0.7,optimal,10,26,5,3.0,10,29,5,3.0,10,33,0,4.333333333333333,0.004515409469604492,0.002989053726196289,0.002008676528930664
77,10,0.45,0.7,optimal,10,21,5,2.3333333333333335,10,27,5,2.3333333333333335,10,31,0,3.6666666666666665,0.0030040740966796875,0.003986358642578125,0.0041849613189697266
78,10,0.45,0.7,optimal,10,24,5,2.0,10,26,5,2.0,10,31,0,3.6666666666666665,0.004517316818237305,0.003002166748046875,0.003523111343383789
79,10,0.45,0.7,optimal,10,24,5,2.6666666666666665,10,28,5,2.6666666666666665,10,33,0,4.333333333333333,0.0039997100830078125,0.0030319690704345703,0.0029935836791992188
80,10,0.45,0.7,optimal,10,22,5,2.3333333333333335,10,27,5,2.3333333333333335,10,32,0,4.0,0.0030095577239990234,0.0030045509338378906,0.003320455551147461
81,10,0.45,0.7,optimal,10,24,5,2.3333333333333335,10,27,5,2.3333333333333335,10,32,0,4.0,0.004006147384643555,0.004113197326660156,0.003213167190551758
82,10,0.45,0.7,optimal,10,23,5,2.0,10,26,5,2.0,10,31,0,3.6666666666666665,0.004506826400756836,0.005544900894165039,0.0032885074615478516
83,10,0.45,0.7,optimal,10,26,5,2.6666666666666665,10,28,5,2.6666666666666665,10,33,0,4.333333333333333,0.004001140594482422,0.0041351318359375,0.003398895263671875
84,10,0.45,0.7,optimal,10,25,5,2.3333333333333335,10,27,5,2.3333333333333335,10,31,1,3.6666666666666665,0.003002166748046875,0.004513740539550781,0.004071712493896484
85,10,0.45,0.7,optimal,10,25,5,3.0,10,29,5,3.0,10,34,0,4.666666666666667,0.003981828689575195,0.003985881805419922,0.0036249160766601562
86,10,0.45,0.7,optimal,10,25,5,2.3333333333333335,10,27,5,2.3333333333333335,10,32,0,4.0,0.004592418670654297,0.00410008430480957,0.00324249267578125
87,10,0.45,0.7,optimal,10,20,5,1.6666666666666667,10,25,5,1.6666666666666667,10,30,0,3.3333333333333335,0.004542112350463867,0.0034439563751220703,0.0030066967010498047
88,10,0.45,0.7,optimal,10,25,5,2.6666666666666665,10,28,5,2.6666666666666665,10,33,0,4.333333333333333,0.0039942264556884766,0.004824399948120117,0.0040361881256103516
89,10,0.45,0.7,optimal,10,23,5,2.0,10,26,5,2.0,10,31,0,3.6666666666666665,0.0043909549713134766,0.0050280094146728516,0.004761695861816406
90,10,0.45,0.7,optimal,10,22,5,1.6666666666666667,10,25,5,1.6666666666666667,10,30,0,3.3333333333333335,0.002995014190673828,0.0050275325775146484,0.0035178661346435547
91,10,0.45,0.7,optimal,10,24,5,2.6666666666666665,10,28,5,2.6666666666666665,10,33,0,4.333333333333333,0.0029973983764648438,0.003007650375366211,0.003988742828369141
92,10,0.45,0.7,optimal,10,25,5,2.3333333333333335,10,27,5,2.3333333333333335,10,32,0,4.0,0.002994537353515625,0.003516674041748047,0.004001617431640625
93,10,0.45,0.7,optimal,10,25,5,3.0,10,29,5,3.0,10,34,0,4.666666666666667,0.0045468807220458984,0.004045248031616211,0.0035164356231689453
94,10,0.45,0.7,optimal,10,24,5,2.6666666666666665,10,28,5,2.6666666666666665,10,33,0,4.333333333333333,0.004063129425048828,0.0045588016510009766,0.0030515193939208984
95,10,0.45,0.7,optimal,10,23,5,3.0,10,29,5,3.0,10,34,0,4.666666666666667,0.004000425338745117,0.0040187835693359375,0.003406047821044922
96,10,0.45,0.7,optimal,10,27,5,2.3333333333333335,10,27,5,2.3333333333333335,10,32,0,4.0,0.004116535186767578,0.003996610641479492,0.004403591156005859
97,10,0.45,0.7,optimal,10,23,5,2.0,10,25,5,2.0,10,31,0,3.6666666666666665,0.003982067108154297,0.005501508712768555,0.0030241012573242188
98,10,0.45,0.7,optimal,10,23,5,2.0,10,26,5,2.0,10,31,0,3.6666666666666665,0.003995180130004883,0.003568410873413086,0.004569292068481445
99,10,0.45,0.7,optimal,10,25,5,2.0,10,26,5,2.0,10,31,0,3.6666666666666665,0.003513336181640625,0.00447845458984375,0.0034694671630859375
0,10,0.6,0.3,optimal,10,20,5,2.3333333333333335,10,24,5,2.3333333333333335,10,30,0,3.6666666666666665,0.010845184326171875,0.004011631011962891,0.004327535629272461
1,10,0.6,0.3,optimal,10,23,5,2.6666666666666665,10,26,5,2.6666666666666665,10,32,0,4.333333333333333,0.0043544769287109375,0.009663820266723633,0.0035223960876464844
2,10,0.6,0.3,optimal,10,18,5,1.6666666666666667,10,23,5,1.6666666666666667,10,27,0,2.6666666666666665,0.003999233245849609,0.004536151885986328,0.004013538360595703
3,10,0.6,0.3,optimal,10,27,5,3.0,10,27,5,3.0,10,32,0,4.666666666666667,0.004010677337646484,0.005019426345825195,0.004521369934082031
4,10,0.6,0.3,optimal,10,20,5,2.3333333333333335,10,24,5,2.3333333333333335,10,29,0,4.0,0.00453495979309082,0.004001617431640625,0.0030226707458496094
5,10,0.6,0.3,optimal,10,20,5,2.3333333333333335,10,26,5,2.3333333333333335,10,32,0,4.0,0.0050623416900634766,0.004991292953491211,0.0035233497619628906
6,10,0.6,0.3,optimal,10,20,5,2.6666666666666665,10,26,5,2.6666666666666665,10,31,0,4.333333333333333,0.004909992218017578,0.004799604415893555,0.002991199493408203
7,10,0.6,0.3,optimal,10,22,5,3.0,10,28,5,3.0,10,31,0,4.333333333333333,0.004136323928833008,0.004231929779052734,0.0038213729858398438
8,10,0.6,0.3,optimal,10,18,5,2.0,10,25,5,2.0,10,30,0,3.6666666666666665,0.004029512405395508,0.004990577697753906,0.004458427429199219
9,10,0.6,0.3,optimal,10,19,5,2.3333333333333335,10,24,5,2.3333333333333335,10,31,0,4.0,0.0030019283294677734,0.005143165588378906,0.006219625473022461
10,10,0.6,0.3,optimal,10,18,5,2.0,10,25,5,2.0,10,30,0,3.6666666666666665,0.004847526550292969,0.005669355392456055,0.003987312316894531
11,10,0.6,0.3,optimal,10,22,5,2.6666666666666665,10,26,5,2.6666666666666665,10,30,0,3.6666666666666665,0.005339860916137695,0.0040187835693359375,0.003582000732421875
12,10,0.6,0.3,optimal,10,20,5,2.3333333333333335,10,25,5,2.3333333333333335,10,30,0,3.6666666666666665,0.0042057037353515625,0.004072666168212891,0.003006458282470703
13,10,0.6,0.3,optimal,10,19,5,2.3333333333333335,10,25,5,2.3333333333333335,10,30,0,4.0,0.0040111541748046875,0.00539088249206543,0.0034797191619873047
14,10,0.6,0.3,optimal,10,19,5,2.3333333333333335,10,26,5,2.3333333333333335,10,32,0,4.0,0.0030202865600585938,0.004149436950683594,0.003383159637451172
15,10,0.6,0.3,optimal,10,22,5,2.3333333333333335,10,27,5,2.3333333333333335,10,32,0,4.0,0.0035240650177001953,0.0049970149993896484,0.0025207996368408203
16,10,0.6,0.3,optimal,10,18,5,2.6666666666666665,10,26,5,2.6666666666666665,10,32,0,4.0,0.0033309459686279297,0.004518270492553711,0.004343748092651367
17,10,0.6,0.3,optimal,10,19,5,2.0,10,25,5,2.0,10,31,0,3.6666666666666665,0.005473136901855469,0.005656719207763672,0.0030202865600585938
18,10,0.6,0.3,optimal,10,22,5,2.0,10,26,5,2.0,10,29,0,3.3333333333333335,0.004540920257568359,0.00299835205078125,0.0040051937103271484
19,10,0.6,0.3,optimal,10,20,5,2.6666666666666665,10,27,5,2.6666666666666665,10,33,0,4.333333333333333,0.010858535766601562,0.0037992000579833984,0.003282308578491211
20,10,0.6,0.3,optimal,10,19,5,2.6666666666666665,10,26,5,2.6666666666666665,10,32,0,4.333333333333333,0.0031278133392333984,0.004422903060913086,0.0035600662231445312
21,10,0.6,0.3,optimal,10,22,5,2.6666666666666665,10,25,5,2.6666666666666665,10,32,0,4.333333333333333,0.0045163631439208984,0.003903627395629883,0.0031652450561523438
22,10,0.6,0.3,optimal,10,17,5,1.6666666666666667,10,23,5,1.6666666666666667,10,30,0,3.3333333333333335,0.0029973983764648438,0.003992319107055664,0.0045318603515625
23,10,0.6,0.3,optimal,10,21,5,2.3333333333333335,10,25,5,2.3333333333333335,10,31,0,4.0,0.00542140007019043,0.005002737045288086,0.004007816314697266
24,10,0.6,0.3,optimal,10,21,5,2.6666666666666665,10,28,5,2.6666666666666665,10,31,0,3.6666666666666665,0.0045130252838134766,0.005005359649658203,0.0045261383056640625
25,10,0.6,0.3,optimal,10,20,5,2.0,10,25,5,2.0,10,30,0,3.6666666666666665,0.004004240036010742,0.004521369934082031,0.0019996166229248047
26,10,0.6,0.3,optimal,10,18,5,2.3333333333333335,10,24,5,2.3333333333333335,10,31,0,4.0,0.003999233245849609,0.005006551742553711,0.0035207271575927734
27,10,0.6,0.3,optimal,10,22,5,3.0,10,27,5,3.0,10,34,0,4.666666666666667,0.0045413970947265625,0.0043125152587890625,0.004331350326538086
28,10,0.6,0.3,optimal,10,22,5,3.0,10,29,5,3.0,10,32,1,4.333333333333333,0.003508329391479492,0.00400233268737793,0.004530191421508789
29,10,0.6,0.3,optimal,10,21,5,2.0,10,24,5,2.0,10,30,0,3.6666666666666665,0.005554676055908203,0.005014181137084961,0.0029993057250976562
30,10,0.6,0.3,optimal,10,21,5,3.0,10,27,5,3.0,10,31,0,4.333333333333333,0.004509687423706055,0.003518342971801758,0.0035080909729003906
31,10,0.6,0.3,optimal,10,24,5,3.6666666666666665,10,28,5,3.6666666666666665,10,34,0,4.666666666666667,0.004517555236816406,0.00498652458190918,0.004004001617431641
32,10,0.6,0.3,optimal,10,19,5,2.6666666666666665,10,26,5,2.6666666666666665,10,32,0,4.333333333333333,0.004546642303466797,0.00418400764465332,0.00400543212890625
33,10,0.6,0.3,optimal,10,20,5,3.3333333333333335,10,28,5,3.3333333333333335,10,33,0,4.666666666666667,0.0039980411529541016,0.004468679428100586,0.004529476165771484
34,10,0.6,0.3,optimal,10,19,5,2.0,10,24,5,2.0,10,29,0,3.6666666666666665,0.0030641555786132812,0.003544330596923828,0.003015279769897461
35,10,0.6,0.3,optimal,10,23,5,3.0,10,28,5,3.0,10,34,0,4.666666666666667,0.004475593566894531,0.00498199462890625,0.0040929317474365234
36,10,0.6,0.3,optimal,10,23,5,2.6666666666666665,10,27,5,2.6666666666666665,10,32,0,4.0,0.0029969215393066406,0.005008220672607422,0.004517555236816406
37,10,0.6,0.3,optimal,10,19,5,2.6666666666666665,10,27,5,2.6666666666666665,10,32,0,4.333333333333333,0.0040094852447509766,0.005541086196899414,0.002371549606323242
38,10,0.6,0.3,optimal,10,22,5,3.0,10,27,5,3.0,10,33,0,4.333333333333333,0.0035295486450195312,0.003998279571533203,0.003022432327270508
39,10,0.6,0.3,optimal,10,21,5,2.0,10,25,5,2.0,10,31,0,3.6666666666666665,0.003995656967163086,0.005530357360839844,0.004017353057861328
40,10,0.6,0.3,optimal,10,21,5,2.3333333333333335,10,26,5,2.3333333333333335,10,31,0,4.0,0.003244161605834961,0.004546165466308594,0.0039980411529541016
41,10,0.6,0.3,optimal,10,23,5,2.6666666666666665,10,26,5,2.6666666666666665,10,32,0,4.333333333333333,0.005006074905395508,0.0045261383056640625,0.0039980411529541016
42,10,0.6,0.3,optimal,10,20,5,2.0,10,24,5,2.0,10,30,0,3.6666666666666665,0.0023882389068603516,0.005535602569580078,0.003997087478637695
43,10,0.6,0.3,optimal,10,18,5,2.0,10,25,5,2.0,10,31,0,3.6666666666666665,0.003996372222900391,0.004003763198852539,0.00452113151550293
44,10,0.6,0.3,optimal,10,22,5,3.0,10,26,5,3.0,10,29,0,4.333333333333333,0.0032739639282226562,0.0040171146392822266,0.003024578094482422
45,10,0.6,0.3,optimal,10,20,5,2.6666666666666665,10,27,5,2.6666666666666665,10,31,0,4.0,0.004021167755126953,0.004590034484863281,0.0029828548431396484
46,10,0.6,0.3,optimal,10,22,5,3.3333333333333335,10,28,5,3.3333333333333335,10,33,0,4.666666666666667,0.007411956787109375,0.011150121688842773,0.006982088088989258
47,10,0.6,0.3,optimal,10,20,5,2.6666666666666665,10,26,5,2.6666666666666665,10,32,0,4.0,0.009724855422973633,0.005018472671508789,0.0035054683685302734
48,10,0.6,0.3,optimal,10,21,5,2.6666666666666665,10,27,5,2.6666666666666665,10,33,0,4.333333333333333,0.005984306335449219,0.006060600280761719,0.0035467147827148438
49,10,0.6,0.3,optimal,10,23,5,3.0,10,26,5,3.0,10,33,0,4.333333333333333,0.004532337188720703,0.006000995635986328,0.0045490264892578125
50,10,0.6,0.3,optimal,10,20,5,3.3333333333333335,10,29,5,3.3333333333333335,10,31,1,4.333333333333333,0.004531383514404297,0.0049974918365478516,0.004004240036010742
51,10,0.6,0.3,optimal,10,19,5,2.0,10,24,5,2.0,10,29,0,3.6666666666666665,0.003503561019897461,0.004001140594482422,0.0035152435302734375
52,10,0.6,0.3,optimal,10,20,5,2.6666666666666665,10,26,5,2.6666666666666665,10,30,1,3.3333333333333335,0.004997968673706055,0.00452113151550293,0.0029964447021484375
53,10,0.6,0.3,optimal,10,27,5,3.6666666666666665,10,30,5,3.6666666666666665,10,33,0,5.0,0.005554914474487305,0.005921602249145508,0.00304412841796875
54,10,0.6,0.3,optimal,10,21,5,2.3333333333333335,10,26,5,2.3333333333333335,10,31,0,3.6666666666666665,0.004513740539550781,0.00499415397644043,0.0035250186920166016
55,10,0.6,0.3,optimal,10,20,5,2.3333333333333335,10,25,5,2.3333333333333335,10,31,0,3.6666666666666665,0.00479578971862793,0.004565238952636719,0.0030243396759033203
56,10,0.6,0.3,optimal,10,17,5,2.3333333333333335,10,26,5,2.3333333333333335,10,30,0,3.6666666666666665,0.008554697036743164,0.008000373840332031,0.004003286361694336
57,10,0.6,0.3,optimal,10,18,5,2.3333333333333335,10,27,5,2.3333333333333335,10,30,1,3.6666666666666665,0.0035109519958496094,0.005005359649658203,0.0045337677001953125
58,10,0.6,0.3,optimal,10,17,5,2.3333333333333335,10,27,5,2.3333333333333335,10,31,0,4.0,0.004017829895019531,0.005118370056152344,0.008779525756835938
59,10,0.6,0.3,optimal,10,22,5,2.3333333333333335,10,27,5,2.3333333333333335,10,31,0,3.6666666666666665,0.003997325897216797,0.005007266998291016,0.004506826400756836
60,10,0.6,0.3,optimal,10,22,5,2.6666666666666665,10,27,5,2.6666666666666665,10,31,1,3.6666666666666665,0.004097461700439453,0.00400233268737793,0.004565000534057617
61,10,0.6,0.3,optimal,10,23,5,2.6666666666666665,10,26,5,2.6666666666666665,10,32,0,4.333333333333333,0.0035135746002197266,0.005018949508666992,0.0046045780181884766
62,10,0.6,0.3,optimal,10,24,5,3.0,10,29,5,3.0,10,33,0,4.666666666666667,0.004522562026977539,0.0050029754638671875,0.004016399383544922
63,10,0.6,0.3,optimal,10,22,5,2.6666666666666665,10,27,5,2.6666666666666665,10,32,0,4.0,0.004996776580810547,0.0040204524993896484,0.0036172866821289062
64,10,0.6,0.3,optimal,10,19,5,3.0,10,25,5,3.0,10,31,0,4.666666666666667,0.004542350769042969,0.005393266677856445,0.004034519195556641
65,10,0.6,0.3,optimal,10,20,5,2.6666666666666665,10,26,5,2.6666666666666665,10,32,0,4.333333333333333,0.0040090084075927734,0.004515409469604492,0.0034406185150146484
66,10,0.6,0.3,optimal,10,17,5,2.0,10,24,5,2.0,10,30,0,3.6666666666666665,0.004103660583496094,0.004375457763671875,0.004319906234741211
67,10,0.6,0.3,optimal,10,23,5,2.6666666666666665,10,26,5,2.6666666666666665,10,30,0,4.0,0.005006313323974609,0.004527568817138672,0.0040073394775390625
68,10,0.6,0.3,optimal,10,22,5,2.3333333333333335,10,27,5,2.3333333333333335,10,31,0,3.6666666666666665,0.00586247444152832,0.0065305233001708984,0.005692481994628906
69,10,0.6,0.3,optimal,10,25,5,3.6666666666666665,10,28,5,3.6666666666666665,10,34,0,4.666666666666667,0.005537748336791992,0.004508495330810547,0.0035109519958496094
70,10,0.6,0.3,optimal,10,22,5,2.0,10,25,5,2.0,10,30,0,3.3333333333333335,0.0030059814453125,0.005319833755493164,0.004105567932128906
71,10,0.6,0.3,optimal,10,24,5,3.0,10,28,5,3.0,10,32,0,4.333333333333333,0.005001544952392578,0.0030181407928466797,0.003996133804321289
72,10,0.6,0.3,optimal,10,24,5,3.0,10,28,5,3.0,10,33,0,4.333333333333333,0.003996133804321289,0.005522012710571289,0.003995656967163086
73,10,0.6,0.3,optimal,10,19,5,2.0,10,25,5,2.0,10,30,0,3.6666666666666665,0.004507303237915039,0.004993438720703125,0.004529714584350586
74,10,0.6,0.3,optimal,10,24,5,2.6666666666666665,10,28,5,2.6666666666666665,10,31,0,4.0,0.0035293102264404297,0.00506591796875,0.0045130252838134766
75,10,0.6,0.3,optimal,10,24,5,3.0,10,29,5,3.0,10,34,0,4.666666666666667,0.004464387893676758,0.00521540641784668,0.003507375717163086
76,10,0.6,0.3,optimal,10,21,5,3.0,10,27,5,3.0,10,32,1,4.333333333333333,0.005002498626708984,0.0050084590911865234,0.0035085678100585938
77,10,0.6,0.3,optimal,10,21,5,2.3333333333333335,10,25,5,2.3333333333333335,10,31,0,4.0,0.004034519195556641,0.003880023956298828,0.0035026073455810547
78,10,0.6,0.3,optimal,10,16,5,2.0,10,26,5,2.0,10,31,0,3.6666666666666665,0.0045011043548583984,0.0033180713653564453,0.0035588741302490234
79,10,0.6,0.3,optimal,10,21,5,2.6666666666666665,10,28,5,2.6666666666666665,10,33,0,4.333333333333333,0.004508018493652344,0.0049991607666015625,0.0030155181884765625
80,10,0.6,0.3,optimal,10,22,5,2.3333333333333335,10,27,5,2.3333333333333335,10,31,0,3.6666666666666665,0.004014730453491211,0.004513978958129883,0.003998279571533203
81,10,0.6,0.3,optimal,10,21,5,2.3333333333333335,10,24,5,2.3333333333333335,10,31,0,4.0,0.005003690719604492,0.006454944610595703,0.0032949447631835938
82,10,0.6,0.3,optimal,10,20,5,2.0,10,25,5,2.0,10,29,0,3.6666666666666665,0.003999948501586914,0.004003763198852539,0.003500223159790039
83,10,0.6,0.3,optimal,10,23,5,2.6666666666666665,10,26,5,2.6666666666666665,10,31,0,4.0,0.0045201778411865234,0.004004716873168945,0.003005504608154297
84,10,0.6,0.3,optimal,10,19,5,2.3333333333333335,10,25,5,2.3333333333333335,10,31,1,3.6666666666666665,0.003998756408691406,0.005006551742553711,0.00452876091003418
85,10,0.6,0.3,optimal,10,24,5,3.0,10,28,5,3.0,10,32,0,4.333333333333333,0.004030942916870117,0.0044939517974853516,0.003568887710571289
86,10,0.6,0.3,optimal,10,24,5,2.3333333333333335,10,26,5,2.3333333333333335,10,31,0,3.6666666666666665,0.005681037902832031,0.0069768428802490234,0.0031805038452148438
87,10,0.6,0.3,optimal,10,16,5,1.6666666666666667,10,25,5,1.6666666666666667,10,29,0,3.0,0.0045659542083740234,0.004375934600830078,0.002984285354614258
88,10,0.6,0.3,optimal,10,21,5,2.6666666666666665,10,26,5,2.6666666666666665,10,33,0,4.333333333333333,0.0035300254821777344,0.003451824188232422,0.004000663757324219
89,10,0.6,0.3,optimal,10,19,5,2.0,10,24,5,2.0,10,29,0,3.0,0.0040111541748046875,0.004652976989746094,0.0036118030548095703
90,10,0.6,0.3,optimal,10,18,5,1.6666666666666667,10,24,5,1.6666666666666667,10,29,0,3.3333333333333335,0.0045583248138427734,0.004511833190917969,0.0030095577239990234
91,10,0.6,0.3,optimal,10,22,5,2.6666666666666665,10,28,5,2.6666666666666665,10,31,0,4.333333333333333,0.004999876022338867,0.006537914276123047,0.003509044647216797
92,10,0.6,0.3,optimal,10,20,5,2.3333333333333335,10,27,5,2.3333333333333335,10,32,0,4.0,0.005018949508666992,0.004606485366821289,0.003999948501586914
93,10,0.6,0.3,optimal,10,22,5,3.0,10,28,5,3.0,10,31,0,4.666666666666667,0.004705667495727539,0.003992795944213867,0.0030062198638916016
94,10,0.6,0.3,optimal,10,24,5,2.6666666666666665,10,27,5,2.6666666666666665,10,32,0,4.333333333333333,0.003512144088745117,0.004001140594482422,0.004013538360595703
95,10,0.6,0.3,optimal,10,22,5,3.0,10,28,5,3.0,10,33,0,4.333333333333333,0.00350189208984375,0.005024909973144531,0.0035462379455566406
96,10,0.6,0.3,optimal,10,20,5,2.3333333333333335,10,27,5,2.3333333333333335,10,32,0,4.0,0.004057645797729492,0.003265857696533203,0.004530191421508789
97,10,0.6,0.3,optimal,10,19,5,2.0,10,23,5,2.0,10,29,1,3.3333333333333335,0.0035212039947509766,0.00400233268737793,0.003990888595581055
98,10,0.6,0.3,optimal,10,16,5,2.0,10,24,5,2.0,10,31,0,3.6666666666666665,0.005527019500732422,0.0050048828125,0.004013776779174805
99,10,0.6,0.3,optimal,10,19,5,2.0,10,26,5,2.0,10,31,0,3.6666666666666665,0.004519939422607422,0.0039975643157958984,0.004006385803222656
0,10,0.6,0.5,optimal,10,21,5,2.3333333333333335,10,26,5,2.3333333333333335,10,32,0,4.0,0.00399470329284668,0.0052280426025390625,0.0030465126037597656
1,10,0.6,0.5,optimal,10,25,5,2.6666666666666665,10,28,5,2.6666666666666665,10,33,0,4.333333333333333,0.00400090217590332,0.0029981136322021484,0.004528522491455078
2,10,0.6,0.5,optimal,10,19,5,1.6666666666666667,10,25,5,1.6666666666666667,10,30,0,3.3333333333333335,0.004019975662231445,0.004358053207397461,0.004667997360229492
3,10,0.6,0.5,optimal,10,27,5,3.0,10,28,5,3.0,10,32,0,4.333333333333333,0.0045201778411865234,0.005500078201293945,0.0029981136322021484
4,10,0.6,0.5,optimal,10,22,5,2.3333333333333335,10,27,5,2.3333333333333335,10,32,0,4.0,0.005538463592529297,0.0045015811920166016,0.0029976367950439453
5,10,0.6,0.5,optimal,10,21,5,2.3333333333333335,10,27,5,2.3333333333333335,10,32,0,4.0,0.0029985904693603516,0.00403141975402832,0.003997802734375
6,10,0.6,0.5,optimal,10,23,5,2.6666666666666665,10,28,5,2.6666666666666665,10,32,0,4.333333333333333,0.00407099723815918,0.005203962326049805,0.005440473556518555
7,10,0.6,0.5,optimal,10,26,5,3.0,10,29,5,3.0,10,33,0,4.333333333333333,0.005575418472290039,0.006251811981201172,0.005019426345825195
8,10,0.6,0.5,optimal,10,18,5,2.0,10,26,5,2.0,10,31,0,3.6666666666666665,0.0037221908569335938,0.003983497619628906,0.005591392517089844
9,10,0.6,0.5,optimal,10,25,5,2.3333333333333335,10,27,5,2.3333333333333335,10,32,0,4.0,0.004029750823974609,0.004071235656738281,0.004624843597412109
10,10,0.6,0.5,optimal,10,20,5,2.0,10,26,5,2.0,10,31,0,3.6666666666666665,0.0058481693267822266,0.00690913200378418,0.0035305023193359375
11,10,0.6,0.5,optimal,10,23,5,2.6666666666666665,10,27,5,2.6666666666666665,10,33,0,4.333333333333333,0.004527091979980469,0.0029821395874023438,0.004812717437744141
12,10,0.6,0.5,optimal,10,22,5,2.3333333333333335,10,27,5,2.3333333333333335,10,32,0,4.0,0.004534721374511719,0.0049896240234375,0.004120349884033203
13,10,0.6,0.5,optimal,10,20,5,2.3333333333333335,10,27,5,2.3333333333333335,10,32,0,4.0,0.003996372222900391,0.004525184631347656,0.005997896194458008
14,10,0.6,0.5,optimal,10,20,5,2.3333333333333335,10,27,5,2.3333333333333335,10,32,0,4.0,0.004012584686279297,0.004014730453491211,0.004003763198852539
15,10,0.6,0.5,optimal,10,24,5,2.3333333333333335,10,27,5,2.3333333333333335,10,32,0,4.0,0.004778623580932617,0.006359100341796875,0.003000497817993164
16,10,0.6,0.5,optimal,10,19,5,2.6666666666666665,10,28,5,2.6666666666666665,10,33,0,4.333333333333333,0.004513978958129883,0.005677938461303711,0.004501819610595703
17,10,0.6,0.5,optimal,10,21,5,2.0,10,26,5,2.0,10,31,0,3.6666666666666665,0.0030252933502197266,0.004514217376708984,0.003994941711425781
18,10,0.6,0.5,optimal,10,23,5,2.0,10,26,5,2.0,10,30,0,3.3333333333333335,0.0050165653228759766,0.0055103302001953125,0.003002643585205078
19,10,0.6,0.5,optimal,10,22,5,2.6666666666666665,10,28,5,2.6666666666666665,10,33,0,4.333333333333333,0.0035452842712402344,0.00403141975402832,0.004174947738647461
20,10,0.6,0.5,optimal,10,20,5,2.6666666666666665,10,28,5,2.6666666666666665,10,33,0,4.333333333333333,0.004002094268798828,0.0034613609313964844,0.003004312515258789
21,10,0.6,0.5,optimal,10,25,5,2.6666666666666665,10,27,5,2.6666666666666665,10,33,0,4.333333333333333,0.003808259963989258,0.004001140594482422,0.0046901702880859375
22,10,0.6,0.5,optimal,10,20,5,1.6666666666666667,10,25,5,1.6666666666666667,10,30,0,3.3333333333333335,0.00400233268737793,0.004998922348022461,0.003530740737915039
23,10,0.6,0.5,optimal,10,23,5,2.3333333333333335,10,27,5,2.3333333333333335,10,32,0,4.0,0.004476070404052734,0.0037059783935546875,0.003040313720703125
24,10,0.6,0.5,optimal,10,24,5,2.6666666666666665,10,28,5,2.6666666666666665,10,33,0,4.333333333333333,0.004548311233520508,0.005076885223388672,0.0036613941192626953
25,10,0.6,0.5,optimal,10,22,5,2.0,10,25,5,2.0,10,30,0,3.3333333333333335,0.003515481948852539,0.004024028778076172,0.003063201904296875
26,10,0.6,0.5,optimal,10,21,5,2.3333333333333335,10,27,5,2.3333333333333335,10,32,0,4.0,0.005084991455078125,0.00554203987121582,0.0033113956451416016
27,10,0.6,0.5,optimal,10,25,5,3.0,10,27,5,3.0,10,34,0,4.666666666666667,0.004099607467651367,0.004023075103759766,0.003017902374267578
28,10,0.6,0.5,optimal,10,25,5,3.0,10,29,5,3.0,10,32,1,4.333333333333333,0.004275321960449219,0.005755424499511719,0.0029840469360351562
29,10,0.6,0.5,optimal,10,23,5,2.0,10,25,5,2.0,10,30,0,3.6666666666666665,0.005005598068237305,0.0035212039947509766,0.003996372222900391
30,10,0.6,0.5,optimal,10,21,5,3.0,10,29,5,3.0,10,34,0,4.666666666666667,0.004248380661010742,0.004504680633544922,0.004446744918823242
31,10,0.6,0.5,optimal,10,26,5,3.6666666666666665,10,31,5,3.6666666666666665,10,35,0,5.0,0.004513740539550781,0.012337207794189453,0.006515026092529297
32,10,0.6,0.5,optimal,10,22,5,2.6666666666666665,10,27,5,2.6666666666666665,10,33,0,4.333333333333333,0.0035200119018554688,0.005005836486816406,0.004520893096923828
33,10,0.6,0.5,optimal,10,23,5,3.3333333333333335,10,29,5,3.3333333333333335,10,35,0,5.0,0.004013776779174805,0.003509044647216797,0.003000497817993164
34,10,0.6,0.5,optimal,10,22,5,2.0,10,26,5,2.0,10,31,0,3.6666666666666665,0.003999948501586914,0.005846261978149414,0.004358053207397461
35,10,0.6,0.5,optimal,10,25,5,3.0,10,29,5,3.0,10,34,0,4.666666666666667,0.003171682357788086,0.00301361083984375,0.004426479339599609
36,10,0.6,0.5,optimal,10,24,5,2.6666666666666665,10,27,5,2.6666666666666665,10,32,0,4.0,0.003999948501586914,0.004030942916870117,0.0035123825073242188
37,10,0.6,0.5,optimal,10,20,5,2.6666666666666665,10,28,5,2.6666666666666665,10,33,0,4.333333333333333,0.004350900650024414,0.004354953765869141,0.0029799938201904297
38,10,0.6,0.5,optimal,10,26,5,3.0,10,29,5,3.0,10,34,0,4.666666666666667,0.0030350685119628906,0.0034101009368896484,0.004656553268432617
39,10,0.6,0.5,optimal,10,22,5,2.0,10,26,5,2.0,10,31,0,3.6666666666666665,0.0035207271575927734,0.0050089359283447266,0.0045163631439208984
40,10,0.6,0.5,optimal,10,22,5,2.3333333333333335,10,27,5,2.3333333333333335,10,32,0,4.0,0.0040171146392822266,0.0035047531127929688,0.003995418548583984
41,10,0.6,0.5,optimal,10,23,5,2.6666666666666665,10,28,5,2.6666666666666665,10,33,0,4.333333333333333,0.004546165466308594,0.0055255889892578125,0.0035386085510253906
42,10,0.6,0.5,optimal,10,21,5,2.0,10,25,5,2.0,10,31,0,3.6666666666666665,0.0029532909393310547,0.004496097564697266,0.003518819808959961
43,10,0.6,0.5,optimal,10,21,5,2.0,10,25,5,2.0,10,31,0,3.6666666666666665,0.003987312316894531,0.0045223236083984375,0.0032494068145751953
44,10,0.6,0.5,optimal,10,23,5,3.0,10,29,5,3.0,10,33,0,4.333333333333333,0.0055196285247802734,0.004998922348022461,0.004521846771240234
45,10,0.6,0.5,optimal,10,24,5,2.6666666666666665,10,28,5,2.6666666666666665,10,32,0,4.0,0.0045015811920166016,0.005002498626708984,0.00452876091003418
46,10,0.6,0.5,optimal,10,23,5,3.3333333333333335,10,30,5,3.3333333333333335,10,35,0,5.0,0.004533290863037109,0.0047283172607421875,0.003790140151977539
47,10,0.6,0.5,optimal,10,22,5,2.6666666666666665,10,27,5,2.6666666666666665,10,33,0,4.333333333333333,0.003636598587036133,0.0033080577850341797,0.002982616424560547
48,10,0.6,0.5,optimal,10,21,5,2.6666666666666665,10,28,5,2.6666666666666665,10,33,0,4.333333333333333,0.00399327278137207,0.004022121429443359,0.003186464309692383
49,10,0.6,0.5,optimal,10,25,5,3.0,10,29,5,3.0,10,34,0,4.666666666666667,0.0035293102264404297,0.004983425140380859,0.0029854774475097656
50,10,0.6,0.5,optimal,10,20,5,3.3333333333333335,10,29,5,3.3333333333333335,10,34,0,4.666666666666667,0.004535675048828125,0.004524946212768555,0.0041697025299072266
51,10,0.6,0.5,optimal,10,22,5,2.0,10,26,5,2.0,10,31,0,3.6666666666666665,0.003981113433837891,0.00546717643737793,0.005003929138183594
52,10,0.6,0.5,optimal,10,25,5,2.6666666666666665,10,28,5,2.6666666666666665,10,33,0,4.333333333333333,0.004004955291748047,0.004514932632446289,0.003371000289916992
53,10,0.6,0.5,optimal,10,28,5,3.6666666666666665,10,31,5,3.6666666666666665,10,35,1,5.0,0.0037343502044677734,0.005570411682128906,0.004018306732177734
54,10,0.6,0.5,optimal,10,21,5,2.3333333333333335,10,27,5,2.3333333333333335,10,32,0,4.0,0.004513263702392578,0.005344390869140625,0.0035512447357177734
55,10,0.6,0.5,optimal,10,23,5,2.3333333333333335,10,27,5,2.3333333333333335,10,32,0,4.0,0.004003047943115234,0.0035195350646972656,0.0029985904693603516
56,10,0.6,0.5,optimal,10,19,5,2.3333333333333335,10,27,5,2.3333333333333335,10,32,0,4.0,0.003991603851318359,0.004520893096923828,0.0029993057250976562
57,10,0.6,0.5,optimal,10,20,5,2.3333333333333335,10,27,5,2.3333333333333335,10,32,0,4.0,0.005315065383911133,0.0050733089447021484,0.0035605430603027344
58,10,0.6,0.5,optimal,10,20,5,2.3333333333333335,10,27,5,2.3333333333333335,10,32,0,4.0,0.003999233245849609,0.0050275325775146484,0.0055391788482666016
59,10,0.6,0.5,optimal,10,24,5,2.3333333333333335,10,27,5,2.3333333333333335,10,32,0,4.0,0.0046274662017822266,0.00501251220703125,0.0035445690155029297
60,10,0.6,0.5,optimal,10,25,5,2.6666666666666665,10,28,5,2.6666666666666665,10,33,0,4.333333333333333,0.005549430847167969,0.004507541656494141,0.002997875213623047
61,10,0.6,0.5,optimal,10,23,5,2.6666666666666665,10,28,5,2.6666666666666665,10,33,0,4.333333333333333,0.004617214202880859,0.00419306755065918,0.004517078399658203
62,10,0.6,0.5,optimal,10,24,5,3.0,10,29,5,3.0,10,34,0,4.666666666666667,0.00455021858215332,0.014554977416992188,0.007020235061645508
63,10,0.6,0.5,optimal,10,25,5,2.6666666666666665,10,28,5,2.6666666666666665,10,33,0,4.333333333333333,0.004504203796386719,0.003998517990112305,0.0035109519958496094
64,10,0.6,0.5,optimal,10,21,5,3.0,10,28,5,3.0,10,33,0,4.333333333333333,0.0030171871185302734,0.00436711311340332,0.004113435745239258
65,10,0.6,0.5,optimal,10,24,5,2.6666666666666665,10,28,5,2.6666666666666665,10,33,0,4.333333333333333,0.005929231643676758,0.0041484832763671875,0.004734992980957031
66,10,0.6,0.5,optimal,10,20,5,2.0,10,25,5,2.0,10,31,0,3.6666666666666665,0.01235508918762207,0.014718055725097656,0.011848926544189453
67,10,0.6,0.5,optimal,10,26,5,2.6666666666666665,10,28,5,2.6666666666666665,10,33,0,4.333333333333333,0.0043182373046875,0.005466938018798828,0.004351615905761719
68,10,0.6,0.5,optimal,10,24,5,2.3333333333333335,10,27,5,2.3333333333333335,10,32,0,4.0,0.004023075103759766,0.004395484924316406,0.0034012794494628906
69,10,0.6,0.5,optimal,10,26,5,3.6666666666666665,10,29,5,3.6666666666666665,10,35,0,5.0,0.0048215389251708984,0.006881237030029297,0.012068748474121094
70,10,0.6,0.5,optimal,10,23,5,2.0,10,25,5,2.0,10,31,0,3.6666666666666665,0.003515005111694336,0.004994869232177734,0.0034694671630859375
71,10,0.6,0.5,optimal,10,25,5,3.0,10,28,5,3.0,10,33,0,4.333333333333333,0.00400090217590332,0.0030660629272460938,0.0039958953857421875
72,10,0.6,0.5,optimal,10,26,5,3.0,10,29,5,3.0,10,33,0,4.333333333333333,0.004242658615112305,0.00593113899230957,0.003998279571533203
73,10,0.6,0.5,optimal,10,23,5,2.0,10,25,5,2.0,10,31,0,3.6666666666666665,0.0034477710723876953,0.003960371017456055,0.004261493682861328
74,10,0.6,0.5,optimal,10,24,5,2.6666666666666665,10,28,5,2.6666666666666665,10,33,0,4.333333333333333,0.003998994827270508,0.004625558853149414,0.003322124481201172
75,10,0.6,0.5,optimal,10,25,5,3.0,10,29,5,3.0,10,34,0,4.666666666666667,0.003386974334716797,0.011306285858154297,0.004093647003173828
76,10,0.6,0.5,optimal,10,22,5,3.0,10,28,5,3.0,10,34,0,4.666666666666667,0.0037119388580322266,0.0054280757904052734,0.003533601760864258
77,10,0.6,0.5,optimal,10,22,5,2.3333333333333335,10,27,5,2.3333333333333335,10,32,0,4.0,0.003993988037109375,0.005041360855102539,0.003548860549926758
78,10,0.6,0.5,optimal,10,22,5,2.0,10,26,5,2.0,10,31,0,3.6666666666666665,0.004399776458740234,0.005130767822265625,0.003507852554321289
79,10,0.6,0.5,optimal,10,24,5,2.6666666666666665,10,28,5,2.6666666666666665,10,33,0,4.333333333333333,0.0037436485290527344,0.004857778549194336,0.0035190582275390625
80,10,0.6,0.5,optimal,10,22,5,2.3333333333333335,10,27,5,2.3333333333333335,10,32,0,4.0,0.003340005874633789,0.00561833381652832,0.004374980926513672
81,10,0.6,0.5,optimal,10,21,5,2.3333333333333335,10,25,5,2.3333333333333335,10,31,0,4.0,0.011978864669799805,0.006791591644287109,0.006033182144165039
82,10,0.6,0.5,optimal,10,22,5,2.0,10,26,5,2.0,10,30,0,3.3333333333333335,0.004492282867431641,0.004877328872680664,0.0035386085510253906
83,10,0.6,0.5,optimal,10,24,5,2.6666666666666665,10,26,5,2.6666666666666665,10,32,0,4.333333333333333,0.00400233268737793,0.005523681640625,0.005173206329345703
84,10,0.6,0.5,optimal,10,25,5,2.3333333333333335,10,27,5,2.3333333333333335,10,31,1,3.6666666666666665,0.0045261383056640625,0.0046291351318359375,0.006131887435913086
85,10,0.6,0.5,optimal,10,24,5,3.0,10,29,5,3.0,10,34,0,4.666666666666667,0.004004716873168945,0.005159139633178711,0.003995418548583984
86,10,0.6,0.5,optimal,10,25,5,2.3333333333333335,10,26,5,2.3333333333333335,10,32,0,4.0,0.00400543212890625,0.005151033401489258,0.00407719612121582
87,10,0.6,0.5,optimal,10,20,5,1.6666666666666667,10,25,5,1.6666666666666667,10,30,0,3.3333333333333335,0.004010200500488281,0.00542759895324707,0.0035223960876464844
88,10,0.6,0.5,optimal,10,23,5,2.6666666666666665,10,28,5,2.6666666666666665,10,33,0,4.333333333333333,0.005349636077880859,0.004976034164428711,0.004339694976806641
89,10,0.6,0.5,optimal,10,21,5,2.0,10,26,5,2.0,10,31,0,3.6666666666666665,0.002998828887939453,0.003512859344482422,0.0030024051666259766
90,10,0.6,0.5,optimal,10,18,5,1.6666666666666667,10,25,5,1.6666666666666667,10,29,1,3.0,0.004107236862182617,0.003572225570678711,0.004002571105957031
91,10,0.6,0.5,optimal,10,22,5,2.6666666666666665,10,28,5,2.6666666666666665,10,33,0,4.333333333333333,0.005534172058105469,0.004003763198852539,0.0028755664825439453
92,10,0.6,0.5,optimal,10,22,5,2.3333333333333335,10,27,5,2.3333333333333335,10,32,0,4.0,0.0040094852447509766,0.005524396896362305,0.0030007362365722656
93,10,0.6,0.5,optimal,10,26,5,3.0,10,29,5,3.0,10,33,0,4.666666666666667,0.0045435428619384766,0.004525661468505859,0.0029976367950439453
94,10,0.6,0.5,optimal,10,24,5,2.6666666666666665,10,27,5,2.6666666666666665,10,32,0,4.333333333333333,0.004528045654296875,0.004004716873168945,0.0030121803283691406
95,10,0.6,0.5,optimal,10,22,5,3.0,10,29,5,3.0,10,34,0,4.666666666666667,0.004147052764892578,0.003996610641479492,0.0040340423583984375
96,10,0.6,0.5,optimal,10,22,5,2.3333333333333335,10,27,5,2.3333333333333335,10,32,0,4.0,0.005011558532714844,0.005014181137084961,0.004525423049926758
97,10,0.6,0.5,optimal,10,22,5,2.0,10,26,5,2.0,10,31,0,3.6666666666666665,0.0050165653228759766,0.008118152618408203,0.005097627639770508
98,10,0.6,0.5,optimal,10,21,5,2.0,10,25,5,2.0,10,31,0,3.6666666666666665,0.004010438919067383,0.004904270172119141,0.0035562515258789062
99,10,0.6,0.5,optimal,10,20,5,2.0,10,26,5,2.0,10,31,0,3.6666666666666665,0.004508018493652344,0.0052912235260009766,0.010006427764892578
0,10,0.6,0.7,optimal,10,23,5,2.3333333333333335,10,27,5,2.3333333333333335,10,32,0,4.0,0.003999948501586914,0.005194187164306641,0.004456758499145508
1,10,0.6,0.7,optimal,10,25,5,2.6666666666666665,10,28,5,2.6666666666666665,10,33,0,4.333333333333333,0.004069805145263672,0.0050241947174072266,0.0035593509674072266
2,10,0.6,0.7,optimal,10,20,5,1.6666666666666667,10,25,5,1.6666666666666667,10,30,0,3.3333333333333335,0.005536317825317383,0.0045435428619384766,0.002999544143676758
3,10,0.6,0.7,optimal,10,28,5,3.0,10,29,5,3.0,10,34,0,4.666666666666667,0.004015207290649414,0.004998683929443359,0.004004478454589844
4,10,0.6,0.7,optimal,10,24,5,2.3333333333333335,10,27,5,2.3333333333333335,10,32,0,4.0,0.0045166015625,0.0032508373260498047,0.0035185813903808594
5,10,0.6,0.7,optimal,10,23,5,2.3333333333333335,10,27,5,2.3333333333333335,10,32,0,4.0,0.0042057037353515625,0.0045623779296875,0.010710954666137695
6,10,0.6,0.7,optimal,10,26,5,2.6666666666666665,10,28,5,2.6666666666666665,10,32,0,4.0,0.004016876220703125,0.004556417465209961,0.004018068313598633
7,10,0.6,0.7,optimal,10,26,5,3.0,10,29,5,3.0,10,34,0,4.666666666666667,0.004522800445556641,0.005011558532714844,0.003300905227661133
8,10,0.6,0.7,optimal,10,22,5,2.0,10,26,5,2.0,10,31,0,3.6666666666666665,0.004518270492553711,0.004164218902587891,0.004073619842529297
9,10,0.6,0.7,optimal,10,26,5,2.3333333333333335,10,27,5,2.3333333333333335,10,32,0,4.0,0.0030202865600585938,0.0046770572662353516,0.0053253173828125
10,10,0.6,0.7,optimal,10,21,5,2.0,10,26,5,2.0,10,31,0,3.6666666666666665,0.003879070281982422,0.004522800445556641,0.004006385803222656
11,10,0.6,0.7,optimal,10,25,5,2.6666666666666665,10,28,5,2.6666666666666665,10,33,0,4.333333333333333,0.004022836685180664,0.004508018493652344,0.003002643585205078
12,10,0.6,0.7,optimal,10,24,5,2.3333333333333335,10,27,5,2.3333333333333335,10,32,0,4.0,0.01654338836669922,0.004121065139770508,0.0030264854431152344
13,10,0.6,0.7,optimal,10,23,5,2.3333333333333335,10,27,5,2.3333333333333335,10,32,0,4.0,0.0039174556732177734,0.003983497619628906,0.004232168197631836
14,10,0.6,0.7,optimal,10,22,5,2.3333333333333335,10,27,5,2.3333333333333335,10,32,0,4.0,0.004519462585449219,0.003989696502685547,0.003945112228393555
15,10,0.6,0.7,optimal,10,26,5,2.3333333333333335,10,27,5,2.3333333333333335,10,32,0,4.0,0.00401759147644043,0.004530906677246094,0.003995180130004883
16,10,0.6,0.7,optimal,10,21,5,2.6666666666666665,10,28,5,2.6666666666666665,10,33,0,4.333333333333333,0.0030007362365722656,0.004535198211669922,0.002837657928466797
17,10,0.6,0.7,optimal,10,23,5,2.0,10,26,5,2.0,10,31,0,3.6666666666666665,0.0035026073455810547,0.004996538162231445,0.00452876091003418
18,10,0.6,0.7,optimal,10,25,5,2.0,10,26,5,2.0,10,31,0,3.6666666666666665,0.004389047622680664,0.003292560577392578,0.004001617431640625
19,10,0.6,0.7,optimal,10,23,5,2.6666666666666665,10,28,5,2.6666666666666665,10,33,0,4.333333333333333,0.004000186920166016,0.004093170166015625,0.003523588180541992
20,10,0.6,0.7,optimal,10,20,5,2.6666666666666665,10,28,5,2.6666666666666665,10,33,0,4.333333333333333,0.0030698776245117188,0.0039119720458984375,0.003036975860595703
21,10,0.6,0.7,optimal,10,26,5,2.6666666666666665,10,28,5,2.6666666666666665,10,33,0,4.333333333333333,0.004882335662841797,0.00458073616027832,0.0029637813568115234
22,10,0.6,0.7,optimal,10,24,5,1.6666666666666667,10,25,5,1.6666666666666667,10,30,0,3.3333333333333335,0.0044934749603271484,0.004554271697998047,0.003933429718017578
23,10,0.6,0.7,optimal,10,25,5,2.3333333333333335,10,27,5,2.3333333333333335,10,32,0,4.0,0.0038836002349853516,0.003983259201049805,0.002996683120727539
24,10,0.6,0.7,optimal,10,26,5,2.6666666666666665,10,28,5,2.6666666666666665,10,33,0,4.333333333333333,0.004594564437866211,0.003019571304321289,0.0038754940032958984
25,10,0.6,0.7,optimal,10,24,5,2.0,10,26,5,2.0,10,31,0,3.6666666666666665,0.0047321319580078125,0.00418853759765625,0.00399470329284668
26,10,0.6,0.7,optimal,10,24,5,2.3333333333333335,10,27,5,2.3333333333333335,10,32,0,4.0,0.004029273986816406,0.004472017288208008,0.004083871841430664
27,10,0.6,0.7,optimal,10,26,5,3.0,10,29,5,3.0,10,34,0,4.666666666666667,0.004508495330810547,0.0039865970611572266,0.004075288772583008
28,10,0.6,0.7,optimal,10,27,5,3.0,10,29,5,3.0,10,34,0,4.666666666666667,0.005000114440917969,0.004610300064086914,0.004008293151855469
29,10,0.6,0.7,optimal,10,23,5,2.0,10,26,5,2.0,10,31,0,3.6666666666666665,0.004992008209228516,0.004984855651855469,0.0030879974365234375
30,10,0.6,0.7,optimal,10,25,5,3.0,10,29,5,3.0,10,34,0,4.666666666666667,0.00397944450378418,0.00399327278137207,0.0047113895416259766
31,10,0.6,0.7,optimal,10,29,5,3.6666666666666665,10,31,5,3.6666666666666665,10,35,0,5.0,0.003519773483276367,0.004998207092285156,0.004015445709228516
32,10,0.6,0.7,optimal,10,25,5,2.6666666666666665,10,28,5,2.6666666666666665,10,33,0,4.333333333333333,0.004235267639160156,0.003271341323852539,0.0034987926483154297
33,10,0.6,0.7,optimal,10,24,5,3.3333333333333335,10,30,5,3.3333333333333335,10,35,0,5.0,0.003510713577270508,0.0033719539642333984,0.010648250579833984
34,10,0.6,0.7,optimal,10,22,5,2.0,10,26,5,2.0,10,31,0,3.6666666666666665,0.0035126209259033203,0.0040683746337890625,0.00401759147644043
35,10,0.6,0.7,optimal,10,27,5,3.0,10,29,5,3.0,10,34,0,4.666666666666667,0.004575252532958984,0.005324840545654297,0.004163026809692383
36,10,0.6,0.7,optimal,10,26,5,2.6666666666666665,10,28,5,2.6666666666666665,10,33,0,4.333333333333333,0.006991863250732422,0.008505582809448242,0.005200624465942383
37,10,0.6,0.7,optimal,10,23,5,2.6666666666666665,10,28,5,2.6666666666666665,10,33,0,4.333333333333333,0.004506587982177734,0.003993988037109375,0.003015279769897461
38,10,0.6,0.7,optimal,10,28,5,3.0,10,29,5,3.0,10,34,0,4.666666666666667,0.0036149024963378906,0.00463557243347168,0.0029997825622558594
39,10,0.6,0.7,optimal,10,24,5,2.0,10,26,5,2.0,10,31,0,3.6666666666666665,0.004591941833496094,0.004124164581298828,0.0033135414123535156
40,10,0.6,0.7,optimal,10,22,5,2.3333333333333335,10,27,5,2.3333333333333335,10,32,0,4.0,0.0038013458251953125,0.003509044647216797,0.004201412200927734
41,10,0.6,0.7,optimal,10,25,5,2.6666666666666665,10,28,5,2.6666666666666665,10,33,0,4.333333333333333,0.004538774490356445,0.00438237190246582,0.002536296844482422
42,10,0.6,0.7,optimal,10,24,5,2.0,10,26,5,2.0,10,31,0,3.6666666666666665,0.0010006427764892578,0.004549741744995117,0.0045719146728515625
43,10,0.6,0.7,optimal,10,26,5,2.0,10,26,5,2.0,10,31,0,3.6666666666666665,0.005487918853759766,0.0056972503662109375,0.004325389862060547
44,10,0.6,0.7,optimal,10,26,5,3.0,10,29,5,3.0,10,34,0,4.666666666666667,0.0040111541748046875,0.004868268966674805,0.00404810905456543
45,10,0.6,0.7,optimal,10,25,5,2.6666666666666665,10,28,5,2.6666666666666665,10,33,0,4.333333333333333,0.00398564338684082,0.0046579837799072266,0.004006862640380859
46,10,0.6,0.7,optimal,10,27,5,3.3333333333333335,10,30,5,3.3333333333333335,10,35,0,5.0,0.004013776779174805,0.004225254058837891,0.012333869934082031
47,10,0.6,0.7,optimal,10,23,5,2.6666666666666665,10,28,5,2.6666666666666665,10,33,0,4.333333333333333,0.0043222904205322266,0.005235910415649414,0.0029845237731933594
48,10,0.6,0.7,optimal,10,25,5,2.6666666666666665,10,28,5,2.6666666666666665,10,33,0,4.333333333333333,0.0049915313720703125,0.0032303333282470703,0.002978086471557617
49,10,0.6,0.7,optimal,10,28,5,3.0,10,29,5,3.0,10,34,0,4.666666666666667,0.004993438720703125,0.004595041275024414,0.003008604049682617
50,10,0.6,0.7,optimal,10,23,5,3.3333333333333335,10,29,5,3.3333333333333335,10,35,0,5.0,0.004558563232421875,0.005675792694091797,0.004169940948486328
51,10,0.6,0.7,optimal,10,23,5,2.0,10,26,5,2.0,10,31,0,3.6666666666666665,0.0039997100830078125,0.004527568817138672,0.003990650177001953
52,10,0.6,0.7,optimal,10,27,5,2.6666666666666665,10,28,5,2.6666666666666665,10,33,0,4.333333333333333,0.0039844512939453125,0.003993988037109375,0.0030150413513183594
53,10,0.6,0.7,optimal,10,29,5,3.6666666666666665,10,31,5,3.6666666666666665,10,35,0,5.0,0.004233598709106445,0.0042781829833984375,0.004416227340698242
54,10,0.6,0.7,optimal,10,23,5,2.3333333333333335,10,27,5,2.3333333333333335,10,32,0,4.0,0.004001617431640625,0.0050258636474609375,0.003605365753173828
55,10,0.6,0.7,optimal,10,23,5,2.3333333333333335,10,27,5,2.3333333333333335,10,32,0,4.0,0.003611326217651367,0.0039958953857421875,0.004014730453491211
56,10,0.6,0.7,optimal,10,22,5,2.3333333333333335,10,27,5,2.3333333333333335,10,32,0,4.0,0.004000425338745117,0.004015207290649414,0.004534244537353516
57,10,0.6,0.7,optimal,10,22,5,2.3333333333333335,10,27,5,2.3333333333333335,10,32,0,4.0,0.005035400390625,0.004221677780151367,0.00454258918762207
58,10,0.6,0.7,optimal,10,21,5,2.3333333333333335,10,27,5,2.3333333333333335,10,32,0,4.0,0.005925416946411133,0.004920244216918945,0.003001689910888672
59,10,0.6,0.7,optimal,10,27,5,2.3333333333333335,10,27,5,2.3333333333333335,10,32,0,4.0,0.006016969680786133,0.006280422210693359,0.0040035247802734375
60,10,0.6,0.7,optimal,10,26,5,2.6666666666666665,10,28,5,2.6666666666666665,10,33,0,4.333333333333333,0.004399538040161133,0.005955696105957031,0.005526065826416016
61,10,0.6,0.7,optimal,10,25,5,2.6666666666666665,10,28,5,2.6666666666666665,10,33,0,4.333333333333333,0.0055162906646728516,0.0029973983764648438,0.0030059814453125
62,10,0.6,0.7,optimal,10,27,5,3.0,10,29,5,3.0,10,34,0,4.666666666666667,0.005539894104003906,0.0039844512939453125,0.011113882064819336
63,10,0.6,0.7,optimal,10,25,5,2.6666666666666665,10,28,5,2.6666666666666665,10,33,0,4.333333333333333,0.00399470329284668,0.004733085632324219,0.003995180130004883
64,10,0.6,0.7,optimal,10,24,5,3.0,10,28,5,3.0,10,33,0,4.666666666666667,0.003981590270996094,0.004781246185302734,0.004662275314331055
65,10,0.6,0.7,optimal,10,24,5,2.6666666666666665,10,28,5,2.6666666666666665,10,33,0,4.333333333333333,0.0035219192504882812,0.003536701202392578,0.0040743350982666016
66,10,0.6,0.7,optimal,10,21,5,2.0,10,26,5,2.0,10,31,0,3.6666666666666665,0.0039823055267333984,0.004530668258666992,0.0042798519134521484
67,10,0.6,0.7,optimal,10,28,5,2.6666666666666665,10,28,5,2.6666666666666665,10,33,0,4.333333333333333,0.003994941711425781,0.005951881408691406,0.003103971481323242
68,10,0.6,0.7,optimal,10,26,5,2.3333333333333335,10,27,5,2.3333333333333335,10,32,0,4.0,0.003557443618774414,0.005025625228881836,0.003416776657104492
69,10,0.6,0.7,optimal,10,27,5,3.6666666666666665,10,31,5,3.6666666666666665,10,35,0,5.0,0.0044841766357421875,0.004004240036010742,0.003655672073364258
70,10,0.6,0.7,optimal,10,26,5,2.0,10,26,5,2.0,10,31,0,3.6666666666666665,0.0045223236083984375,0.004868507385253906,0.003518342971801758
71,10,0.6,0.7,optimal,10,26,5,3.0,10,29,5,3.0,10,34,0,4.666666666666667,0.005036115646362305,0.004529476165771484,0.003000020980834961
72,10,0.6,0.7,optimal,10,28,5,3.0,10,29,5,3.0,10,34,0,4.666666666666667,0.018753528594970703,0.006091117858886719,0.0040187835693359375
73,10,0.6,0.7,optimal,10,25,5,2.0,10,26,5,2.0,10,31,0,3.6666666666666665,0.003987550735473633,0.0049288272857666016,0.008565664291381836
74,10,0.6,0.7,optimal,10,26,5,2.6666666666666665,10,28,5,2.6666666666666665,10,33,0,4.333333333333333,0.0035305023193359375,0.004982709884643555,0.0038063526153564453
75,10,0.6,0.7,optimal,10,28,5,3.0,10,29,5,3.0,10,34,0,4.666666666666667,0.003998279571533203,0.005528926849365234,0.003509521484375
76,10,0.6,0.7,optimal,10,24,5,3.0,10,29,5,3.0,10,34,0,4.666666666666667,0.004064083099365234,0.0029916763305664062,0.003532886505126953
77,10,0.6,0.7,optimal,10,23,5,2.3333333333333335,10,27,5,2.3333333333333335,10,32,0,4.0,0.005527973175048828,0.004488945007324219,0.004419565200805664
78,10,0.6,0.7,optimal,10,23,5,2.0,10,26,5,2.0,10,31,0,3.6666666666666665,0.004515647888183594,0.004998922348022461,0.004026174545288086
79,10,0.6,0.7,optimal,10,25,5,2.6666666666666665,10,28,5,2.6666666666666665,10,33,0,4.333333333333333,0.003003358840942383,0.005127668380737305,0.0045354366302490234
80,10,0.6,0.7,optimal,10,23,5,2.3333333333333335,10,27,5,2.3333333333333335,10,32,0,4.0,0.003513813018798828,0.006634712219238281,0.003537893295288086
81,10,0.6,0.7,optimal,10,23,5,2.3333333333333335,10,27,5,2.3333333333333335,10,32,0,4.0,0.0034983158111572266,0.02010655403137207,0.004507780075073242
82,10,0.6,0.7,optimal,10,23,5,2.0,10,26,5,2.0,10,31,0,3.6666666666666665,0.002974271774291992,0.004516124725341797,0.003996610641479492
83,10,0.6,0.7,optimal,10,26,5,2.6666666666666665,10,28,5,2.6666666666666665,10,33,0,4.333333333333333,0.005006551742553711,0.003902435302734375,0.004409313201904297
84,10,0.6,0.7,optimal,10,25,5,2.3333333333333335,10,27,5,2.3333333333333335,10,31,0,3.6666666666666665,0.004522800445556641,0.003999948501586914,0.004008293151855469
85,10,0.6,0.7,optimal,10,26,5,3.0,10,29,5,3.0,10,34,0,4.666666666666667,0.005011558532714844,0.004553318023681641,0.0029845237731933594
86,10,0.6,0.7,optimal,10,26,5,2.3333333333333335,10,27,5,2.3333333333333335,10,32,0,4.0,0.00400233268737793,0.0040149688720703125,0.0034978389739990234
87,10,0.6,0.7,optimal,10,22,5,1.6666666666666667,10,25,5,1.6666666666666667,10,30,0,3.3333333333333335,0.004078865051269531,0.004548788070678711,0.003996849060058594
88,10,0.6,0.7,optimal,10,24,5,2.6666666666666665,10,28,5,2.6666666666666665,10,33,0,4.333333333333333,0.0048980712890625,0.003001689910888672,0.004372835159301758
89,10,0.6,0.7,optimal,10,21,5,2.0,10,26,5,2.0,10,31,0,3.6666666666666665,0.004278659820556641,0.006163835525512695,0.003538846969604492
90,10,0.6,0.7,optimal,10,22,5,1.6666666666666667,10,25,5,1.6666666666666667,10,30,0,3.3333333333333335,0.004227876663208008,0.005536556243896484,0.004008293151855469
91,10,0.6,0.7,optimal,10,24,5,2.6666666666666665,10,28,5,2.6666666666666665,10,33,0,4.333333333333333,0.005674600601196289,0.005086183547973633,0.004224300384521484
92,10,0.6,0.7,optimal,10,26,5,2.3333333333333335,10,27,5,2.3333333333333335,10,32,0,4.0,0.003999471664428711,0.004527091979980469,0.00499272346496582
93,10,0.6,0.7,optimal,10,27,5,3.0,10,29,5,3.0,10,34,0,4.666666666666667,0.0040056705474853516,0.005519866943359375,0.004513263702392578
94,10,0.6,0.7,optimal,10,24,5,2.6666666666666665,10,28,5,2.6666666666666665,10,33,0,4.333333333333333,0.004561662673950195,0.004738330841064453,0.003857851028442383
95,10,0.6,0.7,optimal,10,24,5,3.0,10,29,5,3.0,10,34,0,4.666666666666667,0.00400543212890625,0.01922774314880371,0.003522157669067383
96,10,0.6,0.7,optimal,10,26,5,2.3333333333333335,10,27,5,2.3333333333333335,10,32,0,4.0,0.004003763198852539,0.004602909088134766,0.0040438175201416016
97,10,0.6,0.7,optimal,10,23,5,2.0,10,26,5,2.0,10,31,0,3.6666666666666665,0.004007577896118164,0.001999378204345703,0.004005908966064453
98,10,0.6,0.7,optimal,10,21,5,2.0,10,26,5,2.0,10,31,0,3.6666666666666665,0.004003047943115234,0.00552678108215332,0.002998828887939453
99,10,0.6,0.7,optimal,10,20,5,2.0,10,26,5,2.0,10,31,0,3.6666666666666665,0.003984928131103516,0.004267454147338867,0.004656076431274414
